-- MySQL dump 10.13  Distrib 5.7.12, for Win64 (x86_64)
--
-- Host: localhost    Database: epammsm
-- ------------------------------------------------------
-- Server version	5.7.12-log

/*!40101 SET @OLD_CHARACTER_SET_CLIENT=@@CHARACTER_SET_CLIENT */;
/*!40101 SET @OLD_CHARACTER_SET_RESULTS=@@CHARACTER_SET_RESULTS */;
/*!40101 SET @OLD_COLLATION_CONNECTION=@@COLLATION_CONNECTION */;
/*!40101 SET NAMES utf8 */;
/*!40103 SET @OLD_TIME_ZONE=@@TIME_ZONE */;
/*!40103 SET TIME_ZONE='+00:00' */;
/*!40014 SET @OLD_UNIQUE_CHECKS=@@UNIQUE_CHECKS, UNIQUE_CHECKS=0 */;
/*!40014 SET @OLD_FOREIGN_KEY_CHECKS=@@FOREIGN_KEY_CHECKS, FOREIGN_KEY_CHECKS=0 */;
/*!40101 SET @OLD_SQL_MODE=@@SQL_MODE, SQL_MODE='NO_AUTO_VALUE_ON_ZERO' */;
/*!40111 SET @OLD_SQL_NOTES=@@SQL_NOTES, SQL_NOTES=0 */;

--
-- Table structure for table `address`
--

DROP TABLE IF EXISTS `address`;
/*!40101 SET @saved_cs_client     = @@character_set_client */;
/*!40101 SET character_set_client = utf8 */;
CREATE TABLE `address` (
  `ID` int(11) NOT NULL,
  `DESCRIPTION` varchar(128) DEFAULT NULL,
  `ADDRESS` varchar(128) DEFAULT NULL,
  `ADDRESSLINE2` varchar(128) DEFAULT NULL,
  `CITY` varchar(128) DEFAULT NULL,
  `STATE` varchar(2) DEFAULT NULL,
  `COUNTRY` varchar(128) DEFAULT NULL,
  `COUNTY` varchar(128) DEFAULT NULL,
  `ZIPCODE` varchar(10) DEFAULT NULL,
  `PHONE` varchar(11) DEFAULT NULL,
  `FAX` varchar(11) DEFAULT NULL,
  `TOLLFREEPHONE` varchar(11) DEFAULT NULL,
  `EMERGENCYPHONE` varchar(11) DEFAULT NULL,
  `ATTENTIONLINE` varchar(128) DEFAULT NULL,
  `TIMEZONE` varchar(128) DEFAULT NULL,
  `SHIPPINGFLAG` varchar(1) DEFAULT NULL,
  `CREATEDDATETIME` datetime DEFAULT NULL,
  `MODIFIEDDATETIME` datetime DEFAULT NULL,
  `CREATEDBY` varchar(128) DEFAULT NULL,
  `LASTMODIFIEDBY` varchar(128) DEFAULT NULL,
  `FK_ID_ORGANIZATION` int(11) DEFAULT NULL,
  `FK_ID_ORGANIZATION02` int(11) DEFAULT NULL,
  PRIMARY KEY (`ID`),
  KEY `ADDRESS_PHONE1_95250` (`PHONE`),
  KEY `ADDRESS_CITY_95200` (`CITY`),
  KEY `ADDRESS_STATE_95210` (`STATE`),
  KEY `ADDRESS_ZIPCODE_95240` (`ZIPCODE`),
  KEY `ADDRESS_FK_IDORGANIZATION10316` (`FK_ID_ORGANIZATION`),
  KEY `ADDRESS_FK_IDORGANIZATI0210317` (`FK_ID_ORGANIZATION02`)
) ENGINE=InnoDB DEFAULT CHARSET=utf8;
/*!40101 SET character_set_client = @saved_cs_client */;

--
-- Dumping data for table `address`
--

LOCK TABLES `address` WRITE;
/*!40000 ALTER TABLE `address` DISABLE KEYS */;
INSERT INTO `address` VALUES (1,NULL,NULL,NULL,NULL,NULL,'USA',NULL,NULL,NULL,NULL,NULL,NULL,NULL,NULL,NULL,NULL,NULL,NULL,NULL,NULL,10),(2,NULL,NULL,NULL,NULL,NULL,'USA',NULL,NULL,NULL,NULL,NULL,NULL,NULL,NULL,NULL,NULL,NULL,NULL,NULL,NULL,8),(3,NULL,NULL,NULL,NULL,NULL,'USA',NULL,NULL,NULL,NULL,NULL,NULL,NULL,NULL,NULL,NULL,NULL,NULL,NULL,NULL,11),(4,NULL,NULL,NULL,NULL,NULL,'USA',NULL,NULL,NULL,NULL,NULL,NULL,NULL,NULL,NULL,NULL,NULL,NULL,NULL,NULL,12),(5,NULL,NULL,NULL,NULL,NULL,'USA',NULL,NULL,NULL,NULL,NULL,NULL,NULL,NULL,NULL,NULL,NULL,NULL,NULL,NULL,13),(9,NULL,NULL,NULL,NULL,NULL,'USA',NULL,NULL,NULL,NULL,NULL,NULL,NULL,NULL,NULL,NULL,NULL,NULL,NULL,NULL,NULL),(11,NULL,NULL,NULL,NULL,NULL,'USA',NULL,NULL,NULL,NULL,NULL,NULL,NULL,NULL,NULL,NULL,NULL,NULL,NULL,NULL,18),(12,NULL,'44 Next Street',NULL,'Northfield','IL','USA',NULL,'60039',NULL,NULL,'8002285635',NULL,NULL,NULL,NULL,NULL,NULL,NULL,NULL,NULL,19),(13,NULL,'',NULL,'',NULL,'USA',NULL,'',NULL,NULL,'',NULL,NULL,NULL,NULL,NULL,NULL,NULL,NULL,NULL,20),(14,NULL,'723 W. Algonquin Road',NULL,'Arlington Heights','IL','USA',NULL,'60005',NULL,NULL,'8003621855',NULL,NULL,NULL,NULL,NULL,NULL,NULL,NULL,NULL,21),(15,NULL,NULL,NULL,NULL,NULL,'USA',NULL,NULL,NULL,NULL,NULL,NULL,NULL,NULL,NULL,NULL,NULL,NULL,NULL,NULL,22),(16,NULL,NULL,NULL,NULL,NULL,'USA',NULL,NULL,NULL,NULL,NULL,NULL,NULL,NULL,NULL,NULL,NULL,NULL,NULL,NULL,9),(17,NULL,NULL,NULL,NULL,NULL,'USA',NULL,NULL,NULL,NULL,NULL,NULL,NULL,NULL,NULL,NULL,NULL,NULL,NULL,NULL,NULL),(18,NULL,NULL,NULL,NULL,NULL,'USA',NULL,NULL,NULL,NULL,NULL,NULL,NULL,NULL,NULL,NULL,NULL,NULL,NULL,NULL,NULL),(19,NULL,NULL,NULL,NULL,NULL,'USA',NULL,NULL,NULL,NULL,NULL,NULL,NULL,NULL,NULL,NULL,NULL,NULL,NULL,NULL,NULL),(20,NULL,NULL,NULL,NULL,NULL,'USA',NULL,NULL,NULL,NULL,NULL,NULL,NULL,NULL,NULL,NULL,NULL,NULL,NULL,NULL,NULL);
/*!40000 ALTER TABLE `address` ENABLE KEYS */;
UNLOCK TABLES;

--
-- Table structure for table `color`
--

DROP TABLE IF EXISTS `color`;
/*!40101 SET @saved_cs_client     = @@character_set_client */;
/*!40101 SET character_set_client = utf8 */;
CREATE TABLE `color` (
  `ID` int(11) NOT NULL,
  `NAME` varchar(32) NOT NULL,
  `RGB` varchar(6) NOT NULL,
  `C` int(11) DEFAULT NULL,
  `M` int(11) DEFAULT NULL,
  `Y` int(11) DEFAULT NULL,
  `K` int(11) DEFAULT NULL,
  `PANTONE` varchar(32) DEFAULT NULL,
  `FK_ID_SUBREGISTRANT` int(11) NOT NULL,
  PRIMARY KEY (`ID`),
  UNIQUE KEY `UCOLOR_ID_930930` (`ID`),
  KEY `COLOR_NAME_930940` (`NAME`),
  KEY `COLOR_FK_ID_SUBREGISTRANT_940340` (`FK_ID_SUBREGISTRANT`)
) ENGINE=InnoDB DEFAULT CHARSET=utf8;
/*!40101 SET character_set_client = @saved_cs_client */;

--
-- Dumping data for table `color`
--

LOCK TABLES `color` WRITE;
/*!40000 ALTER TABLE `color` DISABLE KEYS */;
INSERT INTO `color` VALUES (1,'Red','ff0000',NULL,NULL,NULL,NULL,NULL,1),(2,'Blue','0000ff',NULL,NULL,NULL,NULL,'pan-68',1),(3,'Green','00ff00',NULL,NULL,NULL,NULL,NULL,1),(4,'Yellow','ffff00',NULL,NULL,NULL,NULL,NULL,1);
/*!40000 ALTER TABLE `color` ENABLE KEYS */;
UNLOCK TABLES;

--
-- Table structure for table `domainvalue`
--

DROP TABLE IF EXISTS `domainvalue`;
/*!40101 SET @saved_cs_client     = @@character_set_client */;
/*!40101 SET character_set_client = utf8 */;
CREATE TABLE `domainvalue` (
  `DOMAINVALUE_TOKEN` int(11) NOT NULL,
  `INTERNALINTEGERVALUE` int(11) DEFAULT NULL,
  `INTERNALSTRINGVALUE` varchar(128) DEFAULT NULL,
  `SYSTEMREQUIRED` varchar(1) DEFAULT NULL,
  `EXTERNALDESCRIPTION` varchar(128) DEFAULT NULL,
  `AUTOSEQ` int(11) DEFAULT NULL,
  `FK_ID_Z_DOMAIN` int(11) NOT NULL,
  PRIMARY KEY (`DOMAINVALUE_TOKEN`),
  KEY `DOMAINVALUE_FK_ID_ZDOMAIN10466` (`FK_ID_Z_DOMAIN`)
) ENGINE=InnoDB DEFAULT CHARSET=utf8;
/*!40101 SET character_set_client = @saved_cs_client */;

--
-- Dumping data for table `domainvalue`
--

LOCK TABLES `domainvalue` WRITE;
/*!40000 ALTER TABLE `domainvalue` DISABLE KEYS */;
/*!40000 ALTER TABLE `domainvalue` ENABLE KEYS */;
UNLOCK TABLES;

--
-- Table structure for table `epa_applicationtype`
--

DROP TABLE IF EXISTS `epa_applicationtype`;
/*!40101 SET @saved_cs_client     = @@character_set_client */;
/*!40101 SET character_set_client = utf8 */;
CREATE TABLE `epa_applicationtype` (
  `ID` int(11) NOT NULL,
  `NAME` varchar(254) NOT NULL,
  `AUTOSEQ` int(11) DEFAULT NULL,
  `FK_ID_EPA_CHEMICALFAMILY` int(11) NOT NULL,
  PRIMARY KEY (`ID`),
  KEY `EPAAPPLICATIONTYPEFKIDEPA10304` (`FK_ID_EPA_CHEMICALFAMILY`)
) ENGINE=InnoDB DEFAULT CHARSET=utf8;
/*!40101 SET character_set_client = @saved_cs_client */;

--
-- Dumping data for table `epa_applicationtype`
--

LOCK TABLES `epa_applicationtype` WRITE;
/*!40000 ALTER TABLE `epa_applicationtype` DISABLE KEYS */;
INSERT INTO `epa_applicationtype` VALUES (1,'Disinfectant',1,1),(2,'Sanitizer',2,1),(3,'Viruscide',3,1),(4,'Fungicide',4,1),(5,'Algaecide',5,1),(6,'General Purpose Anti-microbial',6,1),(7,'Tuberculocide',7,1);
/*!40000 ALTER TABLE `epa_applicationtype` ENABLE KEYS */;
UNLOCK TABLES;

--
-- Table structure for table `epa_chemicalfamily`
--

DROP TABLE IF EXISTS `epa_chemicalfamily`;
/*!40101 SET @saved_cs_client     = @@character_set_client */;
/*!40101 SET character_set_client = utf8 */;
CREATE TABLE `epa_chemicalfamily` (
  `ID` int(11) NOT NULL,
  `NAME` varchar(254) NOT NULL,
  `DESCRIPTION` varchar(254) DEFAULT NULL,
  `CHEMICALFAMILY` varchar(2) NOT NULL,
  `FK_ID_EPAMMS` int(11) NOT NULL,
  PRIMARY KEY (`ID`),
  KEY `EPACHEMICALFAMILYFKIDEPAM10302` (`FK_ID_EPAMMS`)
) ENGINE=InnoDB DEFAULT CHARSET=utf8;
/*!40101 SET character_set_client = @saved_cs_client */;

--
-- Dumping data for table `epa_chemicalfamily`
--

LOCK TABLES `epa_chemicalfamily` WRITE;
/*!40000 ALTER TABLE `epa_chemicalfamily` DISABLE KEYS */;
INSERT INTO `epa_chemicalfamily` VALUES (1,'MAQUAT 256-NHQ','One Step Disinfectant\r\nGermicidal Detergent and Deodorant','DQ',1);
/*!40000 ALTER TABLE `epa_chemicalfamily` ENABLE KEYS */;
UNLOCK TABLES;

--
-- Table structure for table `epa_claim`
--

DROP TABLE IF EXISTS `epa_claim`;
/*!40101 SET @saved_cs_client     = @@character_set_client */;
/*!40101 SET character_set_client = utf8 */;
CREATE TABLE `epa_claim` (
  `ID` int(11) NOT NULL,
  `CLAIMSCLASSIFICATION` varchar(16) DEFAULT NULL,
  `NAME` varchar(254) NOT NULL,
  `AUTOSEQ` int(11) DEFAULT NULL,
  `FK_ID_EPA_CHEMICALFAMILY` int(11) NOT NULL,
  PRIMARY KEY (`ID`),
  KEY `EPACLAIMFKIDEPACHEMICALFA10386` (`FK_ID_EPA_CHEMICALFAMILY`)
) ENGINE=InnoDB DEFAULT CHARSET=utf8;
/*!40101 SET character_set_client = @saved_cs_client */;

--
-- Dumping data for table `epa_claim`
--

LOCK TABLES `epa_claim` WRITE;
/*!40000 ALTER TABLE `epa_claim` DISABLE KEYS */;
INSERT INTO `epa_claim` VALUES (1,'Viruses','*Adenovirus Type 4',1,1),(2,'Viruses','*Hepatitis B Virus (HBV)',2,1),(3,'Viruses','*Hepatitis C Virus (HCV)',3,1),(4,'Viruses','*Herpes Simplex Type 1',4,1),(5,'Viruses','*Herpes Simplex Type 2',5,1),(6,'Viruses','*Human coronavirus ',6,1),(7,'Viruses','*HIV-1 (AIDS virus)',7,1),(8,'Viruses','*Influenza A/ Hong Kong',8,1),(9,'Viruses','*Respiratory Syncytial Virus (RSV)',9,1),(10,'Viruses','*Rubella (German Measles)',10,1),(11,'Viruses','*Vaccinia [Pox virus]',11,1),(12,'Viruses','*Avian polyomavirus',12,1),(13,'Viruses','*Canine distemper',13,1),(14,'Viruses','*Canine parvovirus- at 2 oz. per gallon',14,1),(15,'Viruses','*Feline leukemia',15,1),(16,'Viruses','*Feline picomavirus',16,1),(17,'Viruses','*Infectious bovine rhinotracheitis',17,1),(18,'Viruses','*Infectious bronchitis (Avian IBV)',18,1),(19,'Viruses','*Pseudorabies (PRV)',19,1),(20,'Viruses','*Rabies',20,1),(21,NULL,'*Transmissible gastroenteritis virus (TGE)',21,1),(22,'Fungi','Aspergillus niger',22,1),(23,'Fungi','Candida albicans',23,1),(24,'Fungi','Trichophyton mentagrophytes [Athlete\'s Foot Fungus]',24,1),(25,NULL,'[a cause of Ringworm] [a cause of Ringworm of the foot]',25,1),(84,NULL,'                    (1)  ATCC & antibiotic-resistant strain',55,1),(173,'Bacteria','                    (2)  antibiotic-resistant strain only',27,1),(174,'Bacteria','Pseudomonas aeruginosa (1)',28,1),(175,'Bacteria','Staphylococcus aureus (1)',29,1),(176,'Bacteria','Salmonella choleraesuis ',30,1),(177,'Bacteria','Acinetobacter calcoaceticus',31,1),(178,'Bacteria','Bordetella bronchiseptica',32,1),(179,'Bacteria','Chlamydia psittaci',33,1),(180,'Bacteria','Enterobacter aerogenes',34,1),(181,'Bacteria','Enterobacter cloacae',35,1),(182,'Bacteria','Enterococcus faecalis- Vancomycin Resistant (VRE)',36,1),(183,'Bacteria','Escherichia coli (1)',37,1),(184,'Bacteria','Fusobacterium necrophorum',38,1),(185,'Bacteria','Kiebsiella pneumoniae (1)',39,1),(186,'Bacteria','Legionella pneumophilia',40,1),(187,'Bacteria','Listeria monocytogenes',41,1),(188,'Bacteria','Pasteurella multocida ',42,1),(189,'Bacteria','Proteus mirabilis',43,1),(190,'Bacteria','Proteus vulgaris',44,1),(191,'Bacteria','Salmonella enteritidis',45,1),(192,'Bacteria','Salmonella typhi',46,1),(193,'Bacteria','Salmonella typhimurium',47,1),(194,'Bacteria','Serratia marcescens',48,1),(195,'Bacteria','Shigella fiexneri',49,1),(196,'Bacteria','Shigella sonnei',50,1),(197,'Bacteria','Staphylococcus aureus- Methicillin resistant (MRSA)',51,1),(198,'Bacteria','Staphylococcus aureus- Vancomycin Intermediate Resistant (VISA)',52,1),(199,'Bacteria','Staphylococcus epidermidis (2)',53,1),(200,'Bacteria','Streptococcus faecalis (1)',54,1),(201,'Bacteria','Steptococcus pyogenes [cause of Scarlet fever]',55,1),(202,'Bacteria','Pseudomonas aeruginosa (1)',56,1),(203,'Bacteria','Staphylococcus aureus (1)',57,1),(204,'Bacteria','Salmonella choleraesuis ',58,1),(205,'Bacteria','Acinetobacter calcoaceticus',59,1),(206,'Bacteria','Bordetella bronchiseptica',60,1),(207,'Bacteria','Chlamydia psittaci',61,1),(208,'Bacteria','Enterobacter aerogenes',62,1),(209,'Bacteria','Enterobacter cloacae',63,1),(210,'Bacteria','Enterococcus faecalis- Vancomycin Resistant (VRE)',64,1),(211,'Bacteria','Escherichia coli (1)',65,1),(212,'Bacteria','Fusobacterium necrophorum',66,1),(213,'Bacteria','Kiebsiella pneumoniae (1)',67,1),(214,'Bacteria','Legionella pneumophilia',68,1),(215,'Bacteria','Listeria monocytogenes',69,1),(216,'Bacteria','Pasteurella multocida ',70,1),(217,'Bacteria','Proteus mirabilis',71,1),(218,'Bacteria','Proteus vulgaris',72,1),(219,'Bacteria','Salmonella enteritidis',73,1),(220,'Bacteria','Salmonella typhi',74,1),(221,'Bacteria','Salmonella typhimurium',75,1),(222,'Bacteria','Serratia marcescens',76,1),(223,'Bacteria','Shigella fiexneri',77,1),(224,'Bacteria','Shigella sonnei',78,1),(225,'Bacteria','Staphylococcus aureus- Methicillin resistant (MRSA)',79,1),(226,'Bacteria','Staphylococcus aureus- Vancomycin Intermediate Resistant (VISA)',80,1),(227,'Bacteria','Staphylococcus epidermidis (2)',81,1),(228,'Bacteria','Streptococcus faecalis (1)',82,1),(229,'Bacteria','Steptococcus pyogenes [cause of Scarlet fever]',83,1),(230,'Bacteria','Pseudomonas aeruginosa (1)',84,1),(231,'Bacteria','Staphylococcus aureus (1)',85,1),(232,'Bacteria','Salmonella choleraesuis ',86,1),(233,'Bacteria','Acinetobacter calcoaceticus',87,1),(234,'Bacteria','Bordetella bronchiseptica',88,1),(235,'Bacteria','Chlamydia psittaci',89,1),(236,'Bacteria','Enterobacter aerogenes',90,1),(237,'Bacteria','Enterobacter cloacae',91,1),(238,'Bacteria','Enterococcus faecalis- Vancomycin Resistant (VRE)',92,1),(239,'Bacteria','Escherichia coli (1)',93,1),(240,'Bacteria','Fusobacterium necrophorum',94,1),(241,'Bacteria','Kiebsiella pneumoniae (1)',95,1),(242,'Bacteria','Legionella pneumophilia',96,1),(243,'Bacteria','Listeria monocytogenes',97,1),(244,'Bacteria','Pasteurella multocida ',98,1),(245,'Bacteria','Proteus mirabilis',99,1),(246,'Bacteria','Proteus vulgaris',100,1),(247,'Bacteria','Salmonella enteritidis',101,1),(248,'Bacteria','Salmonella typhi',102,1),(249,'Bacteria','Salmonella typhimurium',103,1),(250,'Bacteria','Serratia marcescens',104,1),(251,'Bacteria','Shigella fiexneri',105,1),(252,'Bacteria','Shigella sonnei',106,1),(253,'Bacteria','Staphylococcus aureus- Methicillin resistant (MRSA)',107,1),(254,'Bacteria','Staphylococcus aureus- Vancomycin Intermediate Resistant (VISA)',108,1),(255,'Bacteria','Staphylococcus epidermidis (2)',109,1),(256,'Bacteria','Streptococcus faecalis (1)',110,1),(257,NULL,'Steptococcus pyogenes [cause of Scarlet fever]',111,1);
/*!40000 ALTER TABLE `epa_claim` ENABLE KEYS */;
UNLOCK TABLES;

--
-- Table structure for table `epa_location`
--

DROP TABLE IF EXISTS `epa_location`;
/*!40101 SET @saved_cs_client     = @@character_set_client */;
/*!40101 SET character_set_client = utf8 */;
CREATE TABLE `epa_location` (
  `ID` int(11) NOT NULL,
  `NAME` varchar(254) NOT NULL,
  `AUTOSEQ` int(11) DEFAULT NULL,
  `FK_ID_EPA_CHEMICALFAMILY` int(11) NOT NULL,
  PRIMARY KEY (`ID`),
  KEY `EPAAREAOFUSEFKIDEPACHEMIC10450` (`FK_ID_EPA_CHEMICALFAMILY`)
) ENGINE=InnoDB DEFAULT CHARSET=utf8;
/*!40101 SET character_set_client = @saved_cs_client */;

--
-- Dumping data for table `epa_location`
--

LOCK TABLES `epa_location` WRITE;
/*!40000 ALTER TABLE `epa_location` DISABLE KEYS */;
INSERT INTO `epa_location` VALUES (1,'Bathrooms',1,1),(2,'Homes (Households)',2,1),(3,'Kitchens',3,1),(4,'Dental Offices',4,1),(5,'Health Care Facilities',5,1),(6,'Hospitals',6,1),(7,'Medical Clinics',7,1),(8,'Medical Offices',8,1),(9,'Nursing Homes',9,1),(10,'Day Care Centers',10,1),(11,'Nurseries',11,1),(12,'Schools',12,1),(13,'Bars',13,1),(14,'Cafeterias',14,1),(15,'Convenience Stores',15,1),(16,'Food Processing Plants',16,1),(17,'Food Storage Areas',17,1),(18,'Institutional Kitchens',18,1),(19,'Restaurants',19,1),(20,'USDA Inspected Food Processing Facilities',20,1),(21,'Athletic Facilities',21,1),(22,'Barber Shops',22,1),(23,'Business and Office Buildings',23,1),(24,'Colleges',24,1),(25,'Commercial Institutions',25,1),(26,'Correctional Facilities',26,1),(27,'Factories',27,1),(28,'Hotels',28,1),(29,'Industrial Institutions',29,1),(30,'Institutional Facilities',30,1),(31,'Institutions',31,1),(32,'Laundry Industry',32,1),(33,'Locker Rooms',33,1),(34,'Morgues',34,1),(35,'Mortuaries',35,1),(36,'Motels',36,1),(37,'Office Buildings',37,1),(38,'Prisons',38,1),(39,'Public Facilities',39,1),(40,'Public Rest Rooms',40,1),(41,'Schools',41,1),(42,'Shower and Bath Areas',42,1),(43,'Salons (Beauty)',43,1),(44,'Tanning Salons',44,1),(45,'Whirlpool and Foot Spa Use',45,1),(46,'Camp Grounds',46,1),(47,'Playground Equipment',47,1),(48,'Protective Safety Gear',48,1),(49,'Animal Laboratories',49,1),(50,'Animal Life Science Laboratories',50,1),(51,'Dairy Farms',51,1),(52,'Equine Farms',52,1),(53,'Farms',53,1),(54,'Federally Inspected Meat and Poultry Plants',54,1),(55,'Funeral Homes',55,1),(56,'Hog Farms',56,1),(57,'Kennels',57,1),(58,'Mushroom Farms',58,1),(59,'Poultry Farms',59,1),(60,'Pet Animal Quarters',60,1),(61,'Pet Shops',61,1),(62,'Tack Shops',62,1),(63,'Turkey Farms',63,1),(64,'Verterinary Clinics',64,1),(65,'Zoos',65,1),(66,'Beverage Plants',66,1),(67,'Breeding and Grooming Establishments',67,1),(68,'Breweries',68,1),(69,'Carpeting',69,1),(70,'Citus Plants ',70,1),(71,'Airplanes',71,1),(72,'Airports',72,1),(73,'Automotive Industy',73,1),(74,'Boats',74,1),(75,'Buses',75,1),(76,'Campers',76,1),(77,'Cars',77,1),(78,'Emergency Vehicles',78,1),(79,'Mobile Homes',79,1),(80,'Recreational Vehicle Use',80,1),(81,'Ships',81,1),(82,'Taxis',82,1),(83,'Trailers',83,1),(84,'Trains',84,1),(85,'Transportation Terminals',85,1);
/*!40000 ALTER TABLE `epa_location` ENABLE KEYS */;
UNLOCK TABLES;

--
-- Table structure for table `epa_storagedisposal`
--

DROP TABLE IF EXISTS `epa_storagedisposal`;
/*!40101 SET @saved_cs_client     = @@character_set_client */;
/*!40101 SET character_set_client = utf8 */;
CREATE TABLE `epa_storagedisposal` (
  `ID` int(11) NOT NULL,
  `NAME` longtext NOT NULL,
  `DESCRIPTION` longtext,
  `z_VOLUME` double DEFAULT NULL,
  `UNITS` varchar(254) DEFAULT NULL,
  `AUTOSEQ` int(11) DEFAULT NULL,
  `FK_ID_EPA_CHEMICALFAMILY` int(11) NOT NULL,
  PRIMARY KEY (`ID`),
  KEY `EPASTORAGEDISPOSALFKIDEPA10449` (`FK_ID_EPA_CHEMICALFAMILY`)
) ENGINE=InnoDB DEFAULT CHARSET=utf8;
/*!40101 SET character_set_client = @saved_cs_client */;

--
-- Dumping data for table `epa_storagedisposal`
--

LOCK TABLES `epa_storagedisposal` WRITE;
/*!40000 ALTER TABLE `epa_storagedisposal` DISABLE KEYS */;
/*!40000 ALTER TABLE `epa_storagedisposal` ENABLE KEYS */;
UNLOCK TABLES;

--
-- Table structure for table `epa_surface`
--

DROP TABLE IF EXISTS `epa_surface`;
/*!40101 SET @saved_cs_client     = @@character_set_client */;
/*!40101 SET character_set_client = utf8 */;
CREATE TABLE `epa_surface` (
  `ID` int(11) NOT NULL,
  `NAME` varchar(254) NOT NULL,
  `AUTOSEQ` int(11) DEFAULT NULL,
  `FK_ID_EPA_CHEMICALFAMILY` int(11) NOT NULL,
  PRIMARY KEY (`ID`),
  KEY `EPASURFACEFKIDEPACHEMICAL10451` (`FK_ID_EPA_CHEMICALFAMILY`)
) ENGINE=InnoDB DEFAULT CHARSET=utf8;
/*!40101 SET character_set_client = @saved_cs_client */;

--
-- Dumping data for table `epa_surface`
--

LOCK TABLES `epa_surface` WRITE;
/*!40000 ALTER TABLE `epa_surface` DISABLE KEYS */;
INSERT INTO `epa_surface` VALUES (1,'Use Formulatin HWS-256 on washable hard',1,1),(2,'Appliances',2,1),(3,'Bathroom fixtures',3,1),(4,'Bathtubs (Fiberglass)',4,1),(5,'Cabinets',5,1),(6,'Cages',6,1),(7,'Chairs',7,1),(8,'Coils and drain pans of air conditioning and refrigeration equipment and heat pumps',8,1),(9,'Conductive flooring',9,1),(10,'Counters (countertops)',10,1),(11,'Countertop laminates',11,1),(12,'Desks',12,1),(13,'Doorknobs',13,1),(14,'Floors',14,1),(15,'Garbage cans',15,1),(16,'Highchairs',16,1),(17,'Kennel runs',17,1),(18,'Microwave ovens',18,1),(19,'Outdoor furniture',19,1),(20,'Refrigerators',20,1),(21,'Refrigerated storage and display equipment',21,1),(22,'Tanning Beds',22,1),(23,'Tanning Equipment',23,1),(24,'Telephones',24,1),(25,'Other hard nonporous surfaces made of:',25,1),(26,'Glazed ceramic',26,1),(27,'Glazed enameled surfaces',27,1),(28,'Laminated surfaces',28,1),(29,'Metal',29,1),(30,'Plastic (such as polystyrene or polypropylene)',30,1),(31,'Sealed granite',31,1),(32,'Sealed limestone',32,1),(33,'Sealed marble',33,1),(34,'Sealed slate',34,1),(35,'Sealed stone',35,1),(36,'Sealed terra cotta',36,1),(37,'Sealed terrazzo',37,1),(38,'Stainless steel',38,1),(39,'Upholstery',39,1),(40,'Woodwork',40,1);
/*!40000 ALTER TABLE `epa_surface` ENABLE KEYS */;
UNLOCK TABLES;

--
-- Table structure for table `epamms`
--

DROP TABLE IF EXISTS `epamms`;
/*!40101 SET @saved_cs_client     = @@character_set_client */;
/*!40101 SET character_set_client = utf8 */;
CREATE TABLE `epamms` (
  `ID` int(11) NOT NULL,
  `NAME` varchar(254) NOT NULL
) ENGINE=InnoDB DEFAULT CHARSET=utf8;
/*!40101 SET character_set_client = @saved_cs_client */;

--
-- Dumping data for table `epamms`
--

LOCK TABLES `epamms` WRITE;
/*!40000 ALTER TABLE `epamms` DISABLE KEYS */;
INSERT INTO `epamms` VALUES (1,'ePamms');
/*!40000 ALTER TABLE `epamms` ENABLE KEYS */;
UNLOCK TABLES;

--
-- Table structure for table `feedback`
--

DROP TABLE IF EXISTS `feedback`;
/*!40101 SET @saved_cs_client     = @@character_set_client */;
/*!40101 SET character_set_client = utf8 */;
CREATE TABLE `feedback` (
  `ID` int(11) NOT NULL,
  `USERID` varchar(32) NOT NULL,
  `DIALOG` varchar(32) DEFAULT NULL,
  `WINDOW` varchar(32) DEFAULT NULL,
  `COMMENT` longtext,
  `FK_ID_ORGANIZATION` int(11) NOT NULL,
  PRIMARY KEY (`ID`),
  KEY `FEEDBACK_FKIDORGANIZATION10301` (`FK_ID_ORGANIZATION`)
) ENGINE=InnoDB DEFAULT CHARSET=utf8;
/*!40101 SET character_set_client = @saved_cs_client */;

--
-- Dumping data for table `feedback`
--

LOCK TABLES `feedback` WRITE;
/*!40000 ALTER TABLE `feedback` DISABLE KEYS */;
/*!40000 ALTER TABLE `feedback` ENABLE KEYS */;
UNLOCK TABLES;

--
-- Table structure for table `footnotesymbol`
--

DROP TABLE IF EXISTS `footnotesymbol`;
/*!40101 SET @saved_cs_client     = @@character_set_client */;
/*!40101 SET character_set_client = utf8 */;
CREATE TABLE `footnotesymbol` (
  `ID` int(11) NOT NULL,
  `z_TEXT` varchar(254) NOT NULL,
  `SYMBOL` varchar(2) NOT NULL,
  `FK_ID_EPAMMS` int(11) NOT NULL,
  UNIQUE KEY `UFOOTNOTESYMBOL_ID_1819900` (`ID`),
  KEY `FOOTNOTESYMBOL_FK_ID_EPAMMS_18298` (`FK_ID_EPAMMS`)
) ENGINE=InnoDB DEFAULT CHARSET=utf8;
/*!40101 SET character_set_client = @saved_cs_client */;

--
-- Dumping data for table `footnotesymbol`
--

LOCK TABLES `footnotesymbol` WRITE;
/*!40000 ALTER TABLE `footnotesymbol` DISABLE KEYS */;
/*!40000 ALTER TABLE `footnotesymbol` ENABLE KEYS */;
UNLOCK TABLES;

--
-- Table structure for table `graphiclabelcontrol`
--

DROP TABLE IF EXISTS `graphiclabelcontrol`;
/*!40101 SET @saved_cs_client     = @@character_set_client */;
/*!40101 SET character_set_client = utf8 */;
CREATE TABLE `graphiclabelcontrol` (
  `ID` int(11) NOT NULL,
  `POSITIONX` int(11) DEFAULT NULL,
  `POSITIONY` varchar(254) DEFAULT NULL,
  `SIZEX` int(11) DEFAULT NULL,
  `SIZEY` int(11) DEFAULT NULL,
  `FONT` varchar(254) DEFAULT NULL,
  `AUTOSEQ` int(11) DEFAULT NULL,
  `FK_ID_GRAPHICLABELDEFINITION` int(11) NOT NULL,
  PRIMARY KEY (`ID`),
  KEY `GRAPHICLABELCONTROLFKIDGR10458` (`FK_ID_GRAPHICLABELDEFINITION`)
) ENGINE=InnoDB DEFAULT CHARSET=utf8;
/*!40101 SET character_set_client = @saved_cs_client */;

--
-- Dumping data for table `graphiclabelcontrol`
--

LOCK TABLES `graphiclabelcontrol` WRITE;
/*!40000 ALTER TABLE `graphiclabelcontrol` DISABLE KEYS */;
/*!40000 ALTER TABLE `graphiclabelcontrol` ENABLE KEYS */;
UNLOCK TABLES;

--
-- Table structure for table `graphiclabeldefinition`
--

DROP TABLE IF EXISTS `graphiclabeldefinition`;
/*!40101 SET @saved_cs_client     = @@character_set_client */;
/*!40101 SET character_set_client = utf8 */;
CREATE TABLE `graphiclabeldefinition` (
  `ID` int(11) NOT NULL,
  `PRODUCTNAME` varchar(254) DEFAULT NULL,
  `HEIGHT` double DEFAULT NULL,
  `WIDTH` double DEFAULT NULL,
  `NETCONTENTSTEXT` varchar(254) DEFAULT NULL,
  `FK_ID_SUBREGISTRANT` int(11) NOT NULL,
  `FK_ID_SUBREGLABELCONTENT` int(11) DEFAULT NULL,
  PRIMARY KEY (`ID`),
  KEY `GRAPHICLABELDEFINITIONFKI10456` (`FK_ID_SUBREGISTRANT`),
  KEY `GRAPHICLABELDEFINITIONFKI10457` (`FK_ID_SUBREGLABELCONTENT`)
) ENGINE=InnoDB DEFAULT CHARSET=utf8;
/*!40101 SET character_set_client = @saved_cs_client */;

--
-- Dumping data for table `graphiclabeldefinition`
--

LOCK TABLES `graphiclabeldefinition` WRITE;
/*!40000 ALTER TABLE `graphiclabeldefinition` DISABLE KEYS */;
/*!40000 ALTER TABLE `graphiclabeldefinition` ENABLE KEYS */;
UNLOCK TABLES;

--
-- Table structure for table `help`
--

DROP TABLE IF EXISTS `help`;
/*!40101 SET @saved_cs_client     = @@character_set_client */;
/*!40101 SET character_set_client = utf8 */;
CREATE TABLE `help` (
  `ID` int(11) NOT NULL,
  `DIALOGWINDOW` varchar(128) NOT NULL,
  `MESSAGE` longtext,
  `FK_ID_EPAMMS` int(11) NOT NULL,
  UNIQUE KEY `UHELP_ID_581160` (`ID`),
  KEY `HELP_NAME_581170` (`DIALOGWINDOW`),
  KEY `HELP_FK_ID_EPAMMS_590180` (`FK_ID_EPAMMS`)
) ENGINE=InnoDB DEFAULT CHARSET=utf8;
/*!40101 SET character_set_client = @saved_cs_client */;

--
-- Dumping data for table `help`
--

LOCK TABLES `help` WRITE;
/*!40000 ALTER TABLE `help` DISABLE KEYS */;
INSERT INTO `help` VALUES (1,'wStartUpUserLogin','No help available for: wStartUpUserLogin',1),(2,'wStartUpePammsPortal','No help available for: wStartUpePammsPortal',1),(3,'wStartUpAdminUpdateSubregistrant','No help available for: wStartUpAdminUpdateSubregistrant',1),(4,'wSPLDSPLD_UpdateLLD','<p><span style=\"font-size: 12pt;\"><strong>Update SPLD</strong></span></p>\r\n<p>&nbsp;</p>\r\n<p><strong>Explanation</strong></p>\r\n<p>&nbsp;</p>\r\n<p>This is the main section for an SPLD, showing the basic Product information.</p>',1),(5,'wSLCStorageDisposal','No help available for: wSLCStorageDisposal',1),(6,'wSLCIngredients','<ul>\r\n<li>This is help text.</li>\r\n</ul>',1),(7,'wSLCSubregProductsList','No help available for: wSLCSubregProductsList',1),(8,'wSPLDSPLD_BlockDefinitionUpdate','No help available for: wSPLDSPLD_BlockDefinitionUpdate',1),(9,'wMLCMarketing','<p>No help available for: wMLCMarketing</p>\r\n<p>&nbsp;</p>\r\n<p>test Notes for Joe\'s population.</p>',1),(10,'wMLCUpdateMasterProduct','No help available for: wMLCUpdateMasterProduct',1),(11,'wSystemDragDropSort','No help available for: wSystemDragDropSort',1);
/*!40000 ALTER TABLE `help` ENABLE KEYS */;
UNLOCK TABLES;

--
-- Table structure for table `keyword`
--

DROP TABLE IF EXISTS `keyword`;
/*!40101 SET @saved_cs_client     = @@character_set_client */;
/*!40101 SET character_set_client = utf8 */;
CREATE TABLE `keyword` (
  `ID` int(11) NOT NULL,
  `NAME` varchar(254) NOT NULL,
  `FK_ID_EPAMMS` int(11) DEFAULT NULL,
  PRIMARY KEY (`ID`),
  KEY `KEYWORD_FK_ID_EPAMMS_103030` (`FK_ID_EPAMMS`)
) ENGINE=InnoDB DEFAULT CHARSET=utf8;
/*!40101 SET character_set_client = @saved_cs_client */;

--
-- Dumping data for table `keyword`
--

LOCK TABLES `keyword` WRITE;
/*!40000 ALTER TABLE `keyword` DISABLE KEYS */;
/*!40000 ALTER TABLE `keyword` ENABLE KEYS */;
UNLOCK TABLES;

--
-- Table structure for table `lld`
--

DROP TABLE IF EXISTS `lld`;
/*!40101 SET @saved_cs_client     = @@character_set_client */;
/*!40101 SET character_set_client = utf8 */;
CREATE TABLE `lld` (
  `ID` int(11) NOT NULL,
  `TAG` varchar(64) DEFAULT NULL,
  `NAME` varchar(128) DEFAULT NULL,
  `CSS_FILENAME` varchar(254) DEFAULT NULL,
  `BACKGROUNDCOLOR` varchar(254) DEFAULT NULL,
  `HAZARDPANEL` int(11) DEFAULT NULL,
  `CONTINUATIONPREVIOUSPAGETEXT` longtext,
  `CONTNEXTPAGETEXTMARKETING` longtext,
  `CONTNEXTPAGETEXTDIRFORUSE` longtext,
  `DEFAULTTEXTFONTFAMILY` tinytext,
  `DEFAULTTEXTFONTSIZE` tinytext,
  `DEFAULTFONTCOLOR` tinytext,
  `DEFAULTTITLEMARGINTOP` double DEFAULT NULL,
  `DEFAULTTITLEMARGINBOTTOM` double DEFAULT NULL,
  `DEFAULTTEXTMARGINTOP` double DEFAULT NULL,
  `DEFAULTTEXTMARGINBOTTOM` double DEFAULT NULL,
  `DEPTH` int(11) DEFAULT NULL,
  PRIMARY KEY (`ID`)
) ENGINE=InnoDB DEFAULT CHARSET=utf8;
/*!40101 SET character_set_client = @saved_cs_client */;

--
-- Dumping data for table `lld`
--

LOCK TABLES `lld` WRITE;
/*!40000 ALTER TABLE `lld` DISABLE KEYS */;
INSERT INTO `lld` VALUES (5,NULL,'4 Panel - 3 and 1',NULL,NULL,NULL,NULL,NULL,NULL,NULL,NULL,NULL,NULL,NULL,NULL,NULL,NULL),(7,NULL,'4 Panel Side by Side',NULL,NULL,NULL,'** Continued on Side Panel','** Continued from Previous Page',NULL,NULL,NULL,NULL,NULL,NULL,NULL,NULL,NULL),(10,'label','4 Panel, 3 Top and 1 Bottom',NULL,NULL,NULL,NULL,NULL,NULL,NULL,NULL,NULL,NULL,NULL,NULL,NULL,0);
/*!40000 ALTER TABLE `lld` ENABLE KEYS */;
UNLOCK TABLES;

--
-- Table structure for table `lld_block`
--

DROP TABLE IF EXISTS `lld_block`;
/*!40101 SET @saved_cs_client     = @@character_set_client */;
/*!40101 SET character_set_client = utf8 */;
CREATE TABLE `lld_block` (
  `ID` int(11) NOT NULL,
  `TAG` varchar(64) DEFAULT NULL,
  `NAME` varchar(128) DEFAULT NULL,
  `BLOCKTITLE` varchar(254) DEFAULT NULL,
  `LLD_SECTIONTYPE` varchar(20) DEFAULT NULL,
  `LLD_COLUMNLISTTYPE` tinytext,
  `CONTINUATIONBLOCKTAG` varchar(64) DEFAULT NULL,
  `CONTINUATIONBLOCKFLAG` varchar(1) DEFAULT NULL,
  `IMAGENAME` varchar(254) DEFAULT NULL,
  `z_TOP` double DEFAULT NULL,
  `z_LEFT` double DEFAULT NULL,
  `HEIGHT` double DEFAULT NULL,
  `WIDTH` double DEFAULT NULL,
  `TEXTCOLOR` varchar(20) DEFAULT NULL,
  `TEXTCOLOROVERRIDE` varchar(1) DEFAULT NULL,
  `BACKGROUNDCOLOR` varchar(20) DEFAULT NULL,
  `BACKGROUNDCOLOROVERRIDE` varchar(1) DEFAULT NULL,
  `BORDERCOLOR` varchar(20) DEFAULT NULL,
  `BORDERCOLOROVERRIDE` varchar(1) DEFAULT NULL,
  `BORDERSTYLE` varchar(20) DEFAULT NULL,
  `BORDERWIDTH` int(11) DEFAULT NULL,
  `FONTFAMILY` varchar(20) DEFAULT NULL,
  `FONTSIZE` varchar(20) DEFAULT NULL,
  `FONTWEIGHT` varchar(20) DEFAULT NULL,
  `MARGIN` double DEFAULT NULL,
  `MARGINTOP` double DEFAULT NULL,
  `MARGINBOTTOM` double DEFAULT NULL,
  `MARGINLEFT` double DEFAULT NULL,
  `MARGINRIGHT` double DEFAULT NULL,
  `MARGINOVERRIDE` varchar(1) DEFAULT NULL,
  `BORDER` double DEFAULT NULL,
  `BORDERTOP` double DEFAULT NULL,
  `BORDERBOTTOM` double DEFAULT NULL,
  `BORDERLEFT` double DEFAULT NULL,
  `BORDERRIGHT` double DEFAULT NULL,
  `BORDEROVERRIDE` varchar(1) DEFAULT NULL,
  `PADDING` double DEFAULT NULL,
  `PADDINGTOP` double DEFAULT NULL,
  `PADDINGBOTTOM` double DEFAULT NULL,
  `PADDINGLEFT` double DEFAULT NULL,
  `PADDINGRIGHT` double DEFAULT NULL,
  `PADDINGOVERRIDE` varchar(1) DEFAULT NULL,
  `TITLEPOSITION` varchar(5) DEFAULT NULL,
  `CAPITALIZETITLETEXTFLAG` tinytext,
  `TEXTALIGN` varchar(20) DEFAULT NULL,
  `TEXTLINEHEIGHT` double DEFAULT NULL,
  `TEXTLETTERSPACE` int(11) DEFAULT NULL,
  `DEPTH` int(11) DEFAULT NULL,
  `AUTOSEQ` int(11) DEFAULT NULL,
  `FK_ID_SPLD_SECTION` int(11) DEFAULT NULL,
  `FK_ID_LLD_PANEL` int(11) DEFAULT NULL,
  `FK_ID_LLD_BLOCK` int(11) DEFAULT NULL,
  `BG_ID_COLOR` int(11) DEFAULT NULL,
  `BD_ID_COLOR` int(11) DEFAULT NULL,
  `TX_ID_COLOR` int(11) DEFAULT NULL,
  PRIMARY KEY (`ID`),
  KEY `LLD_BLOCK_FKIDSPLDSECTION10300` (`FK_ID_SPLD_SECTION`),
  KEY `LLD_BLOCK_FK_ID_LLD_PANEL10363` (`FK_ID_LLD_PANEL`),
  KEY `LLD_BLOCK_FK_ID_LLD_BLOCK10370` (`FK_ID_LLD_BLOCK`)
) ENGINE=InnoDB DEFAULT CHARSET=utf8;
/*!40101 SET character_set_client = @saved_cs_client */;

--
-- Dumping data for table `lld_block`
--

LOCK TABLES `lld_block` WRITE;
/*!40000 ALTER TABLE `lld_block` DISABLE KEYS */;
INSERT INTO `lld_block` VALUES (116,NULL,NULL,NULL,'DirectionsForUse',NULL,NULL,NULL,NULL,0,0,8,5,NULL,NULL,NULL,NULL,NULL,NULL,NULL,NULL,NULL,NULL,NULL,NULL,NULL,NULL,NULL,NULL,NULL,NULL,NULL,NULL,NULL,NULL,NULL,NULL,NULL,NULL,NULL,NULL,NULL,NULL,NULL,NULL,NULL,NULL,NULL,NULL,NULL,18,NULL,NULL,NULL,NULL),(117,NULL,NULL,NULL,'Graphic',NULL,NULL,NULL,NULL,0,0.1,3.5,4.8,NULL,NULL,NULL,NULL,NULL,NULL,NULL,NULL,NULL,NULL,NULL,NULL,NULL,NULL,NULL,NULL,NULL,NULL,NULL,NULL,NULL,NULL,NULL,NULL,NULL,NULL,NULL,NULL,NULL,NULL,NULL,NULL,NULL,NULL,NULL,1,NULL,19,NULL,NULL,NULL,NULL),(118,NULL,NULL,NULL,NULL,NULL,NULL,NULL,NULL,3.5,0.1,2.5,4.8,NULL,NULL,NULL,NULL,NULL,NULL,NULL,NULL,NULL,NULL,NULL,NULL,NULL,NULL,NULL,NULL,NULL,NULL,NULL,NULL,NULL,NULL,NULL,NULL,NULL,NULL,NULL,NULL,NULL,NULL,NULL,NULL,NULL,NULL,NULL,2,NULL,19,NULL,NULL,NULL,NULL),(119,NULL,NULL,NULL,'Ingredients',NULL,NULL,NULL,NULL,0,0,1.3,4.8,NULL,NULL,NULL,NULL,NULL,NULL,NULL,NULL,NULL,NULL,NULL,NULL,NULL,NULL,NULL,NULL,NULL,NULL,NULL,NULL,NULL,NULL,NULL,NULL,NULL,NULL,NULL,NULL,NULL,NULL,NULL,NULL,NULL,NULL,NULL,NULL,NULL,NULL,118,NULL,NULL,NULL),(120,NULL,NULL,NULL,'Hazards',NULL,NULL,NULL,NULL,0.8,0.1,0.8,4.8,NULL,NULL,NULL,NULL,NULL,NULL,NULL,NULL,NULL,NULL,NULL,NULL,NULL,NULL,NULL,NULL,NULL,NULL,NULL,NULL,NULL,NULL,NULL,NULL,NULL,NULL,NULL,NULL,NULL,NULL,NULL,NULL,NULL,NULL,NULL,NULL,NULL,NULL,118,NULL,NULL,NULL),(121,NULL,NULL,NULL,'NetContents',NULL,NULL,NULL,NULL,NULL,0.1,0.2,4.8,NULL,NULL,NULL,NULL,NULL,NULL,NULL,NULL,NULL,NULL,NULL,NULL,NULL,NULL,NULL,NULL,NULL,NULL,NULL,NULL,NULL,NULL,NULL,NULL,NULL,NULL,NULL,NULL,NULL,NULL,NULL,NULL,NULL,NULL,NULL,NULL,NULL,NULL,118,NULL,NULL,NULL),(122,NULL,NULL,NULL,'EPA_RegAndEstNbr',NULL,NULL,NULL,NULL,NULL,0.1,0.2,4.8,NULL,NULL,NULL,NULL,NULL,NULL,NULL,NULL,NULL,NULL,NULL,NULL,NULL,NULL,NULL,NULL,NULL,NULL,NULL,NULL,NULL,NULL,NULL,NULL,NULL,NULL,NULL,NULL,NULL,NULL,NULL,NULL,NULL,NULL,NULL,NULL,NULL,NULL,118,NULL,NULL,NULL),(123,NULL,NULL,NULL,NULL,NULL,NULL,NULL,NULL,6,0,2,5,NULL,NULL,NULL,NULL,NULL,NULL,NULL,NULL,NULL,NULL,NULL,NULL,NULL,NULL,NULL,NULL,NULL,NULL,NULL,NULL,NULL,NULL,NULL,NULL,NULL,NULL,NULL,NULL,NULL,NULL,NULL,NULL,NULL,NULL,NULL,3,NULL,19,NULL,NULL,NULL,NULL),(124,NULL,'General Use',NULL,'Marketing',NULL,NULL,NULL,NULL,0,0.1,1,5,NULL,NULL,NULL,NULL,NULL,NULL,NULL,NULL,NULL,NULL,NULL,NULL,NULL,NULL,NULL,NULL,NULL,NULL,NULL,NULL,NULL,NULL,NULL,NULL,NULL,NULL,NULL,NULL,NULL,NULL,NULL,NULL,NULL,NULL,NULL,NULL,NULL,NULL,123,NULL,NULL,NULL),(125,NULL,'Recommended Use',NULL,'Marketing',NULL,NULL,NULL,NULL,1,0.1,1,5,NULL,NULL,NULL,NULL,NULL,NULL,NULL,NULL,NULL,NULL,NULL,NULL,NULL,NULL,NULL,NULL,NULL,NULL,NULL,NULL,NULL,NULL,NULL,NULL,NULL,NULL,NULL,NULL,NULL,NULL,NULL,NULL,NULL,NULL,NULL,NULL,NULL,NULL,123,NULL,NULL,NULL),(126,NULL,NULL,NULL,NULL,NULL,NULL,NULL,NULL,NULL,0,8,5,NULL,NULL,NULL,NULL,NULL,NULL,NULL,NULL,NULL,NULL,NULL,NULL,NULL,NULL,NULL,NULL,NULL,NULL,NULL,NULL,NULL,NULL,NULL,NULL,NULL,NULL,NULL,NULL,NULL,NULL,NULL,NULL,NULL,NULL,NULL,NULL,NULL,20,NULL,NULL,NULL,NULL),(127,NULL,NULL,NULL,'Graphic',NULL,NULL,NULL,NULL,NULL,0,0.8,5,NULL,NULL,NULL,NULL,NULL,NULL,NULL,NULL,NULL,NULL,NULL,NULL,NULL,NULL,NULL,NULL,NULL,NULL,NULL,NULL,NULL,NULL,NULL,NULL,NULL,NULL,NULL,NULL,NULL,NULL,NULL,NULL,NULL,NULL,NULL,NULL,NULL,NULL,126,NULL,NULL,NULL),(128,NULL,'Germicidal Detergent',NULL,'Marketing',NULL,NULL,NULL,NULL,NULL,0,0.5,5,NULL,NULL,NULL,NULL,NULL,NULL,NULL,NULL,NULL,NULL,NULL,NULL,NULL,NULL,NULL,NULL,NULL,NULL,NULL,NULL,NULL,NULL,NULL,NULL,NULL,NULL,NULL,NULL,NULL,NULL,NULL,NULL,NULL,NULL,NULL,NULL,NULL,NULL,126,NULL,NULL,NULL),(129,NULL,'General Use 2',NULL,'Marketing',NULL,NULL,NULL,NULL,NULL,0,0.5,5,NULL,NULL,NULL,NULL,NULL,NULL,NULL,NULL,NULL,NULL,NULL,NULL,NULL,NULL,NULL,NULL,NULL,NULL,NULL,NULL,NULL,NULL,NULL,NULL,NULL,NULL,NULL,NULL,NULL,NULL,NULL,NULL,NULL,NULL,NULL,NULL,NULL,NULL,126,NULL,NULL,NULL),(130,NULL,'Bactericidal Claims',NULL,'Marketing',NULL,NULL,NULL,NULL,NULL,0,4,5,NULL,NULL,NULL,NULL,NULL,NULL,NULL,NULL,NULL,NULL,NULL,NULL,NULL,NULL,NULL,NULL,NULL,NULL,NULL,NULL,NULL,NULL,NULL,NULL,NULL,NULL,NULL,NULL,NULL,NULL,NULL,NULL,NULL,NULL,NULL,NULL,NULL,NULL,126,NULL,NULL,NULL),(131,NULL,'Fungicidal',NULL,'Marketing',NULL,NULL,NULL,NULL,NULL,NULL,0.5,5,NULL,NULL,NULL,NULL,NULL,NULL,NULL,NULL,NULL,NULL,NULL,NULL,NULL,NULL,NULL,NULL,NULL,NULL,NULL,NULL,NULL,NULL,NULL,NULL,NULL,NULL,NULL,NULL,NULL,NULL,NULL,NULL,NULL,NULL,NULL,NULL,NULL,NULL,126,NULL,NULL,NULL),(132,NULL,'Virucidal',NULL,'Marketing',NULL,NULL,NULL,NULL,NULL,NULL,1,5,NULL,NULL,NULL,NULL,NULL,NULL,NULL,NULL,NULL,NULL,NULL,NULL,NULL,NULL,NULL,NULL,NULL,NULL,NULL,NULL,NULL,NULL,NULL,NULL,NULL,NULL,NULL,NULL,NULL,NULL,NULL,NULL,NULL,NULL,NULL,NULL,NULL,NULL,126,NULL,NULL,NULL),(133,NULL,NULL,NULL,'StorageDisposal',NULL,NULL,NULL,NULL,0,0.1,3,3.7,NULL,NULL,NULL,NULL,NULL,NULL,NULL,NULL,NULL,NULL,NULL,NULL,NULL,NULL,NULL,NULL,NULL,NULL,NULL,NULL,NULL,NULL,NULL,NULL,NULL,NULL,NULL,NULL,NULL,NULL,NULL,NULL,NULL,NULL,NULL,1,NULL,21,NULL,NULL,NULL,NULL),(134,NULL,NULL,NULL,NULL,NULL,NULL,NULL,NULL,0,3.8,3,3.7,NULL,NULL,NULL,NULL,NULL,NULL,NULL,NULL,NULL,NULL,NULL,NULL,NULL,NULL,NULL,NULL,NULL,NULL,NULL,NULL,NULL,NULL,NULL,NULL,NULL,NULL,NULL,NULL,NULL,NULL,NULL,NULL,NULL,NULL,NULL,2,NULL,21,NULL,NULL,NULL,NULL),(135,NULL,NULL,NULL,'StorageDisposal',NULL,NULL,NULL,NULL,0,0,2,3.7,NULL,NULL,NULL,NULL,NULL,NULL,NULL,NULL,NULL,NULL,NULL,NULL,NULL,NULL,NULL,NULL,NULL,NULL,NULL,NULL,NULL,NULL,NULL,NULL,NULL,NULL,NULL,NULL,NULL,NULL,NULL,NULL,NULL,NULL,NULL,NULL,NULL,NULL,134,NULL,NULL,NULL),(136,NULL,NULL,NULL,'Precautionary',NULL,NULL,NULL,NULL,2,0,1,3.7,NULL,NULL,NULL,NULL,NULL,NULL,NULL,NULL,NULL,NULL,NULL,NULL,NULL,NULL,NULL,NULL,NULL,NULL,NULL,NULL,NULL,NULL,NULL,NULL,NULL,NULL,NULL,NULL,NULL,NULL,NULL,NULL,NULL,NULL,NULL,NULL,NULL,NULL,134,NULL,NULL,NULL),(137,NULL,NULL,NULL,NULL,NULL,NULL,NULL,NULL,0,7.5,3,3.7,NULL,NULL,NULL,NULL,NULL,NULL,NULL,NULL,NULL,NULL,NULL,NULL,NULL,NULL,NULL,NULL,NULL,NULL,NULL,NULL,NULL,NULL,NULL,NULL,NULL,NULL,NULL,NULL,NULL,NULL,NULL,NULL,NULL,NULL,NULL,3,NULL,21,NULL,NULL,NULL,NULL),(138,NULL,NULL,NULL,'Precautionary',NULL,NULL,NULL,NULL,0,0,0.8,3.7,NULL,NULL,NULL,NULL,NULL,NULL,NULL,NULL,NULL,NULL,NULL,NULL,NULL,NULL,NULL,NULL,NULL,NULL,NULL,NULL,NULL,NULL,NULL,NULL,NULL,NULL,NULL,NULL,NULL,NULL,NULL,NULL,NULL,NULL,NULL,NULL,NULL,NULL,137,NULL,NULL,NULL),(139,NULL,NULL,NULL,'FirstAid',NULL,NULL,NULL,NULL,0.8,0,2.2,3.7,NULL,NULL,NULL,NULL,NULL,NULL,NULL,NULL,NULL,NULL,NULL,NULL,NULL,NULL,NULL,NULL,NULL,NULL,NULL,NULL,NULL,NULL,NULL,NULL,NULL,NULL,NULL,NULL,NULL,NULL,NULL,NULL,NULL,NULL,NULL,NULL,NULL,NULL,137,NULL,NULL,NULL),(140,NULL,NULL,NULL,NULL,NULL,NULL,NULL,NULL,0,11.2,3,3.7,NULL,NULL,NULL,NULL,NULL,NULL,NULL,NULL,NULL,NULL,NULL,NULL,NULL,NULL,NULL,NULL,NULL,NULL,NULL,NULL,NULL,NULL,NULL,NULL,NULL,NULL,NULL,NULL,NULL,NULL,NULL,NULL,NULL,NULL,NULL,4,NULL,21,NULL,NULL,NULL,NULL),(141,NULL,NULL,NULL,'FirstAid',NULL,NULL,NULL,NULL,0,0,1.5,3.7,NULL,NULL,NULL,NULL,NULL,NULL,NULL,NULL,NULL,NULL,NULL,NULL,NULL,NULL,NULL,NULL,NULL,NULL,NULL,NULL,NULL,NULL,NULL,NULL,NULL,NULL,NULL,NULL,NULL,NULL,NULL,NULL,NULL,NULL,NULL,NULL,NULL,NULL,140,NULL,NULL,NULL),(142,NULL,NULL,NULL,'Hazards',NULL,NULL,NULL,NULL,1.5,0,1.5,3.7,NULL,NULL,NULL,NULL,NULL,NULL,NULL,NULL,NULL,NULL,NULL,NULL,NULL,NULL,NULL,NULL,NULL,NULL,NULL,NULL,NULL,NULL,NULL,NULL,NULL,NULL,NULL,NULL,NULL,NULL,NULL,NULL,NULL,NULL,NULL,NULL,NULL,NULL,140,NULL,NULL,NULL),(245,NULL,NULL,NULL,'Graphic',NULL,NULL,NULL,'KennelSolHeader.jpg',0,0.1,3,4.8,NULL,NULL,NULL,NULL,NULL,NULL,NULL,NULL,NULL,NULL,NULL,NULL,NULL,NULL,NULL,NULL,NULL,NULL,NULL,NULL,NULL,NULL,NULL,NULL,NULL,NULL,NULL,NULL,NULL,NULL,NULL,NULL,NULL,NULL,NULL,1,NULL,36,NULL,NULL,NULL,NULL),(246,NULL,NULL,NULL,NULL,NULL,NULL,NULL,NULL,3.5,0.1,2.5,4.8,NULL,NULL,NULL,NULL,NULL,NULL,NULL,NULL,NULL,NULL,NULL,NULL,NULL,NULL,NULL,NULL,NULL,NULL,NULL,NULL,NULL,NULL,NULL,NULL,NULL,NULL,NULL,NULL,NULL,NULL,NULL,NULL,NULL,NULL,NULL,2,NULL,36,NULL,NULL,NULL,NULL),(247,NULL,NULL,NULL,'Ingredients',NULL,NULL,NULL,NULL,0,0,1.3,4.8,NULL,NULL,NULL,NULL,NULL,NULL,NULL,NULL,NULL,NULL,NULL,NULL,NULL,NULL,NULL,NULL,NULL,NULL,NULL,NULL,NULL,NULL,NULL,NULL,NULL,NULL,NULL,NULL,NULL,NULL,NULL,NULL,NULL,NULL,NULL,NULL,NULL,NULL,246,NULL,NULL,NULL),(248,NULL,NULL,NULL,'HumanHazard',NULL,NULL,NULL,NULL,0.8,0.1,0.8,4.8,NULL,NULL,NULL,NULL,NULL,NULL,NULL,NULL,NULL,NULL,NULL,NULL,NULL,NULL,NULL,NULL,NULL,NULL,NULL,NULL,NULL,NULL,NULL,NULL,NULL,NULL,NULL,NULL,NULL,NULL,NULL,NULL,NULL,NULL,NULL,NULL,NULL,NULL,246,NULL,NULL,NULL),(249,NULL,NULL,NULL,'NetContents',NULL,NULL,NULL,NULL,NULL,0.1,0.2,4.8,NULL,NULL,NULL,NULL,NULL,NULL,NULL,NULL,NULL,NULL,NULL,NULL,NULL,NULL,NULL,NULL,NULL,NULL,NULL,NULL,NULL,NULL,NULL,NULL,NULL,NULL,NULL,NULL,NULL,NULL,NULL,NULL,NULL,NULL,NULL,NULL,NULL,NULL,246,NULL,NULL,NULL),(250,NULL,NULL,NULL,'EPA_RegAndEstNbr',NULL,NULL,NULL,NULL,NULL,0.1,0.2,4.8,NULL,NULL,NULL,NULL,NULL,NULL,NULL,NULL,NULL,NULL,NULL,NULL,NULL,NULL,NULL,NULL,NULL,NULL,NULL,NULL,NULL,NULL,NULL,NULL,NULL,NULL,NULL,NULL,NULL,NULL,NULL,NULL,NULL,NULL,NULL,NULL,NULL,NULL,246,NULL,NULL,NULL),(251,NULL,'Recommended Use',NULL,'Marketing',NULL,NULL,NULL,NULL,0,0,1,5,NULL,NULL,NULL,NULL,NULL,NULL,NULL,NULL,NULL,NULL,NULL,NULL,NULL,NULL,NULL,NULL,NULL,NULL,NULL,NULL,NULL,NULL,NULL,NULL,NULL,NULL,NULL,NULL,NULL,NULL,NULL,NULL,NULL,NULL,NULL,1,NULL,37,NULL,NULL,NULL,NULL),(252,NULL,NULL,NULL,'DirectionsForUse',NULL,NULL,NULL,NULL,NULL,0,0.7,5,NULL,NULL,NULL,NULL,NULL,NULL,NULL,NULL,NULL,NULL,NULL,NULL,NULL,NULL,NULL,NULL,NULL,NULL,NULL,NULL,NULL,NULL,NULL,NULL,NULL,NULL,NULL,NULL,NULL,NULL,NULL,NULL,NULL,NULL,NULL,2,NULL,37,NULL,NULL,NULL,NULL),(253,NULL,NULL,NULL,'DirectionsForUse',NULL,NULL,NULL,NULL,0.1,0,4.5,5,NULL,NULL,NULL,NULL,NULL,NULL,NULL,NULL,NULL,NULL,NULL,NULL,NULL,NULL,NULL,NULL,NULL,NULL,NULL,NULL,NULL,NULL,NULL,NULL,NULL,NULL,NULL,NULL,NULL,NULL,NULL,NULL,NULL,NULL,NULL,1,NULL,38,NULL,NULL,NULL,NULL),(254,NULL,'Areas of Use',NULL,'Marketing',NULL,NULL,NULL,NULL,NULL,0,3,5,NULL,NULL,NULL,NULL,NULL,NULL,NULL,NULL,NULL,NULL,NULL,NULL,NULL,NULL,NULL,NULL,NULL,NULL,NULL,NULL,NULL,NULL,NULL,NULL,NULL,NULL,NULL,NULL,NULL,NULL,NULL,NULL,NULL,NULL,NULL,2,NULL,38,NULL,NULL,NULL,NULL),(255,NULL,NULL,NULL,NULL,NULL,NULL,NULL,NULL,NULL,0,8,5,NULL,NULL,NULL,NULL,NULL,NULL,NULL,NULL,NULL,NULL,NULL,NULL,NULL,NULL,NULL,NULL,NULL,NULL,NULL,NULL,NULL,NULL,NULL,NULL,NULL,NULL,NULL,NULL,NULL,NULL,NULL,NULL,NULL,NULL,NULL,NULL,NULL,39,NULL,NULL,NULL,NULL),(256,NULL,NULL,NULL,'Graphic',NULL,NULL,NULL,NULL,NULL,0,0.4,5,NULL,NULL,NULL,NULL,NULL,NULL,NULL,NULL,NULL,NULL,NULL,NULL,NULL,NULL,NULL,NULL,NULL,NULL,NULL,NULL,NULL,NULL,NULL,NULL,NULL,NULL,NULL,NULL,NULL,NULL,NULL,NULL,NULL,NULL,NULL,NULL,NULL,NULL,255,NULL,NULL,NULL),(257,NULL,NULL,NULL,'Graphic',NULL,NULL,NULL,NULL,NULL,0,0.4,5,NULL,NULL,NULL,NULL,NULL,NULL,NULL,NULL,NULL,NULL,NULL,NULL,NULL,NULL,NULL,NULL,NULL,NULL,NULL,NULL,NULL,NULL,NULL,NULL,NULL,NULL,NULL,NULL,NULL,NULL,NULL,NULL,NULL,NULL,NULL,NULL,NULL,NULL,255,NULL,NULL,NULL),(258,NULL,'Bactericidal Claims',NULL,'Marketing',NULL,NULL,NULL,NULL,NULL,0,5,5,NULL,NULL,NULL,NULL,NULL,NULL,NULL,NULL,NULL,NULL,NULL,NULL,NULL,NULL,NULL,NULL,NULL,NULL,NULL,NULL,NULL,NULL,NULL,NULL,NULL,NULL,NULL,NULL,NULL,NULL,NULL,NULL,NULL,NULL,NULL,NULL,NULL,NULL,255,NULL,NULL,NULL),(259,NULL,NULL,NULL,'Graphic',NULL,NULL,NULL,NULL,NULL,0,1,5,NULL,NULL,NULL,NULL,NULL,NULL,NULL,NULL,NULL,NULL,NULL,NULL,NULL,NULL,NULL,NULL,NULL,NULL,NULL,NULL,NULL,NULL,NULL,NULL,NULL,NULL,NULL,NULL,NULL,NULL,NULL,NULL,NULL,NULL,NULL,NULL,NULL,NULL,255,NULL,NULL,NULL),(376,NULL,NULL,NULL,'DirectionsForUse',NULL,NULL,'Y',NULL,0.1,0,4.5,5,NULL,NULL,NULL,NULL,NULL,NULL,NULL,NULL,NULL,NULL,NULL,NULL,NULL,NULL,NULL,NULL,NULL,NULL,NULL,NULL,NULL,NULL,NULL,NULL,NULL,NULL,NULL,NULL,NULL,NULL,NULL,NULL,NULL,NULL,NULL,1,NULL,42,NULL,NULL,NULL,NULL),(377,NULL,'Areas of Use',NULL,'Marketing',NULL,NULL,NULL,NULL,4.5,0,1.5,5,NULL,NULL,NULL,NULL,NULL,NULL,NULL,NULL,NULL,NULL,NULL,NULL,NULL,NULL,NULL,NULL,NULL,NULL,NULL,NULL,NULL,NULL,NULL,NULL,NULL,NULL,NULL,NULL,NULL,NULL,NULL,NULL,NULL,NULL,NULL,2,NULL,42,NULL,NULL,NULL,NULL),(382,NULL,NULL,NULL,'Graphic',NULL,NULL,NULL,'KennelSolHeader.jpg',0,0.1,3,4.8,NULL,NULL,NULL,NULL,NULL,NULL,NULL,NULL,NULL,NULL,NULL,NULL,NULL,NULL,NULL,NULL,NULL,NULL,NULL,NULL,NULL,NULL,NULL,NULL,NULL,NULL,NULL,NULL,NULL,NULL,NULL,NULL,NULL,NULL,NULL,1,NULL,40,NULL,NULL,NULL,NULL),(383,NULL,NULL,NULL,NULL,NULL,NULL,NULL,NULL,3.5,0.1,3,4.8,NULL,NULL,NULL,NULL,NULL,NULL,NULL,NULL,NULL,NULL,NULL,NULL,NULL,NULL,NULL,NULL,NULL,NULL,NULL,NULL,NULL,NULL,NULL,NULL,NULL,NULL,NULL,NULL,NULL,NULL,NULL,NULL,NULL,NULL,NULL,2,NULL,40,NULL,NULL,NULL,NULL),(384,NULL,NULL,NULL,'Ingredients',NULL,NULL,NULL,NULL,0.2,0.2,1,4.4,NULL,NULL,NULL,NULL,NULL,NULL,NULL,NULL,NULL,NULL,NULL,NULL,0.2,NULL,0.05,0.05,NULL,NULL,NULL,NULL,NULL,NULL,NULL,NULL,NULL,NULL,NULL,NULL,NULL,NULL,NULL,NULL,NULL,NULL,NULL,NULL,NULL,NULL,383,NULL,NULL,NULL),(385,NULL,NULL,NULL,'HumanHazard',NULL,NULL,NULL,NULL,1.2,0,0.9,4.8,'red',NULL,NULL,NULL,NULL,NULL,NULL,NULL,NULL,'16',NULL,NULL,NULL,NULL,NULL,NULL,NULL,NULL,NULL,NULL,NULL,NULL,NULL,NULL,NULL,NULL,NULL,NULL,NULL,NULL,NULL,'center',NULL,NULL,NULL,NULL,NULL,NULL,383,NULL,NULL,NULL),(386,NULL,NULL,NULL,'NetContents',NULL,NULL,NULL,NULL,2.1,0,0.2,4.8,NULL,NULL,NULL,NULL,NULL,NULL,NULL,NULL,NULL,NULL,NULL,NULL,NULL,NULL,NULL,NULL,NULL,NULL,NULL,NULL,NULL,NULL,NULL,NULL,NULL,NULL,NULL,NULL,NULL,NULL,NULL,NULL,NULL,NULL,NULL,NULL,NULL,NULL,383,NULL,NULL,NULL),(387,NULL,NULL,NULL,'EPA_RegAndEstNbr',NULL,NULL,NULL,NULL,2.3,0,0.2,4.8,NULL,NULL,NULL,NULL,NULL,NULL,NULL,NULL,NULL,NULL,NULL,NULL,NULL,NULL,NULL,NULL,NULL,NULL,NULL,NULL,NULL,NULL,NULL,NULL,NULL,NULL,NULL,NULL,NULL,NULL,NULL,NULL,NULL,NULL,NULL,NULL,NULL,NULL,383,NULL,NULL,NULL),(394,NULL,'Recommended Use',NULL,'Marketing',NULL,NULL,NULL,NULL,0,0,0.85,5,NULL,NULL,NULL,NULL,NULL,NULL,NULL,NULL,NULL,NULL,NULL,NULL,NULL,NULL,NULL,NULL,NULL,NULL,NULL,NULL,NULL,NULL,NULL,NULL,NULL,NULL,NULL,NULL,NULL,NULL,NULL,NULL,NULL,NULL,NULL,1,NULL,41,NULL,NULL,NULL,NULL),(395,NULL,NULL,NULL,'DirectionsForUse',NULL,NULL,NULL,NULL,1.5,0,0.7,5,NULL,NULL,NULL,NULL,NULL,NULL,NULL,NULL,NULL,NULL,NULL,NULL,NULL,0.05,NULL,NULL,NULL,NULL,NULL,NULL,NULL,NULL,NULL,NULL,NULL,NULL,NULL,NULL,NULL,NULL,NULL,NULL,NULL,NULL,NULL,2,NULL,41,NULL,NULL,NULL,NULL),(396,NULL,NULL,NULL,NULL,NULL,NULL,NULL,NULL,NULL,NULL,NULL,NULL,NULL,NULL,NULL,NULL,NULL,NULL,NULL,NULL,NULL,NULL,NULL,NULL,NULL,0.05,NULL,NULL,NULL,NULL,NULL,NULL,NULL,NULL,NULL,NULL,NULL,NULL,NULL,NULL,NULL,NULL,NULL,NULL,NULL,NULL,NULL,NULL,NULL,NULL,NULL,NULL,NULL,NULL),(397,NULL,NULL,NULL,NULL,NULL,NULL,NULL,NULL,NULL,NULL,NULL,NULL,NULL,NULL,NULL,NULL,NULL,NULL,NULL,NULL,NULL,NULL,NULL,NULL,NULL,0.05,NULL,NULL,NULL,NULL,NULL,NULL,NULL,NULL,NULL,NULL,NULL,NULL,NULL,NULL,NULL,NULL,NULL,NULL,NULL,NULL,NULL,NULL,NULL,NULL,NULL,NULL,NULL,NULL),(398,NULL,NULL,NULL,NULL,NULL,NULL,NULL,NULL,NULL,NULL,NULL,NULL,NULL,NULL,NULL,NULL,NULL,NULL,NULL,NULL,NULL,NULL,NULL,NULL,NULL,0.05,NULL,NULL,NULL,NULL,NULL,NULL,NULL,NULL,NULL,NULL,NULL,NULL,NULL,NULL,NULL,NULL,NULL,NULL,NULL,NULL,NULL,NULL,NULL,NULL,NULL,NULL,NULL,NULL),(399,NULL,NULL,NULL,NULL,NULL,NULL,NULL,NULL,NULL,NULL,NULL,NULL,NULL,NULL,NULL,NULL,NULL,NULL,NULL,NULL,NULL,NULL,NULL,NULL,NULL,0.05,NULL,NULL,NULL,NULL,NULL,NULL,NULL,NULL,NULL,NULL,NULL,NULL,NULL,NULL,NULL,NULL,NULL,NULL,NULL,NULL,NULL,NULL,NULL,NULL,NULL,NULL,NULL,NULL),(402,NULL,NULL,NULL,NULL,NULL,NULL,NULL,NULL,NULL,NULL,NULL,NULL,NULL,NULL,NULL,NULL,NULL,NULL,NULL,NULL,NULL,NULL,NULL,NULL,NULL,0.05,NULL,NULL,NULL,NULL,NULL,NULL,NULL,NULL,NULL,NULL,NULL,NULL,NULL,NULL,NULL,NULL,NULL,NULL,NULL,NULL,NULL,NULL,NULL,NULL,NULL,NULL,NULL,NULL),(403,NULL,NULL,NULL,NULL,NULL,NULL,NULL,NULL,NULL,NULL,NULL,NULL,NULL,NULL,NULL,NULL,NULL,NULL,NULL,NULL,NULL,NULL,NULL,NULL,NULL,0.05,NULL,NULL,NULL,NULL,NULL,NULL,NULL,NULL,NULL,NULL,NULL,NULL,NULL,NULL,NULL,NULL,NULL,NULL,NULL,NULL,NULL,NULL,NULL,NULL,NULL,NULL,NULL,NULL),(404,NULL,NULL,NULL,NULL,NULL,NULL,NULL,NULL,NULL,NULL,NULL,NULL,'blue',NULL,NULL,NULL,NULL,NULL,NULL,NULL,NULL,'14','bold',NULL,NULL,NULL,NULL,NULL,NULL,NULL,NULL,NULL,NULL,NULL,NULL,NULL,NULL,NULL,NULL,NULL,NULL,NULL,NULL,'center',NULL,NULL,NULL,NULL,NULL,NULL,NULL,NULL,NULL,NULL),(405,NULL,NULL,NULL,NULL,NULL,NULL,NULL,NULL,NULL,NULL,NULL,NULL,'blue',NULL,NULL,NULL,NULL,NULL,NULL,NULL,NULL,'16','bold',NULL,NULL,NULL,NULL,NULL,NULL,NULL,NULL,NULL,NULL,NULL,NULL,NULL,NULL,NULL,NULL,NULL,NULL,NULL,NULL,'center',NULL,NULL,NULL,NULL,NULL,NULL,NULL,NULL,NULL,NULL),(406,NULL,NULL,NULL,NULL,NULL,NULL,NULL,NULL,NULL,NULL,NULL,NULL,'blue',NULL,NULL,NULL,NULL,NULL,NULL,NULL,NULL,'10',NULL,NULL,0.1,NULL,NULL,NULL,NULL,NULL,NULL,NULL,NULL,NULL,NULL,NULL,NULL,NULL,NULL,NULL,NULL,NULL,NULL,'center',NULL,NULL,NULL,NULL,NULL,NULL,NULL,NULL,NULL,NULL),(409,NULL,NULL,NULL,NULL,NULL,NULL,NULL,NULL,NULL,NULL,NULL,NULL,NULL,NULL,NULL,NULL,NULL,NULL,NULL,NULL,NULL,NULL,NULL,NULL,0.1,0.05,NULL,NULL,NULL,NULL,NULL,NULL,NULL,NULL,NULL,NULL,NULL,NULL,NULL,NULL,NULL,NULL,NULL,NULL,NULL,NULL,NULL,NULL,NULL,NULL,NULL,NULL,NULL,NULL),(496,NULL,NULL,NULL,NULL,NULL,NULL,NULL,NULL,NULL,NULL,NULL,NULL,NULL,NULL,NULL,NULL,'red',NULL,NULL,NULL,NULL,NULL,NULL,NULL,NULL,0.05,NULL,NULL,NULL,NULL,NULL,NULL,NULL,NULL,NULL,NULL,NULL,NULL,NULL,NULL,NULL,NULL,NULL,'',NULL,NULL,NULL,NULL,NULL,NULL,NULL,NULL,NULL,NULL),(497,NULL,NULL,NULL,NULL,NULL,NULL,NULL,NULL,NULL,NULL,NULL,NULL,NULL,NULL,NULL,NULL,NULL,NULL,NULL,NULL,NULL,NULL,NULL,NULL,NULL,0.05,NULL,NULL,NULL,NULL,NULL,NULL,NULL,NULL,NULL,NULL,NULL,NULL,NULL,NULL,NULL,NULL,NULL,NULL,NULL,NULL,NULL,NULL,NULL,NULL,NULL,NULL,NULL,NULL),(498,NULL,NULL,NULL,NULL,NULL,NULL,NULL,NULL,NULL,NULL,NULL,NULL,NULL,NULL,NULL,NULL,NULL,NULL,NULL,NULL,NULL,NULL,NULL,NULL,NULL,0.05,NULL,NULL,NULL,NULL,NULL,NULL,NULL,NULL,NULL,NULL,NULL,NULL,NULL,NULL,NULL,NULL,NULL,NULL,NULL,NULL,NULL,NULL,NULL,NULL,NULL,NULL,NULL,NULL),(502,NULL,NULL,NULL,NULL,NULL,NULL,NULL,NULL,NULL,NULL,NULL,NULL,NULL,NULL,NULL,NULL,NULL,NULL,NULL,NULL,NULL,NULL,'bold',NULL,NULL,NULL,NULL,NULL,NULL,NULL,NULL,NULL,NULL,NULL,NULL,NULL,NULL,NULL,NULL,NULL,NULL,NULL,NULL,NULL,NULL,NULL,NULL,NULL,NULL,NULL,NULL,NULL,NULL,NULL),(503,NULL,NULL,NULL,NULL,NULL,NULL,NULL,NULL,NULL,NULL,NULL,NULL,NULL,NULL,NULL,NULL,NULL,NULL,NULL,NULL,NULL,NULL,'bold',NULL,NULL,NULL,NULL,NULL,NULL,NULL,NULL,NULL,NULL,NULL,NULL,NULL,NULL,NULL,NULL,NULL,NULL,NULL,NULL,NULL,NULL,NULL,NULL,NULL,NULL,NULL,NULL,NULL,NULL,NULL),(504,NULL,NULL,NULL,NULL,NULL,NULL,NULL,NULL,NULL,NULL,NULL,NULL,NULL,NULL,NULL,NULL,NULL,NULL,NULL,NULL,NULL,NULL,'bold',NULL,NULL,NULL,NULL,NULL,NULL,NULL,NULL,NULL,NULL,NULL,NULL,NULL,NULL,NULL,NULL,NULL,NULL,NULL,NULL,NULL,NULL,NULL,NULL,NULL,NULL,NULL,NULL,NULL,NULL,NULL),(514,NULL,NULL,NULL,'',NULL,NULL,NULL,NULL,0,0,5,5,NULL,NULL,NULL,NULL,NULL,NULL,NULL,NULL,NULL,NULL,NULL,NULL,NULL,NULL,NULL,NULL,NULL,NULL,NULL,NULL,NULL,NULL,NULL,NULL,NULL,NULL,NULL,NULL,NULL,NULL,NULL,NULL,NULL,NULL,NULL,1,NULL,43,NULL,NULL,NULL,NULL),(515,NULL,NULL,NULL,'Product Name',NULL,NULL,NULL,NULL,0,0,0.7,5,NULL,NULL,NULL,NULL,NULL,NULL,NULL,NULL,NULL,NULL,NULL,NULL,NULL,NULL,NULL,NULL,NULL,NULL,NULL,NULL,NULL,NULL,NULL,NULL,NULL,NULL,NULL,NULL,NULL,NULL,NULL,NULL,NULL,NULL,NULL,NULL,NULL,NULL,514,NULL,NULL,NULL),(516,NULL,NULL,NULL,NULL,NULL,NULL,NULL,NULL,NULL,NULL,NULL,NULL,'red',NULL,NULL,NULL,NULL,NULL,NULL,NULL,'Serif','26','bold',NULL,0.2,NULL,NULL,NULL,NULL,NULL,NULL,NULL,NULL,NULL,NULL,NULL,NULL,NULL,NULL,NULL,NULL,NULL,NULL,'center',NULL,NULL,NULL,NULL,NULL,NULL,NULL,NULL,NULL,NULL),(517,NULL,'Bactericidal Claims',NULL,'Marketing','C3',NULL,NULL,NULL,1.1,0,4,4.8,NULL,NULL,NULL,NULL,NULL,NULL,NULL,NULL,NULL,NULL,NULL,NULL,NULL,NULL,NULL,NULL,NULL,NULL,NULL,NULL,NULL,NULL,NULL,NULL,NULL,NULL,NULL,NULL,NULL,NULL,NULL,NULL,NULL,NULL,NULL,NULL,NULL,NULL,514,NULL,NULL,NULL),(518,NULL,NULL,NULL,NULL,NULL,NULL,NULL,NULL,NULL,NULL,NULL,NULL,'blue',NULL,NULL,NULL,NULL,NULL,NULL,NULL,NULL,'6',NULL,NULL,0.01,NULL,0.03,NULL,NULL,NULL,NULL,NULL,NULL,NULL,NULL,NULL,NULL,NULL,NULL,NULL,NULL,NULL,NULL,NULL,NULL,NULL,NULL,NULL,NULL,NULL,NULL,NULL,NULL,NULL),(519,NULL,NULL,NULL,NULL,NULL,NULL,NULL,NULL,NULL,NULL,NULL,NULL,'red',NULL,NULL,NULL,NULL,NULL,NULL,NULL,'Serif','20','bold',NULL,NULL,NULL,NULL,NULL,NULL,NULL,NULL,NULL,NULL,NULL,NULL,NULL,NULL,NULL,NULL,NULL,NULL,NULL,NULL,'center',NULL,NULL,NULL,NULL,NULL,NULL,NULL,NULL,NULL,NULL),(521,NULL,NULL,NULL,'Graphic',NULL,NULL,NULL,'AlphaTechPetBase.jpg',5.5,0,1,5,NULL,NULL,NULL,NULL,NULL,NULL,NULL,NULL,NULL,NULL,NULL,NULL,NULL,NULL,NULL,NULL,NULL,NULL,NULL,NULL,NULL,NULL,NULL,NULL,NULL,NULL,NULL,NULL,NULL,NULL,NULL,NULL,NULL,NULL,NULL,2,NULL,43,NULL,NULL,NULL,NULL),(542,NULL,'Germicidal Detergent',NULL,'Marketing',NULL,NULL,NULL,NULL,0.7,0,0.3,5,NULL,NULL,NULL,NULL,NULL,NULL,NULL,NULL,NULL,NULL,NULL,NULL,NULL,NULL,NULL,NULL,NULL,NULL,NULL,NULL,NULL,NULL,NULL,NULL,NULL,NULL,NULL,NULL,NULL,NULL,NULL,NULL,NULL,NULL,NULL,NULL,NULL,NULL,514,NULL,NULL,NULL),(543,NULL,NULL,NULL,NULL,NULL,NULL,NULL,NULL,NULL,NULL,NULL,NULL,'red',NULL,NULL,NULL,NULL,NULL,NULL,NULL,'Serif','20','bold',NULL,NULL,NULL,NULL,NULL,NULL,NULL,NULL,NULL,NULL,NULL,NULL,NULL,NULL,NULL,NULL,NULL,NULL,NULL,NULL,'center',NULL,NULL,NULL,NULL,NULL,NULL,NULL,NULL,NULL,NULL),(597,'Tag597',NULL,'xxx','Graphic',NULL,NULL,NULL,'KennelSolHeaderHD.jpg',-0.015,0.185,3.58,4.77,NULL,NULL,'n/a',NULL,'n/a',NULL,NULL,NULL,NULL,NULL,NULL,NULL,NULL,NULL,NULL,NULL,NULL,NULL,NULL,NULL,NULL,NULL,NULL,NULL,NULL,NULL,NULL,NULL,NULL,NULL,NULL,NULL,NULL,NULL,2,2,NULL,49,NULL,NULL,NULL,NULL),(598,'Tag598',NULL,NULL,NULL,NULL,NULL,NULL,NULL,3.72,0.17,3,4.8,NULL,NULL,NULL,NULL,NULL,NULL,NULL,NULL,NULL,NULL,NULL,NULL,NULL,NULL,NULL,NULL,NULL,NULL,NULL,NULL,NULL,NULL,NULL,NULL,NULL,NULL,NULL,NULL,NULL,NULL,NULL,NULL,NULL,NULL,2,1,NULL,49,NULL,NULL,NULL,NULL),(599,'Tag599',NULL,NULL,'Ingredients',NULL,NULL,NULL,NULL,0.19,0.045,0.58,4.593,NULL,NULL,'n/a',NULL,'n/a',NULL,NULL,NULL,NULL,NULL,NULL,NULL,0.2,NULL,0.05,0.05,'Y',NULL,NULL,NULL,NULL,NULL,NULL,NULL,NULL,NULL,NULL,NULL,NULL,NULL,NULL,NULL,NULL,NULL,3,NULL,NULL,NULL,598,NULL,NULL,NULL),(600,'Tag600',NULL,NULL,'HumanHazard',NULL,NULL,NULL,NULL,1.003,0.046,0.85,4.59,NULL,NULL,'n/a',NULL,'n/a',NULL,NULL,NULL,NULL,'16',NULL,NULL,NULL,NULL,NULL,NULL,NULL,NULL,NULL,NULL,NULL,NULL,NULL,NULL,NULL,NULL,NULL,NULL,NULL,NULL,NULL,'center',NULL,NULL,3,NULL,NULL,NULL,598,NULL,NULL,NULL),(601,'Tag601',NULL,NULL,'NetContents',NULL,NULL,NULL,NULL,2.1,0.1,0.2,4.58,NULL,NULL,'n/a',NULL,'n/a',NULL,NULL,NULL,NULL,NULL,NULL,NULL,NULL,NULL,NULL,NULL,NULL,NULL,NULL,NULL,NULL,NULL,NULL,NULL,NULL,NULL,NULL,NULL,NULL,NULL,NULL,NULL,NULL,NULL,3,NULL,NULL,NULL,598,NULL,NULL,NULL),(602,'Tag602',NULL,NULL,'EPA_RegAndEstNbr',NULL,NULL,NULL,NULL,2.3,0.1,0.2,4.58,NULL,NULL,'n/a',NULL,'n/a',NULL,NULL,NULL,NULL,NULL,NULL,NULL,NULL,NULL,NULL,NULL,NULL,NULL,NULL,NULL,NULL,NULL,NULL,NULL,NULL,NULL,NULL,NULL,NULL,NULL,NULL,NULL,NULL,NULL,3,NULL,NULL,NULL,598,NULL,NULL,NULL),(620,'Tag620',NULL,NULL,NULL,NULL,NULL,NULL,NULL,0,0,5.938,5,NULL,NULL,'n/a',NULL,'n/a',NULL,NULL,NULL,NULL,NULL,NULL,NULL,NULL,NULL,NULL,NULL,NULL,NULL,NULL,NULL,NULL,NULL,NULL,NULL,NULL,NULL,NULL,NULL,NULL,NULL,NULL,NULL,NULL,NULL,2,1,NULL,52,NULL,NULL,NULL,NULL),(621,'Tag621',NULL,NULL,'Product Name',NULL,NULL,NULL,NULL,0.05,0.112,0.4,4.792,NULL,NULL,'n/a',NULL,'n/a',NULL,NULL,NULL,NULL,NULL,NULL,NULL,NULL,NULL,NULL,NULL,NULL,NULL,NULL,NULL,NULL,NULL,NULL,NULL,NULL,NULL,NULL,NULL,NULL,NULL,NULL,NULL,NULL,NULL,3,NULL,NULL,NULL,620,NULL,NULL,NULL),(622,'Tag622','Bactericidal Claims',NULL,'Marketing','C2',NULL,NULL,NULL,2.13,0.108,1.84,4.792,NULL,NULL,'n/a',NULL,'n/a','Y',NULL,NULL,NULL,NULL,NULL,NULL,NULL,NULL,NULL,NULL,NULL,NULL,NULL,NULL,NULL,NULL,NULL,NULL,NULL,NULL,NULL,NULL,NULL,NULL,NULL,NULL,NULL,NULL,3,NULL,NULL,NULL,620,NULL,NULL,NULL),(623,'Tag623','Germicidal Detergent',NULL,'Marketing',NULL,NULL,NULL,NULL,0.5,0.112,0.3,4.792,NULL,NULL,'n/a',NULL,'n/a',NULL,NULL,NULL,NULL,NULL,NULL,NULL,NULL,NULL,NULL,NULL,NULL,NULL,NULL,NULL,NULL,NULL,NULL,NULL,NULL,NULL,NULL,NULL,NULL,NULL,NULL,NULL,NULL,NULL,3,NULL,NULL,NULL,620,NULL,NULL,NULL),(625,'Tag625',NULL,NULL,'Graphic',NULL,NULL,NULL,'AlphaTechPetBase.jpg',5.951,0,1.05,5.05,NULL,NULL,'n/a',NULL,'n/a',NULL,NULL,NULL,NULL,NULL,NULL,NULL,NULL,NULL,NULL,NULL,NULL,NULL,NULL,NULL,NULL,NULL,NULL,NULL,NULL,NULL,NULL,NULL,NULL,NULL,NULL,NULL,NULL,NULL,2,2,NULL,52,NULL,NULL,NULL,NULL),(626,'Tag626',NULL,NULL,'DirectionsForUse',NULL,NULL,NULL,NULL,0.093,0.062,7.093,5.376,NULL,NULL,'n/a',NULL,'n/a',NULL,NULL,NULL,NULL,NULL,NULL,NULL,NULL,NULL,NULL,NULL,NULL,NULL,NULL,NULL,NULL,NULL,NULL,NULL,NULL,NULL,NULL,NULL,NULL,NULL,NULL,NULL,NULL,NULL,2,1,NULL,53,NULL,NULL,NULL,NULL),(627,NULL,NULL,NULL,'DirectionsForUse',NULL,NULL,NULL,NULL,NULL,NULL,NULL,NULL,'',NULL,NULL,NULL,NULL,NULL,NULL,NULL,NULL,'8',NULL,NULL,0.05,NULL,NULL,NULL,NULL,NULL,NULL,NULL,NULL,NULL,NULL,NULL,NULL,NULL,NULL,NULL,NULL,'',NULL,NULL,NULL,NULL,NULL,NULL,NULL,NULL,NULL,NULL,NULL,NULL),(628,NULL,NULL,NULL,'DirectionsForUse',NULL,NULL,NULL,NULL,NULL,NULL,NULL,NULL,'',NULL,NULL,NULL,NULL,NULL,NULL,NULL,NULL,'8',NULL,NULL,0.05,NULL,NULL,NULL,NULL,NULL,NULL,NULL,NULL,NULL,NULL,NULL,NULL,NULL,NULL,NULL,NULL,NULL,NULL,'justify',NULL,NULL,NULL,NULL,NULL,NULL,NULL,NULL,NULL,NULL),(629,'Tag629','Multi-Purpose Detergent',NULL,'Marketing',NULL,NULL,NULL,NULL,0.96,0.11,0.4,4.8,NULL,NULL,'n/a',NULL,'n/a',NULL,NULL,NULL,NULL,NULL,NULL,NULL,NULL,NULL,NULL,NULL,NULL,NULL,NULL,NULL,NULL,NULL,NULL,NULL,NULL,NULL,NULL,NULL,NULL,NULL,NULL,NULL,NULL,NULL,3,NULL,NULL,NULL,620,NULL,NULL,NULL),(630,'Tag630','For Use Areas Only',NULL,'Marketing',NULL,NULL,NULL,NULL,1.47,0.112,0.48,4.792,NULL,NULL,'n/a',NULL,'n/a',NULL,NULL,NULL,NULL,NULL,NULL,NULL,NULL,NULL,NULL,NULL,NULL,NULL,NULL,NULL,NULL,NULL,NULL,NULL,NULL,NULL,NULL,NULL,NULL,NULL,NULL,NULL,NULL,NULL,3,NULL,NULL,NULL,620,NULL,NULL,NULL),(631,NULL,NULL,NULL,'Marketing',NULL,NULL,NULL,NULL,NULL,NULL,NULL,NULL,NULL,NULL,NULL,NULL,NULL,NULL,NULL,NULL,NULL,NULL,NULL,NULL,0.5,NULL,0.02,NULL,NULL,NULL,NULL,NULL,NULL,NULL,NULL,NULL,NULL,NULL,NULL,NULL,NULL,NULL,NULL,NULL,NULL,NULL,NULL,NULL,NULL,NULL,NULL,NULL,NULL,NULL),(632,NULL,NULL,NULL,'Marketing',NULL,NULL,NULL,NULL,NULL,NULL,NULL,NULL,'',NULL,NULL,NULL,'green',NULL,'dashed',7,NULL,NULL,NULL,NULL,NULL,NULL,NULL,NULL,NULL,NULL,NULL,NULL,NULL,NULL,NULL,NULL,NULL,NULL,NULL,NULL,NULL,'',NULL,NULL,NULL,NULL,NULL,NULL,NULL,NULL,NULL,NULL,NULL,NULL),(633,'Tag633','Fungicidal',NULL,'Marketing',NULL,NULL,NULL,NULL,4.5,0.1,0.4,4.8,NULL,NULL,NULL,NULL,NULL,NULL,NULL,NULL,NULL,NULL,NULL,NULL,NULL,NULL,NULL,NULL,NULL,NULL,NULL,NULL,NULL,NULL,NULL,NULL,NULL,NULL,NULL,NULL,NULL,NULL,NULL,NULL,NULL,NULL,3,NULL,NULL,NULL,620,NULL,NULL,NULL),(634,'Tag634','Virucidal',NULL,'Marketing',NULL,NULL,NULL,NULL,5,0.1,0.8,4.8,NULL,NULL,'n/a',NULL,'n/a',NULL,NULL,NULL,NULL,NULL,NULL,NULL,NULL,NULL,NULL,NULL,NULL,NULL,NULL,NULL,NULL,NULL,NULL,NULL,NULL,NULL,NULL,NULL,NULL,NULL,NULL,NULL,NULL,NULL,3,NULL,NULL,NULL,620,NULL,NULL,NULL),(651,NULL,NULL,NULL,'Ingredients',NULL,NULL,NULL,NULL,NULL,NULL,NULL,NULL,NULL,NULL,NULL,NULL,NULL,NULL,NULL,NULL,NULL,NULL,NULL,NULL,0.05,NULL,NULL,NULL,NULL,NULL,NULL,NULL,NULL,NULL,NULL,NULL,NULL,NULL,NULL,NULL,NULL,NULL,NULL,NULL,NULL,NULL,NULL,NULL,NULL,NULL,NULL,NULL,NULL,NULL),(652,NULL,NULL,NULL,'HumanHazard',NULL,NULL,NULL,NULL,NULL,NULL,NULL,NULL,NULL,NULL,NULL,NULL,NULL,NULL,NULL,NULL,NULL,'16','bold',NULL,NULL,NULL,NULL,NULL,NULL,NULL,NULL,NULL,NULL,NULL,NULL,NULL,NULL,NULL,NULL,NULL,NULL,NULL,NULL,'center',NULL,NULL,NULL,NULL,NULL,NULL,NULL,NULL,NULL,NULL),(653,NULL,NULL,NULL,'HumanHazard',NULL,NULL,NULL,NULL,NULL,NULL,NULL,NULL,NULL,NULL,NULL,NULL,NULL,NULL,NULL,NULL,NULL,'20','bold',NULL,NULL,NULL,NULL,NULL,NULL,NULL,NULL,NULL,NULL,NULL,NULL,NULL,NULL,NULL,NULL,NULL,NULL,NULL,NULL,'center',NULL,NULL,NULL,NULL,NULL,NULL,NULL,NULL,NULL,NULL),(654,NULL,NULL,NULL,'HumanHazard',NULL,NULL,NULL,NULL,NULL,NULL,NULL,NULL,NULL,NULL,NULL,NULL,NULL,NULL,NULL,NULL,NULL,'10',NULL,NULL,NULL,NULL,NULL,NULL,NULL,NULL,NULL,NULL,NULL,NULL,NULL,NULL,NULL,NULL,NULL,NULL,NULL,NULL,NULL,'center',NULL,NULL,NULL,NULL,NULL,NULL,NULL,NULL,NULL,NULL),(657,NULL,NULL,NULL,'ProductName',NULL,NULL,NULL,NULL,NULL,NULL,NULL,NULL,'pan-68',NULL,NULL,NULL,NULL,NULL,NULL,NULL,'Serif','26','bold',NULL,NULL,NULL,NULL,NULL,NULL,NULL,NULL,NULL,NULL,NULL,NULL,NULL,NULL,NULL,NULL,NULL,NULL,NULL,NULL,'center',NULL,NULL,NULL,NULL,NULL,NULL,NULL,NULL,NULL,2),(658,NULL,NULL,NULL,'Marketing',NULL,NULL,NULL,NULL,NULL,NULL,NULL,NULL,'Red',NULL,NULL,NULL,NULL,NULL,NULL,NULL,'Serif','20','bold',NULL,NULL,NULL,NULL,NULL,NULL,NULL,NULL,NULL,NULL,NULL,NULL,NULL,NULL,NULL,NULL,NULL,NULL,NULL,NULL,'center',NULL,NULL,NULL,NULL,NULL,NULL,NULL,NULL,NULL,1),(659,'Tag659',NULL,NULL,NULL,NULL,NULL,NULL,NULL,-0.062,0.015,2.8,16.127,NULL,NULL,'n/a',NULL,'n/a',NULL,NULL,NULL,NULL,NULL,NULL,NULL,NULL,NULL,NULL,NULL,NULL,NULL,NULL,NULL,NULL,NULL,NULL,NULL,NULL,NULL,NULL,NULL,NULL,NULL,NULL,NULL,NULL,NULL,2,1,NULL,50,NULL,NULL,NULL,NULL),(660,'Tag660',NULL,NULL,'StorageDisposal',NULL,NULL,NULL,NULL,0.062,0.093,2.5,3.981,NULL,NULL,'n/a',NULL,'n/a',NULL,NULL,NULL,NULL,NULL,NULL,NULL,NULL,NULL,NULL,NULL,NULL,NULL,NULL,NULL,NULL,NULL,NULL,NULL,NULL,NULL,NULL,NULL,NULL,NULL,NULL,NULL,NULL,NULL,3,NULL,NULL,NULL,659,NULL,NULL,NULL),(661,NULL,NULL,NULL,'StorageDisposal',NULL,NULL,NULL,NULL,NULL,NULL,NULL,NULL,NULL,NULL,NULL,NULL,NULL,NULL,NULL,NULL,NULL,NULL,NULL,NULL,0.04,NULL,NULL,NULL,NULL,NULL,NULL,NULL,NULL,NULL,NULL,NULL,NULL,NULL,NULL,NULL,NULL,NULL,NULL,'center',NULL,NULL,NULL,NULL,NULL,NULL,NULL,NULL,NULL,NULL),(662,NULL,NULL,NULL,'StorageDisposal',NULL,NULL,NULL,NULL,NULL,NULL,NULL,NULL,NULL,NULL,NULL,NULL,NULL,NULL,NULL,NULL,NULL,'9',NULL,NULL,0.01,NULL,NULL,NULL,NULL,NULL,NULL,NULL,NULL,NULL,NULL,NULL,NULL,NULL,NULL,NULL,NULL,NULL,NULL,NULL,NULL,NULL,NULL,NULL,NULL,NULL,NULL,NULL,NULL,NULL),(663,'Tag663',NULL,NULL,'StorageDisposal',NULL,NULL,'Y',NULL,0.062,4.213,1.451,3.8,NULL,NULL,'n/a',NULL,'n/a',NULL,NULL,NULL,NULL,NULL,NULL,NULL,NULL,NULL,NULL,NULL,NULL,NULL,NULL,NULL,NULL,NULL,NULL,NULL,NULL,NULL,NULL,NULL,NULL,NULL,NULL,NULL,NULL,NULL,3,NULL,NULL,NULL,659,NULL,NULL,NULL),(664,NULL,NULL,NULL,'StorageDisposal',NULL,NULL,NULL,NULL,NULL,NULL,NULL,NULL,NULL,NULL,NULL,NULL,NULL,NULL,NULL,NULL,NULL,NULL,NULL,NULL,0.04,NULL,NULL,NULL,NULL,NULL,NULL,NULL,NULL,NULL,NULL,NULL,NULL,NULL,NULL,NULL,NULL,NULL,NULL,NULL,NULL,NULL,NULL,NULL,NULL,NULL,NULL,NULL,NULL,NULL),(666,'Tag666',NULL,NULL,'FirstAid',NULL,NULL,'Y',NULL,0.062,12.16,0.633,3.8,NULL,NULL,'n/a',NULL,'n/a',NULL,NULL,NULL,NULL,NULL,NULL,NULL,NULL,NULL,NULL,NULL,NULL,NULL,NULL,NULL,NULL,NULL,NULL,NULL,NULL,NULL,NULL,NULL,NULL,NULL,NULL,NULL,NULL,NULL,3,NULL,NULL,NULL,659,NULL,NULL,NULL),(667,'Tag667',NULL,NULL,'FirstAid',NULL,NULL,NULL,NULL,0.062,8.164,2.546,3.8,NULL,NULL,'n/a',NULL,'n/a',NULL,NULL,NULL,NULL,NULL,NULL,NULL,NULL,NULL,NULL,NULL,NULL,NULL,NULL,NULL,NULL,NULL,NULL,NULL,NULL,NULL,NULL,NULL,NULL,NULL,NULL,NULL,NULL,NULL,3,NULL,NULL,NULL,659,NULL,NULL,NULL),(668,'Tag668',NULL,NULL,'EnvironmentalHazard',NULL,NULL,NULL,NULL,0.833,12.145,1.806,3.8,NULL,NULL,'n/a',NULL,'n/a',NULL,NULL,NULL,NULL,NULL,NULL,NULL,NULL,NULL,NULL,NULL,NULL,NULL,NULL,NULL,NULL,NULL,NULL,NULL,NULL,NULL,NULL,NULL,NULL,NULL,NULL,NULL,NULL,NULL,3,NULL,NULL,NULL,659,NULL,NULL,NULL),(669,'Tag669',NULL,NULL,'Precautionary',NULL,NULL,NULL,NULL,1.744,4.198,0.88,3.8,NULL,NULL,'n/a',NULL,'n/a',NULL,NULL,NULL,NULL,NULL,NULL,NULL,NULL,NULL,NULL,NULL,NULL,NULL,NULL,NULL,NULL,NULL,NULL,NULL,NULL,NULL,NULL,NULL,NULL,NULL,NULL,NULL,NULL,NULL,3,NULL,NULL,NULL,659,NULL,NULL,NULL),(800,'Tag100',NULL,NULL,'Graphic',NULL,NULL,NULL,NULL,0.14,0.25,4.66,7.62,NULL,NULL,NULL,NULL,NULL,NULL,NULL,NULL,NULL,NULL,NULL,NULL,NULL,NULL,NULL,NULL,NULL,NULL,NULL,NULL,NULL,NULL,NULL,NULL,NULL,NULL,NULL,NULL,NULL,NULL,NULL,NULL,NULL,NULL,2,1,NULL,54,NULL,NULL,NULL,NULL),(801,'Tag101',NULL,NULL,'HumanHazard',NULL,NULL,NULL,NULL,4.81,0.25,2.85,10.12,NULL,NULL,NULL,NULL,NULL,NULL,NULL,NULL,NULL,NULL,NULL,NULL,NULL,NULL,NULL,NULL,NULL,NULL,NULL,NULL,NULL,NULL,NULL,NULL,NULL,NULL,NULL,NULL,NULL,NULL,NULL,NULL,NULL,NULL,2,2,NULL,54,NULL,NULL,NULL,NULL),(804,'t_101',NULL,NULL,'DirectionsForUse',NULL,NULL,NULL,NULL,7.8,0.25,2.92,10.16,NULL,NULL,NULL,NULL,NULL,NULL,NULL,NULL,NULL,NULL,NULL,NULL,NULL,NULL,NULL,NULL,NULL,NULL,NULL,NULL,NULL,NULL,NULL,NULL,NULL,NULL,NULL,NULL,NULL,NULL,NULL,NULL,NULL,NULL,2,3,NULL,54,NULL,NULL,NULL,NULL),(805,NULL,NULL,NULL,'Marketing',NULL,NULL,NULL,NULL,NULL,NULL,NULL,NULL,NULL,NULL,NULL,NULL,NULL,NULL,NULL,NULL,NULL,NULL,NULL,NULL,NULL,NULL,NULL,NULL,NULL,NULL,NULL,NULL,NULL,NULL,NULL,NULL,NULL,NULL,NULL,NULL,NULL,NULL,NULL,NULL,NULL,NULL,NULL,NULL,NULL,NULL,NULL,NULL,NULL,NULL),(806,NULL,NULL,NULL,NULL,NULL,NULL,NULL,NULL,NULL,NULL,NULL,NULL,NULL,NULL,NULL,NULL,NULL,NULL,NULL,NULL,NULL,NULL,NULL,NULL,NULL,NULL,NULL,NULL,NULL,NULL,NULL,NULL,NULL,NULL,NULL,NULL,NULL,NULL,NULL,NULL,NULL,NULL,NULL,NULL,NULL,NULL,NULL,NULL,NULL,NULL,NULL,NULL,NULL,NULL),(848,NULL,NULL,NULL,'Marketing',NULL,NULL,NULL,NULL,NULL,NULL,NULL,NULL,'',NULL,NULL,NULL,NULL,NULL,NULL,NULL,NULL,NULL,NULL,NULL,NULL,NULL,NULL,NULL,NULL,NULL,NULL,NULL,NULL,NULL,NULL,NULL,NULL,NULL,NULL,NULL,NULL,NULL,NULL,NULL,NULL,NULL,NULL,NULL,NULL,NULL,NULL,NULL,NULL,NULL),(885,'t_100',NULL,NULL,'Graphic',NULL,NULL,NULL,'KennelSolHeader.jpg',0.04,0.05,2.01,4.51,NULL,NULL,'n/a',NULL,'n/a',NULL,NULL,NULL,NULL,NULL,NULL,NULL,NULL,NULL,NULL,NULL,NULL,NULL,NULL,NULL,NULL,NULL,NULL,NULL,NULL,NULL,NULL,NULL,NULL,NULL,NULL,NULL,NULL,NULL,2,1,NULL,64,NULL,NULL,NULL,NULL),(886,'t_101',NULL,NULL,'Ingredients',NULL,NULL,NULL,NULL,2.15,0.05,1.32,4.42,NULL,NULL,'n/a',NULL,'n/a',NULL,NULL,NULL,NULL,NULL,NULL,NULL,NULL,NULL,NULL,NULL,NULL,NULL,NULL,NULL,NULL,NULL,NULL,NULL,NULL,NULL,NULL,NULL,NULL,NULL,NULL,NULL,NULL,NULL,2,2,NULL,64,NULL,NULL,NULL,NULL),(887,'t_102',NULL,NULL,'StorageDisposal',NULL,NULL,NULL,NULL,0.06,4.67,7.09,3.58,NULL,NULL,'n/a',NULL,'n/a',NULL,NULL,NULL,NULL,NULL,NULL,NULL,NULL,NULL,NULL,NULL,NULL,NULL,NULL,NULL,NULL,NULL,NULL,NULL,NULL,NULL,NULL,NULL,NULL,NULL,NULL,NULL,NULL,NULL,2,3,NULL,64,NULL,NULL,NULL,NULL),(932,'Tag626',NULL,NULL,'DirectionsForUse',NULL,NULL,NULL,NULL,0.38,0.07,6.4,5.33,NULL,NULL,'n/a',NULL,'n/a',NULL,NULL,NULL,NULL,NULL,NULL,NULL,NULL,NULL,NULL,NULL,NULL,NULL,NULL,NULL,NULL,NULL,NULL,NULL,NULL,NULL,NULL,NULL,NULL,NULL,NULL,NULL,NULL,NULL,2,NULL,NULL,69,NULL,NULL,NULL,NULL),(933,NULL,NULL,NULL,'DirectionsForUse',NULL,NULL,NULL,NULL,NULL,NULL,NULL,NULL,NULL,NULL,NULL,NULL,NULL,NULL,NULL,NULL,NULL,'10',NULL,NULL,0.05,NULL,NULL,NULL,NULL,NULL,NULL,NULL,NULL,NULL,NULL,NULL,NULL,NULL,NULL,NULL,NULL,NULL,NULL,NULL,NULL,NULL,NULL,NULL,NULL,NULL,NULL,NULL,NULL,NULL),(934,NULL,NULL,NULL,'DirectionsForUse',NULL,NULL,NULL,NULL,NULL,NULL,NULL,NULL,NULL,NULL,NULL,NULL,NULL,NULL,NULL,NULL,NULL,'8',NULL,NULL,0.05,NULL,NULL,NULL,NULL,NULL,NULL,NULL,NULL,NULL,NULL,NULL,NULL,NULL,NULL,NULL,NULL,NULL,NULL,NULL,NULL,NULL,NULL,NULL,NULL,NULL,NULL,NULL,NULL,NULL),(935,NULL,NULL,NULL,'DirectionsForUse',NULL,NULL,NULL,NULL,NULL,NULL,NULL,NULL,'Red',NULL,NULL,NULL,NULL,NULL,NULL,NULL,NULL,'12','bold',NULL,NULL,NULL,NULL,NULL,NULL,NULL,NULL,NULL,NULL,NULL,NULL,NULL,NULL,NULL,NULL,NULL,NULL,NULL,NULL,NULL,NULL,NULL,NULL,NULL,NULL,NULL,NULL,NULL,NULL,NULL),(936,'Tag620',NULL,NULL,NULL,NULL,NULL,NULL,NULL,-0.02,-0.03,5.39,5,NULL,NULL,'n/a',NULL,'n/a',NULL,NULL,NULL,NULL,NULL,NULL,NULL,NULL,NULL,NULL,NULL,NULL,NULL,NULL,NULL,NULL,NULL,NULL,NULL,NULL,NULL,NULL,NULL,NULL,NULL,NULL,NULL,NULL,NULL,2,1,NULL,70,NULL,NULL,NULL,NULL),(937,'Tag634','Virucidal',NULL,'Marketing',NULL,NULL,NULL,NULL,4.52,0.09,0.68,4.8,NULL,NULL,'n/a',NULL,'n/a',NULL,NULL,NULL,NULL,NULL,NULL,NULL,NULL,NULL,NULL,NULL,NULL,NULL,NULL,NULL,NULL,NULL,NULL,NULL,NULL,NULL,NULL,NULL,NULL,NULL,NULL,NULL,NULL,NULL,3,NULL,NULL,NULL,936,NULL,NULL,NULL),(938,'Tag633','Fungicidal',NULL,'Marketing',NULL,NULL,NULL,NULL,4.01,0.1,0.4,4.8,NULL,NULL,'n/a',NULL,'n/a',NULL,NULL,NULL,NULL,NULL,NULL,NULL,NULL,NULL,NULL,NULL,NULL,NULL,NULL,NULL,NULL,NULL,NULL,NULL,NULL,NULL,NULL,NULL,NULL,NULL,NULL,NULL,NULL,NULL,3,NULL,NULL,NULL,936,NULL,NULL,NULL),(939,'Tag621',NULL,NULL,'ProductName',NULL,NULL,NULL,NULL,0.05,0.11,0.4,5,NULL,NULL,NULL,NULL,NULL,NULL,NULL,NULL,NULL,NULL,NULL,NULL,NULL,NULL,NULL,NULL,NULL,NULL,NULL,NULL,NULL,NULL,NULL,NULL,NULL,NULL,NULL,NULL,NULL,NULL,NULL,NULL,NULL,NULL,3,NULL,NULL,NULL,936,NULL,NULL,NULL),(940,'Tag623','Germicidal Detergent',NULL,'Marketing',NULL,NULL,NULL,NULL,0.5,0.11,0.3,5,NULL,NULL,NULL,NULL,NULL,NULL,NULL,NULL,NULL,NULL,NULL,NULL,NULL,NULL,NULL,NULL,NULL,NULL,NULL,NULL,NULL,NULL,NULL,NULL,NULL,NULL,NULL,NULL,NULL,NULL,NULL,NULL,NULL,NULL,3,NULL,NULL,NULL,936,NULL,NULL,NULL),(941,'Tag629','Multi-Purpose Detergent',NULL,'Marketing',NULL,NULL,NULL,NULL,0.96,0.11,0.4,4.8,NULL,NULL,NULL,NULL,NULL,NULL,NULL,NULL,NULL,NULL,NULL,NULL,NULL,NULL,NULL,NULL,NULL,NULL,NULL,NULL,NULL,NULL,NULL,NULL,NULL,NULL,NULL,NULL,NULL,NULL,NULL,NULL,NULL,NULL,3,NULL,NULL,NULL,936,NULL,NULL,NULL),(942,'Tag630','For Use Areas Only',NULL,'Marketing',NULL,NULL,NULL,NULL,1.46,0.11,0.48,4.72,NULL,NULL,NULL,NULL,NULL,NULL,NULL,NULL,NULL,NULL,NULL,NULL,NULL,NULL,NULL,NULL,NULL,NULL,NULL,NULL,NULL,NULL,NULL,NULL,NULL,NULL,NULL,NULL,NULL,NULL,NULL,NULL,NULL,NULL,3,NULL,NULL,NULL,936,NULL,NULL,NULL),(943,'Tag622','Bactericidal Claims',NULL,'Marketing','C2',NULL,NULL,NULL,2.02,0.11,1.84,4.8,NULL,NULL,'n/a',NULL,'Red','Y',NULL,NULL,NULL,NULL,NULL,NULL,NULL,NULL,NULL,NULL,NULL,NULL,NULL,NULL,NULL,NULL,NULL,NULL,NULL,NULL,NULL,NULL,NULL,NULL,NULL,NULL,NULL,NULL,3,NULL,NULL,NULL,936,NULL,NULL,NULL),(944,NULL,NULL,NULL,'Marketing',NULL,NULL,NULL,NULL,NULL,NULL,NULL,NULL,'pan-68',NULL,NULL,NULL,NULL,NULL,NULL,NULL,NULL,NULL,NULL,NULL,NULL,NULL,NULL,NULL,NULL,NULL,NULL,NULL,NULL,NULL,NULL,NULL,NULL,NULL,NULL,NULL,NULL,NULL,NULL,NULL,NULL,NULL,NULL,NULL,NULL,NULL,NULL,NULL,NULL,NULL),(945,NULL,NULL,NULL,'Marketing',NULL,NULL,NULL,NULL,NULL,NULL,NULL,NULL,NULL,NULL,NULL,NULL,NULL,NULL,NULL,NULL,NULL,NULL,NULL,NULL,NULL,NULL,NULL,NULL,NULL,NULL,NULL,NULL,NULL,NULL,NULL,NULL,NULL,NULL,NULL,NULL,NULL,NULL,NULL,NULL,NULL,NULL,NULL,NULL,NULL,NULL,NULL,NULL,NULL,NULL),(946,'Tag625',NULL,NULL,'Graphic',NULL,NULL,NULL,'AlphaTechPetBase.jpg',5.51,0.12,1.05,4.81,NULL,NULL,'n/a',NULL,'n/a',NULL,NULL,NULL,NULL,NULL,NULL,NULL,NULL,NULL,NULL,NULL,NULL,NULL,NULL,NULL,NULL,NULL,NULL,NULL,NULL,NULL,NULL,NULL,NULL,NULL,NULL,NULL,NULL,NULL,2,2,NULL,70,NULL,NULL,NULL,NULL),(947,'Tag598',NULL,NULL,NULL,NULL,NULL,NULL,NULL,3.72,0.17,3,4.8,NULL,NULL,'n/a',NULL,'n/a',NULL,'solid',2,NULL,NULL,NULL,NULL,NULL,NULL,NULL,NULL,NULL,NULL,NULL,NULL,NULL,NULL,NULL,NULL,NULL,NULL,NULL,NULL,NULL,NULL,NULL,NULL,NULL,NULL,2,1,NULL,71,NULL,NULL,NULL,NULL),(948,'Tag600',NULL,NULL,'HumanHazard',NULL,NULL,NULL,NULL,1.17,0.05,1.16,4.61,NULL,NULL,'n/a',NULL,'n/a',NULL,NULL,NULL,NULL,'16',NULL,NULL,NULL,NULL,NULL,NULL,NULL,NULL,NULL,NULL,NULL,NULL,NULL,NULL,NULL,NULL,NULL,NULL,NULL,NULL,NULL,'center',NULL,NULL,3,NULL,NULL,NULL,947,NULL,NULL,NULL),(949,'Tag601',NULL,NULL,'NetContents',NULL,NULL,NULL,NULL,2.53,0.05,0.2,4.61,NULL,NULL,'n/a',NULL,'n/a',NULL,NULL,NULL,NULL,NULL,NULL,NULL,NULL,NULL,NULL,NULL,NULL,NULL,NULL,NULL,NULL,NULL,NULL,NULL,NULL,NULL,NULL,NULL,NULL,NULL,NULL,NULL,NULL,NULL,3,NULL,NULL,NULL,947,NULL,NULL,NULL),(950,'Tag602',NULL,NULL,'EPA_RegAndEstNbr',NULL,NULL,NULL,NULL,2.72,0.05,0.2,4.61,NULL,NULL,'n/a',NULL,'n/a',NULL,NULL,NULL,NULL,NULL,NULL,NULL,NULL,NULL,NULL,NULL,NULL,NULL,NULL,NULL,NULL,NULL,NULL,NULL,NULL,NULL,NULL,NULL,NULL,NULL,NULL,NULL,NULL,NULL,3,NULL,NULL,NULL,947,NULL,NULL,NULL),(951,'Tag599',NULL,NULL,'Ingredients',NULL,NULL,NULL,NULL,0.19,0.23,0.79,4.24,NULL,NULL,'n/a',NULL,'n/a',NULL,NULL,NULL,NULL,NULL,NULL,NULL,0.2,NULL,0.05,0.05,'Y',NULL,NULL,NULL,NULL,NULL,NULL,NULL,NULL,NULL,NULL,NULL,NULL,NULL,NULL,NULL,NULL,NULL,3,NULL,NULL,NULL,947,NULL,NULL,NULL),(952,NULL,NULL,NULL,'Ingredients',NULL,NULL,NULL,NULL,NULL,NULL,NULL,NULL,NULL,NULL,NULL,NULL,NULL,NULL,NULL,NULL,NULL,NULL,NULL,NULL,NULL,NULL,NULL,NULL,NULL,NULL,NULL,NULL,NULL,NULL,NULL,NULL,NULL,NULL,NULL,NULL,NULL,NULL,NULL,NULL,NULL,NULL,NULL,NULL,NULL,NULL,NULL,NULL,NULL,NULL),(953,NULL,NULL,NULL,'HumanHazard',NULL,NULL,NULL,NULL,NULL,NULL,NULL,NULL,NULL,NULL,NULL,NULL,NULL,NULL,NULL,NULL,NULL,NULL,NULL,NULL,NULL,NULL,NULL,NULL,NULL,NULL,NULL,NULL,NULL,NULL,NULL,NULL,NULL,NULL,NULL,NULL,NULL,NULL,NULL,NULL,NULL,NULL,NULL,NULL,NULL,NULL,NULL,NULL,NULL,NULL),(954,NULL,NULL,NULL,'HumanHazard',NULL,NULL,NULL,NULL,NULL,NULL,NULL,NULL,NULL,NULL,NULL,NULL,NULL,NULL,NULL,NULL,NULL,NULL,NULL,NULL,NULL,NULL,NULL,NULL,NULL,NULL,NULL,NULL,NULL,NULL,NULL,NULL,NULL,NULL,NULL,NULL,NULL,NULL,NULL,NULL,NULL,NULL,NULL,NULL,NULL,NULL,NULL,NULL,NULL,NULL),(955,NULL,NULL,NULL,'HumanHazard',NULL,NULL,NULL,NULL,NULL,NULL,NULL,NULL,NULL,NULL,NULL,NULL,NULL,NULL,NULL,NULL,NULL,NULL,NULL,NULL,NULL,NULL,NULL,NULL,NULL,NULL,NULL,NULL,NULL,NULL,NULL,NULL,NULL,NULL,NULL,NULL,NULL,NULL,NULL,NULL,NULL,NULL,NULL,NULL,NULL,NULL,NULL,NULL,NULL,NULL),(956,NULL,NULL,NULL,NULL,NULL,NULL,NULL,NULL,NULL,NULL,NULL,NULL,NULL,NULL,NULL,NULL,NULL,NULL,NULL,NULL,NULL,NULL,NULL,NULL,NULL,NULL,NULL,NULL,NULL,NULL,NULL,NULL,NULL,NULL,NULL,NULL,NULL,NULL,NULL,NULL,NULL,NULL,NULL,NULL,NULL,NULL,NULL,NULL,NULL,NULL,NULL,NULL,NULL,NULL),(957,NULL,NULL,NULL,NULL,NULL,NULL,NULL,NULL,NULL,NULL,NULL,NULL,NULL,NULL,NULL,NULL,NULL,NULL,NULL,NULL,NULL,NULL,NULL,NULL,NULL,NULL,NULL,NULL,NULL,NULL,NULL,NULL,NULL,NULL,NULL,NULL,NULL,NULL,NULL,NULL,NULL,NULL,NULL,NULL,NULL,NULL,NULL,NULL,NULL,NULL,NULL,NULL,NULL,NULL),(958,'Tag597',NULL,'xxx','Graphic',NULL,NULL,NULL,'KennelSolHeader.jpg',0.11,0.42,3.47,4.35,NULL,NULL,'n/a',NULL,'n/a',NULL,NULL,NULL,NULL,NULL,NULL,NULL,NULL,NULL,NULL,NULL,NULL,NULL,NULL,NULL,NULL,NULL,NULL,NULL,NULL,NULL,NULL,NULL,NULL,NULL,NULL,NULL,NULL,NULL,2,2,NULL,71,NULL,NULL,NULL,NULL),(959,'Tag660',NULL,NULL,'StorageDisposal',NULL,NULL,NULL,NULL,0.09,0.17,2.75,3.61,NULL,NULL,'n/a',NULL,'n/a',NULL,NULL,NULL,NULL,NULL,NULL,NULL,NULL,NULL,NULL,NULL,NULL,NULL,NULL,NULL,NULL,NULL,NULL,NULL,NULL,NULL,NULL,NULL,NULL,NULL,NULL,NULL,NULL,NULL,2,1,NULL,72,NULL,NULL,NULL,NULL),(960,NULL,NULL,NULL,'StorageDisposal',NULL,NULL,NULL,NULL,NULL,NULL,NULL,NULL,NULL,NULL,NULL,NULL,NULL,NULL,NULL,NULL,NULL,NULL,NULL,NULL,0.04,NULL,NULL,NULL,NULL,NULL,NULL,NULL,NULL,NULL,NULL,NULL,NULL,NULL,NULL,NULL,NULL,NULL,NULL,'center',NULL,NULL,NULL,NULL,NULL,NULL,NULL,NULL,NULL,NULL),(961,NULL,NULL,NULL,'StorageDisposal',NULL,NULL,NULL,NULL,NULL,NULL,NULL,NULL,NULL,NULL,NULL,NULL,NULL,NULL,NULL,NULL,NULL,'9',NULL,NULL,0.01,NULL,NULL,NULL,NULL,NULL,NULL,NULL,NULL,NULL,NULL,NULL,NULL,NULL,NULL,NULL,NULL,NULL,NULL,NULL,NULL,NULL,NULL,NULL,NULL,NULL,NULL,NULL,NULL,NULL),(962,'Tag663',NULL,NULL,'StorageDisposal',NULL,NULL,'Y',NULL,0.12,4.07,1.64,3.8,NULL,NULL,'n/a',NULL,'n/a',NULL,NULL,NULL,NULL,NULL,NULL,NULL,NULL,NULL,NULL,NULL,NULL,NULL,NULL,NULL,NULL,NULL,NULL,NULL,NULL,NULL,NULL,NULL,NULL,NULL,NULL,NULL,NULL,NULL,2,2,NULL,72,NULL,NULL,NULL,NULL),(963,NULL,NULL,NULL,'StorageDisposal',NULL,NULL,NULL,NULL,NULL,NULL,NULL,NULL,NULL,NULL,NULL,NULL,NULL,NULL,NULL,NULL,NULL,NULL,NULL,NULL,0.04,NULL,NULL,NULL,NULL,NULL,NULL,NULL,NULL,NULL,NULL,NULL,NULL,NULL,NULL,NULL,NULL,NULL,NULL,NULL,NULL,NULL,NULL,NULL,NULL,NULL,NULL,NULL,NULL,NULL),(964,NULL,NULL,NULL,'StorageDisposal',NULL,NULL,NULL,NULL,NULL,NULL,NULL,NULL,NULL,NULL,NULL,NULL,NULL,NULL,NULL,NULL,NULL,NULL,NULL,NULL,NULL,NULL,NULL,NULL,NULL,NULL,NULL,NULL,NULL,NULL,NULL,NULL,NULL,NULL,NULL,NULL,NULL,NULL,NULL,NULL,NULL,NULL,NULL,NULL,NULL,NULL,NULL,NULL,NULL,NULL),(965,'Tag669',NULL,NULL,'Precautionary',NULL,NULL,NULL,NULL,1.85,4.07,0.82,3.8,NULL,NULL,'n/a',NULL,'n/a',NULL,NULL,NULL,NULL,NULL,NULL,NULL,NULL,NULL,NULL,NULL,NULL,NULL,NULL,NULL,NULL,NULL,NULL,NULL,NULL,NULL,NULL,NULL,NULL,NULL,NULL,NULL,NULL,NULL,2,3,NULL,72,NULL,NULL,NULL,NULL),(966,NULL,NULL,NULL,'Precautionary',NULL,NULL,NULL,NULL,NULL,NULL,NULL,NULL,NULL,NULL,NULL,NULL,NULL,NULL,NULL,NULL,NULL,NULL,NULL,NULL,NULL,NULL,NULL,NULL,NULL,NULL,NULL,NULL,NULL,NULL,NULL,NULL,NULL,NULL,NULL,NULL,NULL,NULL,NULL,NULL,NULL,NULL,NULL,NULL,NULL,NULL,NULL,NULL,NULL,NULL),(967,NULL,NULL,NULL,'Precautionary',NULL,NULL,NULL,NULL,NULL,NULL,NULL,NULL,NULL,NULL,NULL,NULL,NULL,NULL,NULL,NULL,NULL,NULL,NULL,NULL,NULL,NULL,NULL,NULL,NULL,NULL,NULL,NULL,NULL,NULL,NULL,NULL,NULL,NULL,NULL,NULL,NULL,NULL,NULL,NULL,NULL,NULL,NULL,NULL,NULL,NULL,NULL,NULL,NULL,NULL),(968,'Tag665',NULL,NULL,'Precautionary',NULL,NULL,'Y',NULL,0.11,8.09,0.2,3.8,NULL,NULL,'n/a',NULL,'n/a',NULL,NULL,NULL,NULL,NULL,NULL,NULL,NULL,NULL,NULL,NULL,NULL,NULL,NULL,NULL,NULL,NULL,NULL,NULL,NULL,NULL,NULL,NULL,NULL,NULL,NULL,NULL,NULL,NULL,2,4,NULL,72,NULL,NULL,NULL,NULL),(969,'Tag667',NULL,NULL,'FirstAid',NULL,NULL,NULL,NULL,0.12,8.18,2.07,3.67,NULL,NULL,'n/a',NULL,'n/a',NULL,NULL,NULL,NULL,NULL,NULL,NULL,NULL,NULL,NULL,NULL,NULL,NULL,NULL,NULL,NULL,NULL,NULL,NULL,NULL,NULL,NULL,NULL,NULL,NULL,NULL,NULL,NULL,NULL,2,5,NULL,72,NULL,NULL,NULL,NULL),(970,NULL,NULL,NULL,'FirstAid',NULL,NULL,NULL,NULL,NULL,NULL,NULL,NULL,NULL,NULL,NULL,NULL,NULL,NULL,NULL,NULL,NULL,NULL,NULL,NULL,0.04,NULL,NULL,NULL,NULL,NULL,NULL,NULL,NULL,NULL,NULL,NULL,NULL,NULL,NULL,NULL,NULL,NULL,NULL,NULL,NULL,NULL,NULL,NULL,NULL,NULL,NULL,NULL,NULL,NULL),(971,NULL,NULL,NULL,'FirstAid',NULL,NULL,NULL,NULL,NULL,NULL,NULL,NULL,NULL,NULL,NULL,NULL,NULL,NULL,NULL,NULL,NULL,NULL,NULL,NULL,NULL,NULL,NULL,NULL,NULL,NULL,NULL,NULL,NULL,NULL,NULL,NULL,NULL,NULL,NULL,NULL,NULL,NULL,NULL,NULL,NULL,NULL,NULL,NULL,NULL,NULL,NULL,NULL,NULL,NULL),(972,NULL,NULL,NULL,'FirstAid',NULL,NULL,NULL,NULL,NULL,NULL,NULL,NULL,NULL,NULL,NULL,NULL,NULL,NULL,NULL,NULL,NULL,NULL,NULL,NULL,NULL,NULL,NULL,NULL,NULL,NULL,NULL,NULL,NULL,NULL,NULL,NULL,NULL,NULL,NULL,NULL,NULL,NULL,NULL,NULL,NULL,NULL,NULL,NULL,NULL,NULL,NULL,NULL,NULL,NULL),(973,NULL,NULL,NULL,'FirstAid',NULL,NULL,NULL,NULL,NULL,NULL,NULL,NULL,NULL,NULL,NULL,NULL,NULL,NULL,NULL,NULL,NULL,NULL,NULL,NULL,NULL,NULL,NULL,NULL,NULL,NULL,NULL,NULL,NULL,NULL,NULL,NULL,NULL,NULL,NULL,NULL,NULL,NULL,NULL,NULL,NULL,NULL,NULL,NULL,NULL,NULL,NULL,NULL,NULL,NULL),(974,'Tag666',NULL,NULL,'FirstAid',NULL,NULL,'Y',NULL,0.09,12.08,1,3.8,NULL,NULL,'n/a',NULL,'n/a',NULL,NULL,NULL,NULL,NULL,NULL,NULL,NULL,NULL,NULL,NULL,NULL,NULL,NULL,NULL,NULL,NULL,NULL,NULL,NULL,NULL,NULL,NULL,NULL,NULL,NULL,NULL,NULL,NULL,2,6,NULL,72,NULL,NULL,NULL,NULL),(975,'Tag668',NULL,NULL,'EnvironmentalHazard',NULL,NULL,NULL,NULL,1.36,12.1,1.5,3.8,NULL,NULL,'n/a',NULL,'n/a',NULL,NULL,NULL,NULL,NULL,NULL,NULL,NULL,NULL,NULL,NULL,NULL,NULL,NULL,NULL,NULL,NULL,NULL,NULL,NULL,NULL,NULL,NULL,NULL,NULL,NULL,NULL,NULL,NULL,2,7,NULL,72,NULL,NULL,NULL,NULL),(1058,NULL,NULL,NULL,'Ingredients',NULL,NULL,NULL,NULL,NULL,NULL,NULL,NULL,NULL,NULL,NULL,NULL,NULL,NULL,NULL,NULL,NULL,NULL,NULL,NULL,NULL,NULL,NULL,NULL,NULL,NULL,NULL,NULL,NULL,NULL,NULL,NULL,NULL,NULL,NULL,NULL,NULL,NULL,NULL,NULL,NULL,NULL,NULL,NULL,NULL,NULL,NULL,NULL,NULL,NULL),(1059,NULL,NULL,NULL,'Ingredients',NULL,NULL,NULL,NULL,NULL,NULL,NULL,NULL,'pan-68',NULL,NULL,NULL,NULL,NULL,NULL,NULL,'Arial','8','normal',NULL,NULL,NULL,NULL,NULL,NULL,NULL,NULL,NULL,NULL,NULL,NULL,NULL,NULL,NULL,NULL,NULL,NULL,NULL,NULL,'center',NULL,NULL,NULL,NULL,NULL,NULL,NULL,NULL,NULL,2),(1060,NULL,NULL,NULL,'Ingredients',NULL,NULL,NULL,NULL,NULL,NULL,NULL,NULL,'pan-68',NULL,NULL,NULL,NULL,NULL,NULL,NULL,'Arial','10','bold',NULL,NULL,NULL,NULL,NULL,NULL,NULL,NULL,NULL,NULL,NULL,NULL,NULL,NULL,NULL,NULL,NULL,NULL,NULL,NULL,'center',NULL,NULL,NULL,NULL,NULL,NULL,NULL,NULL,NULL,2),(1061,NULL,NULL,NULL,'Ingredients',NULL,NULL,NULL,NULL,NULL,NULL,NULL,NULL,'pan-68',NULL,NULL,NULL,NULL,NULL,NULL,NULL,'Arial','10','bold',NULL,NULL,NULL,NULL,NULL,NULL,NULL,NULL,NULL,NULL,NULL,NULL,NULL,NULL,NULL,NULL,NULL,NULL,NULL,NULL,'center',NULL,NULL,NULL,NULL,NULL,NULL,NULL,NULL,NULL,2),(1062,NULL,NULL,NULL,'StorageDisposal',NULL,NULL,NULL,NULL,NULL,NULL,NULL,NULL,NULL,NULL,NULL,NULL,NULL,NULL,NULL,NULL,NULL,NULL,NULL,NULL,NULL,NULL,NULL,NULL,NULL,NULL,NULL,NULL,NULL,NULL,NULL,NULL,NULL,NULL,NULL,NULL,NULL,NULL,NULL,NULL,NULL,NULL,NULL,NULL,NULL,NULL,NULL,NULL,NULL,NULL),(1063,NULL,NULL,NULL,'StorageDisposal',NULL,NULL,NULL,NULL,NULL,NULL,NULL,NULL,'pan-68',NULL,NULL,NULL,NULL,NULL,NULL,NULL,'Arial','10','normal',NULL,NULL,NULL,NULL,NULL,NULL,NULL,NULL,NULL,NULL,NULL,NULL,NULL,NULL,NULL,NULL,NULL,NULL,NULL,NULL,'left',NULL,NULL,NULL,NULL,NULL,NULL,NULL,NULL,NULL,2),(1172,'Tag101',NULL,NULL,'Graphic',NULL,NULL,NULL,NULL,2.99,0.31,2.04,4.64,NULL,NULL,'n/a',NULL,'pan-68',NULL,'solid',1,NULL,NULL,NULL,NULL,NULL,NULL,NULL,NULL,NULL,NULL,NULL,NULL,NULL,NULL,NULL,NULL,NULL,NULL,NULL,NULL,NULL,NULL,NULL,NULL,NULL,NULL,2,1,NULL,100,NULL,NULL,2,NULL),(1173,'Tag102',NULL,NULL,'Graphic',NULL,NULL,NULL,'newkennelsolhrheader.jpg',0.09,0.42,2.79,4.43,NULL,NULL,'n/a',NULL,'n/a',NULL,NULL,NULL,NULL,NULL,NULL,NULL,NULL,NULL,NULL,NULL,NULL,NULL,NULL,NULL,NULL,NULL,NULL,NULL,NULL,NULL,NULL,NULL,NULL,NULL,NULL,NULL,NULL,NULL,2,2,NULL,100,NULL,NULL,NULL,NULL),(1174,'Tag103',NULL,NULL,'StorageDisposal',NULL,NULL,NULL,NULL,0.09,5.06,4.84,4.49,NULL,NULL,'n/a',NULL,'n/a',NULL,NULL,NULL,NULL,NULL,NULL,NULL,NULL,NULL,NULL,NULL,NULL,NULL,NULL,NULL,NULL,NULL,NULL,NULL,NULL,NULL,NULL,NULL,NULL,NULL,NULL,NULL,NULL,NULL,2,3,NULL,100,NULL,NULL,NULL,NULL),(1175,'Tag104',NULL,NULL,NULL,NULL,NULL,NULL,NULL,0.09,9.74,4.85,4.48,NULL,NULL,'n/a',NULL,'n/a',NULL,NULL,NULL,NULL,NULL,NULL,NULL,NULL,NULL,NULL,NULL,NULL,NULL,NULL,NULL,NULL,NULL,NULL,NULL,NULL,NULL,NULL,NULL,NULL,NULL,NULL,NULL,NULL,NULL,2,4,NULL,100,NULL,NULL,NULL,NULL),(1176,'Tag105',NULL,NULL,NULL,NULL,NULL,NULL,NULL,0.1,14.42,4.84,4.44,NULL,NULL,'n/a',NULL,'n/a',NULL,NULL,NULL,NULL,NULL,NULL,NULL,NULL,NULL,NULL,NULL,NULL,NULL,NULL,NULL,NULL,NULL,NULL,NULL,NULL,NULL,NULL,NULL,NULL,NULL,NULL,NULL,NULL,NULL,2,5,NULL,100,NULL,NULL,NULL,NULL),(1177,'Tag106',NULL,NULL,'Ingredients',NULL,NULL,NULL,NULL,0.05,0.17,0.88,4.17,NULL,NULL,'n/a',NULL,'n/a',NULL,NULL,NULL,NULL,NULL,NULL,NULL,NULL,NULL,NULL,NULL,NULL,NULL,NULL,NULL,NULL,NULL,NULL,NULL,NULL,NULL,NULL,NULL,NULL,NULL,NULL,NULL,NULL,NULL,3,NULL,NULL,NULL,1172,NULL,NULL,NULL),(1178,'Tag107',NULL,NULL,'HumanHazard',NULL,NULL,NULL,NULL,0.95,0.17,0.68,4.19,NULL,NULL,'n/a',NULL,'n/a',NULL,NULL,NULL,NULL,NULL,NULL,NULL,NULL,NULL,NULL,NULL,NULL,NULL,NULL,NULL,NULL,NULL,NULL,NULL,NULL,NULL,NULL,NULL,NULL,NULL,NULL,NULL,NULL,NULL,3,NULL,NULL,NULL,1172,NULL,NULL,NULL),(1179,NULL,NULL,NULL,'Ingredients',NULL,NULL,NULL,NULL,NULL,NULL,NULL,NULL,NULL,NULL,NULL,NULL,NULL,NULL,NULL,NULL,NULL,NULL,NULL,NULL,NULL,NULL,NULL,NULL,NULL,NULL,NULL,NULL,NULL,NULL,NULL,NULL,NULL,NULL,NULL,NULL,NULL,NULL,NULL,NULL,NULL,NULL,NULL,NULL,NULL,NULL,NULL,NULL,NULL,NULL),(1180,NULL,NULL,NULL,'Ingredients',NULL,NULL,NULL,NULL,NULL,NULL,NULL,NULL,'pan-68',NULL,NULL,NULL,NULL,NULL,NULL,NULL,'Arial','8','normal',NULL,0,0,0,0,NULL,NULL,NULL,NULL,NULL,NULL,NULL,NULL,NULL,NULL,NULL,NULL,NULL,'SL',NULL,'left',1.16,NULL,NULL,NULL,NULL,NULL,NULL,NULL,NULL,2),(1181,NULL,NULL,NULL,'Ingredients',NULL,NULL,NULL,NULL,NULL,NULL,NULL,NULL,NULL,NULL,NULL,NULL,NULL,NULL,NULL,NULL,NULL,NULL,NULL,NULL,NULL,NULL,NULL,NULL,NULL,NULL,NULL,NULL,NULL,NULL,NULL,NULL,NULL,NULL,NULL,NULL,NULL,NULL,NULL,NULL,NULL,NULL,NULL,NULL,NULL,NULL,NULL,NULL,NULL,NULL),(1182,NULL,NULL,NULL,'Ingredients',NULL,NULL,NULL,NULL,NULL,NULL,NULL,NULL,NULL,NULL,NULL,NULL,NULL,NULL,NULL,NULL,NULL,NULL,NULL,NULL,NULL,NULL,NULL,NULL,NULL,NULL,NULL,NULL,NULL,NULL,NULL,NULL,NULL,NULL,NULL,NULL,NULL,NULL,NULL,NULL,NULL,NULL,NULL,NULL,NULL,NULL,NULL,NULL,NULL,NULL),(1183,NULL,NULL,NULL,'HumanHazard',NULL,NULL,NULL,NULL,NULL,NULL,NULL,NULL,'pan-68',NULL,NULL,NULL,NULL,NULL,NULL,NULL,'Arial','14','bold',NULL,NULL,NULL,NULL,NULL,NULL,NULL,NULL,NULL,NULL,NULL,NULL,NULL,NULL,NULL,NULL,NULL,NULL,NULL,NULL,'center',NULL,NULL,NULL,NULL,NULL,NULL,NULL,NULL,NULL,2),(1184,NULL,NULL,NULL,'HumanHazard',NULL,NULL,NULL,NULL,NULL,NULL,NULL,NULL,NULL,NULL,NULL,NULL,NULL,NULL,NULL,NULL,NULL,NULL,NULL,NULL,NULL,NULL,NULL,NULL,NULL,NULL,NULL,NULL,NULL,NULL,NULL,NULL,NULL,NULL,NULL,NULL,NULL,NULL,NULL,NULL,NULL,NULL,NULL,NULL,NULL,NULL,NULL,NULL,NULL,NULL),(1185,NULL,NULL,NULL,'HumanHazard',NULL,NULL,NULL,NULL,NULL,NULL,NULL,NULL,'pan-68',NULL,NULL,NULL,NULL,NULL,NULL,NULL,'Arial','8','normal',NULL,NULL,NULL,NULL,NULL,NULL,NULL,NULL,NULL,NULL,NULL,NULL,NULL,NULL,NULL,NULL,NULL,NULL,NULL,NULL,'center',NULL,NULL,NULL,NULL,NULL,NULL,NULL,NULL,NULL,2),(1186,NULL,NULL,NULL,'StorageDisposal',NULL,NULL,NULL,NULL,NULL,NULL,NULL,NULL,'pan-68',NULL,NULL,NULL,NULL,NULL,NULL,NULL,'Arial','8','bold',NULL,NULL,NULL,NULL,NULL,NULL,NULL,NULL,NULL,NULL,NULL,NULL,NULL,NULL,NULL,NULL,NULL,NULL,'SL',NULL,'center',NULL,NULL,NULL,NULL,NULL,NULL,NULL,NULL,NULL,2),(1187,NULL,NULL,NULL,'StorageDisposal',NULL,NULL,NULL,NULL,NULL,NULL,NULL,NULL,'pan-68',NULL,NULL,NULL,NULL,NULL,NULL,NULL,'Arial','8','normal',NULL,NULL,NULL,NULL,NULL,NULL,NULL,NULL,NULL,NULL,NULL,NULL,NULL,NULL,NULL,NULL,NULL,NULL,NULL,NULL,'justify',NULL,NULL,NULL,NULL,NULL,NULL,NULL,NULL,NULL,2),(1188,NULL,NULL,NULL,'Graphic',NULL,NULL,NULL,NULL,NULL,NULL,NULL,NULL,'pan-68',NULL,NULL,NULL,NULL,NULL,NULL,NULL,'Arial','8','bold',NULL,NULL,NULL,NULL,NULL,NULL,NULL,NULL,NULL,NULL,NULL,NULL,NULL,NULL,NULL,NULL,NULL,NULL,NULL,NULL,'center',NULL,NULL,NULL,NULL,NULL,NULL,NULL,NULL,NULL,2),(1189,NULL,NULL,NULL,'Graphic',NULL,NULL,NULL,NULL,NULL,NULL,NULL,NULL,'pan-68',NULL,NULL,NULL,NULL,NULL,NULL,NULL,'Arial','8','bold',NULL,NULL,NULL,NULL,NULL,NULL,NULL,NULL,NULL,NULL,NULL,NULL,NULL,NULL,NULL,NULL,NULL,NULL,'SL',NULL,'left',NULL,NULL,NULL,NULL,NULL,NULL,NULL,NULL,NULL,2),(1190,'Tag597',NULL,'xxx','Graphic',NULL,NULL,NULL,'KennelSolHeaderHD.jpg',-0.03,0.17,3.58,4.77,NULL,NULL,'n/a',NULL,'n/a',NULL,NULL,NULL,NULL,NULL,NULL,NULL,NULL,NULL,NULL,NULL,NULL,NULL,NULL,NULL,NULL,NULL,NULL,NULL,NULL,NULL,NULL,NULL,NULL,NULL,NULL,NULL,NULL,NULL,2,NULL,NULL,NULL,NULL,NULL,NULL,NULL),(1191,'Tag598',NULL,NULL,NULL,NULL,NULL,NULL,NULL,3.72,0.17,3,4.8,NULL,NULL,'n/a',NULL,'n/a',NULL,NULL,NULL,NULL,NULL,NULL,NULL,NULL,NULL,NULL,NULL,NULL,NULL,NULL,NULL,NULL,NULL,NULL,NULL,NULL,NULL,NULL,NULL,NULL,NULL,NULL,NULL,NULL,NULL,2,NULL,NULL,NULL,NULL,NULL,NULL,NULL),(1192,'Tag599',NULL,NULL,'Ingredients',NULL,NULL,NULL,NULL,0.19,0.2,0.36,3.53,NULL,NULL,NULL,NULL,NULL,NULL,NULL,NULL,NULL,NULL,NULL,NULL,0.2,NULL,0.05,0.05,'Y',NULL,NULL,NULL,NULL,NULL,NULL,NULL,NULL,NULL,NULL,NULL,NULL,NULL,NULL,NULL,NULL,NULL,3,NULL,NULL,NULL,1191,NULL,NULL,NULL),(1193,NULL,NULL,NULL,'Ingredients',NULL,NULL,NULL,NULL,NULL,NULL,NULL,NULL,NULL,NULL,NULL,NULL,NULL,NULL,NULL,NULL,NULL,NULL,NULL,NULL,0.05,NULL,NULL,NULL,NULL,NULL,NULL,NULL,NULL,NULL,NULL,NULL,NULL,NULL,NULL,NULL,NULL,NULL,NULL,NULL,NULL,NULL,NULL,NULL,NULL,NULL,NULL,NULL,NULL,NULL),(1194,'Tag600',NULL,NULL,'HumanHazard',NULL,NULL,NULL,NULL,0.93,0.05,0.85,4.59,NULL,NULL,NULL,NULL,NULL,NULL,NULL,NULL,NULL,'16',NULL,NULL,NULL,NULL,NULL,NULL,NULL,NULL,NULL,NULL,NULL,NULL,NULL,NULL,NULL,NULL,NULL,NULL,NULL,NULL,NULL,'center',NULL,NULL,3,NULL,NULL,NULL,1191,NULL,NULL,NULL),(1195,NULL,NULL,NULL,'HumanHazard',NULL,NULL,NULL,NULL,NULL,NULL,NULL,NULL,NULL,NULL,NULL,NULL,NULL,NULL,NULL,NULL,NULL,'16','bold',NULL,NULL,NULL,NULL,NULL,NULL,NULL,NULL,NULL,NULL,NULL,NULL,NULL,NULL,NULL,NULL,NULL,NULL,NULL,NULL,'center',NULL,NULL,NULL,NULL,NULL,NULL,NULL,NULL,NULL,NULL),(1196,NULL,NULL,NULL,'HumanHazard',NULL,NULL,NULL,NULL,NULL,NULL,NULL,NULL,NULL,NULL,NULL,NULL,NULL,NULL,NULL,NULL,NULL,'20','bold',NULL,NULL,NULL,NULL,NULL,NULL,NULL,NULL,NULL,NULL,NULL,NULL,NULL,NULL,NULL,NULL,NULL,NULL,NULL,NULL,'center',NULL,NULL,NULL,NULL,NULL,NULL,NULL,NULL,NULL,NULL),(1197,NULL,NULL,NULL,'HumanHazard',NULL,NULL,NULL,NULL,NULL,NULL,NULL,NULL,NULL,NULL,NULL,NULL,NULL,NULL,NULL,NULL,NULL,'10',NULL,NULL,NULL,NULL,NULL,NULL,NULL,NULL,NULL,NULL,NULL,NULL,NULL,NULL,NULL,NULL,NULL,NULL,NULL,NULL,NULL,'center',NULL,NULL,NULL,NULL,NULL,NULL,NULL,NULL,NULL,NULL),(1198,'Tag601',NULL,NULL,'NetContents',NULL,NULL,NULL,NULL,2.1,0.1,0.2,4.58,NULL,NULL,'n/a',NULL,'n/a',NULL,NULL,NULL,NULL,NULL,NULL,NULL,NULL,NULL,NULL,NULL,NULL,NULL,NULL,NULL,NULL,NULL,NULL,NULL,NULL,NULL,NULL,NULL,NULL,NULL,NULL,NULL,NULL,NULL,3,NULL,NULL,NULL,1191,NULL,NULL,NULL),(1199,'Tag602',NULL,NULL,'EPA_RegAndEstNbr',NULL,NULL,NULL,NULL,2.3,0.1,0.2,4.58,NULL,NULL,'n/a',NULL,'n/a',NULL,NULL,NULL,NULL,NULL,NULL,NULL,NULL,NULL,NULL,NULL,NULL,NULL,NULL,NULL,NULL,NULL,NULL,NULL,NULL,NULL,NULL,NULL,NULL,NULL,NULL,NULL,NULL,NULL,3,NULL,NULL,NULL,1191,NULL,NULL,NULL),(1200,'t_102',NULL,NULL,'StorageDisposal',NULL,NULL,NULL,NULL,0.06,4.67,7.09,3.58,NULL,NULL,'n/a',NULL,'n/a',NULL,NULL,NULL,NULL,NULL,NULL,NULL,NULL,NULL,NULL,NULL,NULL,NULL,NULL,NULL,NULL,NULL,NULL,NULL,NULL,NULL,NULL,NULL,NULL,NULL,NULL,NULL,NULL,NULL,2,NULL,NULL,NULL,NULL,NULL,NULL,NULL),(1201,NULL,NULL,NULL,'StorageDisposal',NULL,NULL,NULL,NULL,NULL,NULL,NULL,NULL,NULL,NULL,NULL,NULL,NULL,NULL,NULL,NULL,NULL,NULL,NULL,NULL,NULL,NULL,NULL,NULL,NULL,NULL,NULL,NULL,NULL,NULL,NULL,NULL,NULL,NULL,NULL,NULL,NULL,NULL,NULL,NULL,NULL,NULL,NULL,NULL,NULL,NULL,NULL,NULL,NULL,NULL),(1202,NULL,NULL,NULL,'StorageDisposal',NULL,NULL,NULL,NULL,NULL,NULL,NULL,NULL,'pan-68',NULL,NULL,NULL,NULL,NULL,NULL,NULL,'Arial','10','normal',NULL,NULL,NULL,NULL,NULL,NULL,NULL,NULL,NULL,NULL,NULL,NULL,NULL,NULL,NULL,NULL,NULL,NULL,NULL,NULL,'left',NULL,NULL,NULL,NULL,NULL,NULL,NULL,NULL,NULL,2),(1604,'Tag597',NULL,'xxx','Graphic',NULL,NULL,NULL,'KennelSolHeaderHD.jpg',-0.03,0.17,3.58,4.77,NULL,NULL,'n/a',NULL,'n/a',NULL,NULL,NULL,NULL,NULL,NULL,NULL,NULL,NULL,NULL,NULL,NULL,NULL,NULL,NULL,NULL,NULL,NULL,NULL,NULL,NULL,NULL,NULL,NULL,NULL,NULL,NULL,NULL,NULL,2,1,NULL,138,NULL,NULL,NULL,NULL),(1605,'Tag598',NULL,NULL,NULL,NULL,NULL,NULL,NULL,3.72,0.17,3,4.8,NULL,NULL,NULL,NULL,NULL,NULL,NULL,NULL,NULL,NULL,NULL,NULL,NULL,NULL,NULL,NULL,NULL,NULL,NULL,NULL,NULL,NULL,NULL,NULL,NULL,NULL,NULL,NULL,NULL,NULL,NULL,NULL,NULL,NULL,2,2,NULL,138,NULL,NULL,NULL,NULL),(1606,'Tag599',NULL,NULL,'Ingredients',NULL,NULL,NULL,NULL,0.19,0.045,0.58,4.593,NULL,NULL,'n/a',NULL,'n/a',NULL,NULL,NULL,NULL,NULL,NULL,NULL,0.2,NULL,0.05,0.05,'Y',NULL,NULL,NULL,NULL,NULL,NULL,NULL,NULL,NULL,NULL,NULL,NULL,NULL,NULL,NULL,NULL,NULL,3,NULL,NULL,NULL,1605,NULL,NULL,NULL),(1607,NULL,NULL,NULL,'Ingredients',NULL,NULL,NULL,NULL,NULL,NULL,NULL,NULL,NULL,NULL,NULL,NULL,NULL,NULL,NULL,NULL,NULL,NULL,NULL,NULL,0.05,NULL,NULL,NULL,NULL,NULL,NULL,NULL,NULL,NULL,NULL,NULL,NULL,NULL,NULL,NULL,NULL,NULL,NULL,NULL,NULL,NULL,NULL,NULL,NULL,NULL,NULL,NULL,NULL,NULL),(1608,'Tag602',NULL,NULL,'EPA_RegAndEstNbr',NULL,NULL,NULL,NULL,2.3,0.1,0.2,4.58,NULL,NULL,'n/a',NULL,'n/a',NULL,NULL,NULL,NULL,NULL,NULL,NULL,NULL,NULL,NULL,NULL,NULL,NULL,NULL,NULL,NULL,NULL,NULL,NULL,NULL,NULL,NULL,NULL,NULL,NULL,NULL,NULL,NULL,NULL,3,NULL,NULL,NULL,1605,NULL,NULL,NULL),(1609,'Tag601',NULL,NULL,'NetContents',NULL,NULL,NULL,NULL,2.1,0.1,0.2,4.58,NULL,NULL,'n/a',NULL,'n/a',NULL,NULL,NULL,NULL,NULL,NULL,NULL,NULL,NULL,NULL,NULL,NULL,NULL,NULL,NULL,NULL,NULL,NULL,NULL,NULL,NULL,NULL,NULL,NULL,NULL,NULL,NULL,NULL,NULL,3,NULL,NULL,NULL,1605,NULL,NULL,NULL),(1610,'Tag600',NULL,NULL,'HumanHazard',NULL,NULL,NULL,NULL,1.025,0.05,0.85,4.59,NULL,NULL,'n/a',NULL,'n/a',NULL,NULL,NULL,NULL,'16',NULL,NULL,NULL,NULL,NULL,NULL,NULL,NULL,NULL,NULL,NULL,NULL,NULL,NULL,NULL,NULL,NULL,NULL,NULL,NULL,NULL,'center',NULL,NULL,3,NULL,NULL,NULL,1605,NULL,NULL,NULL),(1611,NULL,NULL,NULL,'HumanHazard',NULL,NULL,NULL,NULL,NULL,NULL,NULL,NULL,NULL,NULL,NULL,NULL,NULL,NULL,NULL,NULL,NULL,'16','bold',NULL,NULL,NULL,NULL,NULL,NULL,NULL,NULL,NULL,NULL,NULL,NULL,NULL,NULL,NULL,NULL,NULL,NULL,NULL,NULL,'center',NULL,NULL,NULL,NULL,NULL,NULL,NULL,NULL,NULL,NULL),(1612,NULL,NULL,NULL,'HumanHazard',NULL,NULL,NULL,NULL,NULL,NULL,NULL,NULL,NULL,NULL,NULL,NULL,NULL,NULL,NULL,NULL,NULL,'20','bold',NULL,NULL,NULL,NULL,NULL,NULL,NULL,NULL,NULL,NULL,NULL,NULL,NULL,NULL,NULL,NULL,NULL,NULL,NULL,NULL,'center',NULL,NULL,NULL,NULL,NULL,NULL,NULL,NULL,NULL,NULL),(1613,NULL,NULL,NULL,'HumanHazard',NULL,NULL,NULL,NULL,NULL,NULL,NULL,NULL,NULL,NULL,NULL,NULL,NULL,NULL,NULL,NULL,NULL,'10',NULL,NULL,NULL,NULL,NULL,NULL,NULL,NULL,NULL,NULL,NULL,NULL,NULL,NULL,NULL,NULL,NULL,NULL,NULL,NULL,NULL,'center',NULL,NULL,NULL,NULL,NULL,NULL,NULL,NULL,NULL,NULL),(1614,'Tag659',NULL,NULL,NULL,NULL,NULL,NULL,NULL,0,0,2.8,16.56,NULL,NULL,NULL,NULL,NULL,NULL,NULL,NULL,NULL,NULL,NULL,NULL,NULL,NULL,NULL,NULL,NULL,NULL,NULL,NULL,NULL,NULL,NULL,NULL,NULL,NULL,NULL,NULL,NULL,NULL,NULL,NULL,NULL,NULL,2,NULL,NULL,139,NULL,NULL,NULL,NULL),(1615,'Tag660',NULL,NULL,'StorageDisposal',NULL,NULL,NULL,NULL,0.1,0.2,2.5,3.8,NULL,NULL,NULL,NULL,NULL,NULL,NULL,NULL,NULL,NULL,NULL,NULL,NULL,NULL,NULL,NULL,NULL,NULL,NULL,NULL,NULL,NULL,NULL,NULL,NULL,NULL,NULL,NULL,NULL,NULL,NULL,NULL,NULL,NULL,3,NULL,NULL,NULL,1614,NULL,NULL,NULL),(1616,NULL,NULL,NULL,'StorageDisposal',NULL,NULL,NULL,NULL,NULL,NULL,NULL,NULL,NULL,NULL,NULL,NULL,NULL,NULL,NULL,NULL,NULL,NULL,NULL,NULL,0.04,NULL,NULL,NULL,NULL,NULL,NULL,NULL,NULL,NULL,NULL,NULL,NULL,NULL,NULL,NULL,NULL,NULL,NULL,'center',NULL,NULL,NULL,NULL,NULL,NULL,NULL,NULL,NULL,NULL),(1617,NULL,NULL,NULL,'StorageDisposal',NULL,NULL,NULL,NULL,NULL,NULL,NULL,NULL,NULL,NULL,NULL,NULL,NULL,NULL,NULL,NULL,NULL,'9',NULL,NULL,0.01,NULL,NULL,NULL,NULL,NULL,NULL,NULL,NULL,NULL,NULL,NULL,NULL,NULL,NULL,NULL,NULL,NULL,NULL,NULL,NULL,NULL,NULL,NULL,NULL,NULL,NULL,NULL,NULL,NULL),(1618,'Tag669',NULL,NULL,'Precautionary',NULL,NULL,NULL,NULL,1.8,4.3,1,3.8,NULL,NULL,NULL,NULL,NULL,NULL,NULL,NULL,NULL,NULL,NULL,NULL,NULL,NULL,NULL,NULL,NULL,NULL,NULL,NULL,NULL,NULL,NULL,NULL,NULL,NULL,NULL,NULL,NULL,NULL,NULL,NULL,NULL,NULL,3,NULL,NULL,NULL,1614,NULL,NULL,NULL),(1619,NULL,NULL,NULL,'Precautionary',NULL,NULL,NULL,NULL,NULL,NULL,NULL,NULL,NULL,NULL,NULL,NULL,NULL,NULL,NULL,NULL,NULL,NULL,NULL,NULL,NULL,NULL,NULL,NULL,NULL,NULL,NULL,NULL,NULL,NULL,NULL,NULL,NULL,NULL,NULL,NULL,NULL,NULL,NULL,NULL,NULL,NULL,NULL,NULL,NULL,NULL,NULL,NULL,NULL,NULL),(1620,NULL,NULL,NULL,'Precautionary',NULL,NULL,NULL,NULL,NULL,NULL,NULL,NULL,NULL,NULL,NULL,NULL,NULL,NULL,NULL,NULL,NULL,NULL,NULL,NULL,NULL,NULL,NULL,NULL,NULL,NULL,NULL,NULL,NULL,NULL,NULL,NULL,NULL,NULL,NULL,NULL,NULL,NULL,NULL,NULL,NULL,NULL,NULL,NULL,NULL,NULL,NULL,NULL,NULL,NULL),(1621,'Tag668',NULL,NULL,'EnvironmentalHazard',NULL,NULL,NULL,NULL,0.8,12.5,1.5,3.8,NULL,NULL,NULL,NULL,NULL,NULL,NULL,NULL,NULL,NULL,NULL,NULL,NULL,NULL,NULL,NULL,NULL,NULL,NULL,NULL,NULL,NULL,NULL,NULL,NULL,NULL,NULL,NULL,NULL,NULL,NULL,NULL,NULL,NULL,3,NULL,NULL,NULL,1614,NULL,NULL,NULL),(1622,'Tag667',NULL,NULL,'FirstAid',NULL,NULL,NULL,NULL,0.3,8.4,1.5,3.8,NULL,NULL,NULL,NULL,NULL,NULL,NULL,NULL,NULL,NULL,NULL,NULL,NULL,NULL,NULL,NULL,NULL,NULL,NULL,NULL,NULL,NULL,NULL,NULL,NULL,NULL,NULL,NULL,NULL,NULL,NULL,NULL,NULL,NULL,3,NULL,NULL,NULL,1614,NULL,NULL,NULL),(1623,NULL,NULL,NULL,'FirstAid',NULL,NULL,NULL,NULL,NULL,NULL,NULL,NULL,NULL,NULL,NULL,NULL,NULL,NULL,NULL,NULL,NULL,NULL,NULL,NULL,NULL,NULL,NULL,NULL,NULL,NULL,NULL,NULL,NULL,NULL,NULL,NULL,NULL,NULL,NULL,NULL,NULL,NULL,NULL,NULL,NULL,NULL,NULL,NULL,NULL,NULL,NULL,NULL,NULL,NULL),(1624,NULL,NULL,NULL,'FirstAid',NULL,NULL,NULL,NULL,NULL,NULL,NULL,NULL,NULL,NULL,NULL,NULL,NULL,NULL,NULL,NULL,NULL,NULL,NULL,NULL,NULL,NULL,NULL,NULL,NULL,NULL,NULL,NULL,NULL,NULL,NULL,NULL,NULL,NULL,NULL,NULL,NULL,NULL,NULL,NULL,NULL,NULL,NULL,NULL,NULL,NULL,NULL,NULL,NULL,NULL),(1625,'Tag666',NULL,NULL,'FirstAid',NULL,NULL,'Y',NULL,0.1,12.5,1,3.8,NULL,NULL,NULL,NULL,NULL,NULL,NULL,NULL,NULL,NULL,NULL,NULL,NULL,NULL,NULL,NULL,NULL,NULL,NULL,NULL,NULL,NULL,NULL,NULL,NULL,NULL,NULL,NULL,NULL,NULL,NULL,NULL,NULL,NULL,3,NULL,NULL,NULL,1614,NULL,NULL,NULL),(1626,'Tag665',NULL,NULL,'Precautionary',NULL,NULL,'Y',NULL,0.1,8.4,0.2,3.8,NULL,NULL,NULL,NULL,NULL,NULL,NULL,NULL,NULL,NULL,NULL,NULL,NULL,NULL,NULL,NULL,NULL,NULL,NULL,NULL,NULL,NULL,NULL,NULL,NULL,NULL,NULL,NULL,NULL,NULL,NULL,NULL,NULL,NULL,3,NULL,NULL,NULL,1614,NULL,NULL,NULL),(1627,'Tag663',NULL,NULL,'StorageDisposal',NULL,NULL,'Y',NULL,0.1,4.3,2,3.8,NULL,NULL,NULL,NULL,NULL,NULL,NULL,NULL,NULL,NULL,NULL,NULL,NULL,NULL,NULL,NULL,NULL,NULL,NULL,NULL,NULL,NULL,NULL,NULL,NULL,NULL,NULL,NULL,NULL,NULL,NULL,NULL,NULL,NULL,3,NULL,NULL,NULL,1614,NULL,NULL,NULL),(1628,NULL,NULL,NULL,'StorageDisposal',NULL,NULL,NULL,NULL,NULL,NULL,NULL,NULL,NULL,NULL,NULL,NULL,NULL,NULL,NULL,NULL,NULL,NULL,NULL,NULL,0.04,NULL,NULL,NULL,NULL,NULL,NULL,NULL,NULL,NULL,NULL,NULL,NULL,NULL,NULL,NULL,NULL,NULL,NULL,NULL,NULL,NULL,NULL,NULL,NULL,NULL,NULL,NULL,NULL,NULL),(1629,NULL,NULL,NULL,'StorageDisposal',NULL,NULL,NULL,NULL,NULL,NULL,NULL,NULL,NULL,NULL,NULL,NULL,NULL,NULL,NULL,NULL,NULL,NULL,NULL,NULL,NULL,NULL,NULL,NULL,NULL,NULL,NULL,NULL,NULL,NULL,NULL,NULL,NULL,NULL,NULL,NULL,NULL,NULL,NULL,NULL,NULL,NULL,NULL,NULL,NULL,NULL,NULL,NULL,NULL,NULL),(1630,'Tag620',NULL,NULL,NULL,NULL,NULL,NULL,NULL,0,0,5.938,5,NULL,NULL,'n/a',NULL,'n/a',NULL,NULL,NULL,NULL,NULL,NULL,NULL,NULL,NULL,NULL,NULL,NULL,NULL,NULL,NULL,NULL,NULL,NULL,NULL,NULL,NULL,NULL,NULL,NULL,NULL,NULL,NULL,NULL,NULL,2,1,NULL,140,NULL,NULL,NULL,NULL),(1631,'Tag621',NULL,NULL,'ProductName',NULL,NULL,NULL,NULL,0.05,0.112,0.4,4.792,NULL,NULL,'n/a',NULL,'n/a',NULL,NULL,NULL,NULL,NULL,NULL,NULL,NULL,NULL,NULL,NULL,NULL,NULL,NULL,NULL,NULL,NULL,NULL,NULL,NULL,NULL,NULL,NULL,NULL,NULL,NULL,NULL,NULL,NULL,3,NULL,NULL,NULL,1630,NULL,NULL,NULL),(1632,NULL,NULL,NULL,'ProductName',NULL,NULL,NULL,NULL,NULL,NULL,NULL,NULL,'pan-68',NULL,NULL,NULL,NULL,NULL,NULL,NULL,'Serif','26','bold',NULL,NULL,NULL,NULL,NULL,NULL,NULL,NULL,NULL,NULL,NULL,NULL,NULL,NULL,NULL,NULL,NULL,NULL,NULL,NULL,'center',NULL,NULL,NULL,NULL,NULL,NULL,NULL,NULL,NULL,2),(1633,'Tag634','Virucidal',NULL,'Marketing',NULL,NULL,NULL,NULL,5,0.1,0.8,4.8,NULL,NULL,'n/a',NULL,'n/a',NULL,NULL,NULL,NULL,NULL,NULL,NULL,NULL,NULL,NULL,NULL,NULL,NULL,NULL,NULL,NULL,NULL,NULL,NULL,NULL,NULL,NULL,NULL,NULL,NULL,NULL,NULL,NULL,NULL,3,NULL,NULL,NULL,1630,NULL,NULL,NULL),(1634,'Tag633','Fungicidal',NULL,'Marketing',NULL,NULL,NULL,NULL,4.5,0.1,0.4,4.8,NULL,NULL,NULL,NULL,NULL,NULL,NULL,NULL,NULL,NULL,NULL,NULL,NULL,NULL,NULL,NULL,NULL,NULL,NULL,NULL,NULL,NULL,NULL,NULL,NULL,NULL,NULL,NULL,NULL,NULL,NULL,NULL,NULL,NULL,3,NULL,NULL,NULL,1630,NULL,NULL,NULL),(1635,'Tag622','Bactericidal Claims',NULL,'Marketing','C2',NULL,NULL,NULL,2.15,0.112,1.84,4.792,NULL,NULL,'n/a',NULL,'n/a','Y',NULL,NULL,NULL,NULL,NULL,NULL,NULL,NULL,NULL,NULL,NULL,NULL,NULL,NULL,NULL,NULL,NULL,NULL,NULL,NULL,NULL,NULL,NULL,NULL,NULL,NULL,NULL,NULL,3,NULL,NULL,NULL,1630,NULL,NULL,NULL),(1636,NULL,NULL,NULL,'Marketing',NULL,NULL,NULL,NULL,NULL,NULL,NULL,NULL,NULL,NULL,NULL,NULL,NULL,NULL,NULL,NULL,NULL,NULL,NULL,NULL,0.5,NULL,0.02,NULL,NULL,NULL,NULL,NULL,NULL,NULL,NULL,NULL,NULL,NULL,NULL,NULL,NULL,NULL,NULL,NULL,NULL,NULL,NULL,NULL,NULL,NULL,NULL,NULL,NULL,NULL),(1637,NULL,NULL,NULL,'Marketing',NULL,NULL,NULL,NULL,NULL,NULL,NULL,NULL,NULL,NULL,NULL,NULL,'green',NULL,'dashed',7,NULL,NULL,NULL,NULL,NULL,NULL,NULL,NULL,NULL,NULL,NULL,NULL,NULL,NULL,NULL,NULL,NULL,NULL,NULL,NULL,NULL,NULL,NULL,NULL,NULL,NULL,NULL,NULL,NULL,NULL,NULL,NULL,NULL,NULL),(1638,NULL,NULL,NULL,'Marketing',NULL,NULL,NULL,NULL,NULL,NULL,NULL,NULL,NULL,NULL,NULL,NULL,NULL,NULL,NULL,NULL,NULL,NULL,NULL,NULL,NULL,NULL,NULL,NULL,NULL,NULL,NULL,NULL,NULL,NULL,NULL,NULL,NULL,NULL,NULL,NULL,NULL,NULL,NULL,NULL,NULL,NULL,NULL,NULL,NULL,NULL,NULL,NULL,NULL,NULL),(1639,'Tag630','For Use Areas Only',NULL,'Marketing',NULL,NULL,NULL,NULL,1.47,0.112,0.48,4.792,NULL,NULL,'n/a',NULL,'n/a',NULL,NULL,NULL,NULL,NULL,NULL,NULL,NULL,NULL,NULL,NULL,NULL,NULL,NULL,NULL,NULL,NULL,NULL,NULL,NULL,NULL,NULL,NULL,NULL,NULL,NULL,NULL,NULL,NULL,3,NULL,NULL,NULL,1630,NULL,NULL,NULL),(1640,'Tag629','Multi-Purpose Detergent',NULL,'Marketing',NULL,NULL,NULL,NULL,0.96,0.11,0.4,4.8,NULL,NULL,'n/a',NULL,'n/a',NULL,NULL,NULL,NULL,NULL,NULL,NULL,NULL,NULL,NULL,NULL,NULL,NULL,NULL,NULL,NULL,NULL,NULL,NULL,NULL,NULL,NULL,NULL,NULL,NULL,NULL,NULL,NULL,NULL,3,NULL,NULL,NULL,1630,NULL,NULL,NULL),(1641,'Tag623','Germicidal Detergent',NULL,'Marketing',NULL,NULL,NULL,NULL,0.5,0.112,0.3,4.792,NULL,NULL,'n/a',NULL,'n/a',NULL,NULL,NULL,NULL,NULL,NULL,NULL,NULL,NULL,NULL,NULL,NULL,NULL,NULL,NULL,NULL,NULL,NULL,NULL,NULL,NULL,NULL,NULL,NULL,NULL,NULL,NULL,NULL,NULL,3,NULL,NULL,NULL,1630,NULL,NULL,NULL),(1642,NULL,NULL,NULL,'Marketing',NULL,NULL,NULL,NULL,NULL,NULL,NULL,NULL,'Red',NULL,NULL,NULL,NULL,NULL,NULL,NULL,'Serif','20','bold',NULL,NULL,NULL,NULL,NULL,NULL,NULL,NULL,NULL,NULL,NULL,NULL,NULL,NULL,NULL,NULL,NULL,NULL,NULL,NULL,'center',NULL,NULL,NULL,NULL,NULL,NULL,NULL,NULL,NULL,1),(1643,'Tag625',NULL,NULL,'Graphic',NULL,NULL,NULL,'AlphaTechPetBase.jpg',5.951,0,1.05,5.05,NULL,NULL,'n/a',NULL,'n/a',NULL,NULL,NULL,NULL,NULL,NULL,NULL,NULL,NULL,NULL,NULL,NULL,NULL,NULL,NULL,NULL,NULL,NULL,NULL,NULL,NULL,NULL,NULL,NULL,NULL,NULL,NULL,NULL,NULL,2,2,NULL,140,NULL,NULL,NULL,NULL),(1644,'Tag626',NULL,NULL,'DirectionsForUse',NULL,NULL,NULL,NULL,0.09,0.056,7.093,5.376,NULL,NULL,'n/a',NULL,'n/a',NULL,NULL,NULL,NULL,NULL,NULL,NULL,NULL,NULL,NULL,NULL,NULL,NULL,NULL,NULL,NULL,NULL,NULL,NULL,NULL,NULL,NULL,NULL,NULL,NULL,NULL,NULL,NULL,NULL,2,NULL,NULL,141,NULL,NULL,NULL,NULL),(1645,NULL,NULL,NULL,'DirectionsForUse',NULL,NULL,NULL,NULL,NULL,NULL,NULL,NULL,'Red',NULL,NULL,NULL,NULL,NULL,NULL,NULL,NULL,'8',NULL,NULL,0.05,NULL,NULL,NULL,NULL,NULL,NULL,NULL,NULL,NULL,NULL,NULL,NULL,NULL,NULL,NULL,NULL,NULL,NULL,NULL,NULL,NULL,NULL,NULL,NULL,NULL,NULL,NULL,NULL,1),(1646,NULL,NULL,NULL,'DirectionsForUse',NULL,NULL,NULL,NULL,NULL,NULL,NULL,NULL,NULL,NULL,NULL,NULL,NULL,NULL,NULL,NULL,NULL,'8',NULL,NULL,0.05,NULL,NULL,NULL,NULL,NULL,NULL,NULL,NULL,NULL,NULL,NULL,NULL,NULL,NULL,NULL,NULL,NULL,NULL,'justify',NULL,NULL,NULL,NULL,NULL,NULL,NULL,NULL,NULL,NULL),(1647,NULL,NULL,NULL,'FirstAid',NULL,NULL,NULL,NULL,NULL,NULL,NULL,NULL,NULL,NULL,NULL,NULL,NULL,NULL,NULL,NULL,NULL,NULL,NULL,NULL,NULL,NULL,NULL,NULL,NULL,NULL,NULL,NULL,NULL,NULL,NULL,NULL,NULL,NULL,NULL,NULL,NULL,NULL,NULL,NULL,NULL,NULL,NULL,NULL,NULL,NULL,NULL,NULL,NULL,NULL),(1648,NULL,NULL,NULL,'FirstAid',NULL,NULL,NULL,NULL,NULL,NULL,NULL,NULL,NULL,NULL,NULL,NULL,NULL,NULL,NULL,NULL,NULL,NULL,NULL,NULL,NULL,NULL,NULL,NULL,NULL,NULL,NULL,NULL,NULL,NULL,NULL,NULL,NULL,NULL,NULL,NULL,NULL,NULL,NULL,NULL,NULL,NULL,NULL,NULL,NULL,NULL,NULL,NULL,NULL,NULL),(1649,NULL,NULL,NULL,'FirstAid',NULL,NULL,NULL,NULL,NULL,NULL,NULL,NULL,NULL,NULL,NULL,NULL,NULL,NULL,NULL,NULL,NULL,NULL,NULL,NULL,NULL,NULL,NULL,NULL,NULL,NULL,NULL,NULL,NULL,NULL,NULL,NULL,NULL,NULL,NULL,NULL,NULL,NULL,NULL,NULL,NULL,NULL,NULL,NULL,NULL,NULL,NULL,NULL,NULL,NULL),(1650,NULL,NULL,NULL,'FirstAid',NULL,NULL,NULL,NULL,NULL,NULL,NULL,NULL,NULL,NULL,NULL,NULL,NULL,NULL,NULL,NULL,NULL,NULL,NULL,NULL,NULL,NULL,NULL,NULL,NULL,NULL,NULL,NULL,NULL,NULL,NULL,NULL,NULL,NULL,NULL,NULL,NULL,NULL,NULL,NULL,NULL,NULL,NULL,NULL,NULL,NULL,NULL,NULL,NULL,NULL),(1651,NULL,NULL,NULL,'NetContents',NULL,NULL,NULL,NULL,NULL,NULL,NULL,NULL,NULL,NULL,NULL,NULL,NULL,NULL,NULL,NULL,NULL,NULL,NULL,NULL,NULL,NULL,NULL,NULL,NULL,NULL,NULL,NULL,NULL,NULL,NULL,NULL,NULL,NULL,NULL,NULL,NULL,NULL,NULL,NULL,NULL,NULL,NULL,NULL,NULL,NULL,NULL,NULL,NULL,NULL),(1652,NULL,NULL,NULL,'NetContents',NULL,NULL,NULL,NULL,NULL,NULL,NULL,NULL,NULL,NULL,NULL,NULL,NULL,NULL,NULL,NULL,NULL,NULL,NULL,NULL,NULL,NULL,NULL,NULL,NULL,NULL,NULL,NULL,NULL,NULL,NULL,NULL,NULL,NULL,NULL,NULL,NULL,NULL,NULL,'center',NULL,NULL,NULL,NULL,NULL,NULL,NULL,NULL,NULL,NULL),(1653,NULL,NULL,NULL,'EPA_RegAndEstNbr',NULL,NULL,NULL,NULL,NULL,NULL,NULL,NULL,NULL,NULL,NULL,NULL,NULL,NULL,NULL,NULL,NULL,NULL,NULL,NULL,NULL,NULL,NULL,NULL,NULL,NULL,NULL,NULL,NULL,NULL,NULL,NULL,NULL,NULL,NULL,NULL,NULL,NULL,NULL,NULL,NULL,NULL,NULL,NULL,NULL,NULL,NULL,NULL,NULL,NULL),(1654,NULL,NULL,NULL,'EPA_RegAndEstNbr',NULL,NULL,NULL,NULL,NULL,NULL,NULL,NULL,NULL,NULL,NULL,NULL,NULL,NULL,NULL,NULL,NULL,NULL,NULL,NULL,NULL,NULL,NULL,NULL,NULL,NULL,NULL,NULL,NULL,NULL,NULL,NULL,NULL,NULL,NULL,NULL,NULL,NULL,NULL,'center',NULL,NULL,NULL,NULL,NULL,NULL,NULL,NULL,NULL,NULL),(1655,NULL,NULL,NULL,'Graphic',NULL,NULL,NULL,NULL,NULL,NULL,NULL,NULL,NULL,NULL,NULL,NULL,NULL,NULL,NULL,NULL,NULL,NULL,NULL,NULL,NULL,NULL,NULL,NULL,NULL,NULL,NULL,NULL,NULL,NULL,NULL,NULL,NULL,NULL,NULL,NULL,NULL,NULL,NULL,NULL,NULL,NULL,NULL,NULL,NULL,NULL,NULL,NULL,NULL,NULL),(1656,NULL,NULL,NULL,'Graphic',NULL,NULL,NULL,NULL,NULL,NULL,NULL,NULL,'',NULL,NULL,NULL,NULL,NULL,NULL,NULL,NULL,NULL,NULL,NULL,NULL,NULL,NULL,NULL,NULL,NULL,NULL,NULL,NULL,NULL,NULL,NULL,NULL,NULL,NULL,NULL,NULL,NULL,NULL,NULL,NULL,NULL,NULL,NULL,NULL,NULL,NULL,NULL,NULL,NULL),(1969,'Tag626',NULL,NULL,'DirectionsForUse',NULL,NULL,NULL,NULL,0.093,0.062,7.093,5.376,NULL,NULL,'n/a',NULL,'n/a',NULL,NULL,NULL,NULL,NULL,NULL,NULL,NULL,NULL,NULL,NULL,NULL,NULL,NULL,NULL,NULL,NULL,NULL,NULL,NULL,NULL,NULL,NULL,NULL,NULL,NULL,NULL,NULL,NULL,2,NULL,NULL,NULL,NULL,NULL,NULL,NULL),(1970,NULL,NULL,NULL,'DirectionsForUse',NULL,NULL,NULL,NULL,NULL,NULL,NULL,NULL,NULL,NULL,NULL,NULL,NULL,NULL,NULL,NULL,NULL,'8',NULL,NULL,0.05,NULL,NULL,NULL,NULL,NULL,NULL,NULL,NULL,NULL,NULL,NULL,NULL,NULL,NULL,NULL,NULL,NULL,NULL,NULL,NULL,NULL,NULL,NULL,NULL,NULL,NULL,NULL,NULL,1),(1971,NULL,NULL,NULL,'DirectionsForUse',NULL,NULL,NULL,NULL,NULL,NULL,NULL,NULL,NULL,NULL,NULL,NULL,NULL,NULL,NULL,NULL,NULL,'8',NULL,NULL,0.05,NULL,NULL,NULL,NULL,NULL,NULL,NULL,NULL,NULL,NULL,NULL,NULL,NULL,NULL,NULL,NULL,NULL,NULL,'justify',NULL,NULL,NULL,NULL,NULL,NULL,NULL,NULL,NULL,NULL),(1972,NULL,NULL,NULL,NULL,NULL,NULL,NULL,NULL,NULL,NULL,NULL,NULL,NULL,NULL,NULL,NULL,NULL,NULL,NULL,NULL,NULL,NULL,NULL,NULL,NULL,NULL,NULL,NULL,NULL,NULL,NULL,NULL,NULL,NULL,NULL,NULL,NULL,NULL,NULL,NULL,NULL,NULL,NULL,NULL,NULL,NULL,NULL,NULL,NULL,NULL,NULL,NULL,NULL,1),(1973,NULL,NULL,NULL,'DirectionsForUse',NULL,NULL,NULL,NULL,NULL,NULL,NULL,NULL,'',NULL,NULL,NULL,NULL,NULL,NULL,NULL,NULL,NULL,NULL,NULL,NULL,NULL,NULL,NULL,NULL,NULL,NULL,NULL,NULL,NULL,NULL,NULL,NULL,NULL,NULL,NULL,NULL,NULL,NULL,NULL,NULL,NULL,NULL,NULL,NULL,NULL,NULL,NULL,NULL,NULL),(1974,'Tag626',NULL,NULL,'DirectionsForUse',NULL,NULL,NULL,NULL,0.093,0.062,7.093,5.376,NULL,NULL,'n/a',NULL,'n/a',NULL,NULL,NULL,NULL,NULL,NULL,NULL,NULL,NULL,NULL,NULL,NULL,NULL,NULL,NULL,NULL,NULL,NULL,NULL,NULL,NULL,NULL,NULL,NULL,NULL,NULL,NULL,NULL,NULL,2,NULL,NULL,NULL,NULL,NULL,NULL,NULL),(1975,NULL,NULL,NULL,'DirectionsForUse',NULL,NULL,NULL,NULL,NULL,NULL,NULL,NULL,'Red',NULL,NULL,NULL,NULL,NULL,NULL,NULL,NULL,'8',NULL,NULL,0.05,NULL,NULL,NULL,NULL,NULL,NULL,NULL,NULL,NULL,NULL,NULL,NULL,NULL,NULL,NULL,NULL,'CF',NULL,NULL,NULL,NULL,NULL,NULL,NULL,NULL,NULL,NULL,NULL,1),(1976,NULL,NULL,NULL,'DirectionsForUse',NULL,NULL,NULL,NULL,NULL,NULL,NULL,NULL,NULL,NULL,NULL,NULL,NULL,NULL,NULL,NULL,NULL,'8',NULL,NULL,0.05,NULL,NULL,NULL,NULL,NULL,NULL,NULL,NULL,NULL,NULL,NULL,NULL,NULL,NULL,NULL,NULL,NULL,NULL,'justify',NULL,NULL,NULL,NULL,NULL,NULL,NULL,NULL,NULL,NULL),(1977,NULL,NULL,NULL,'DirectionsForUse',NULL,NULL,NULL,NULL,NULL,NULL,NULL,NULL,'Red',NULL,NULL,NULL,NULL,NULL,NULL,NULL,NULL,NULL,NULL,NULL,NULL,NULL,NULL,NULL,NULL,NULL,NULL,NULL,NULL,NULL,NULL,NULL,NULL,NULL,NULL,NULL,NULL,NULL,NULL,NULL,NULL,NULL,NULL,NULL,NULL,NULL,NULL,NULL,NULL,1),(1978,'Tag626',NULL,NULL,'DirectionsForUse',NULL,NULL,NULL,NULL,0.093,0.062,7.093,5.376,NULL,NULL,'n/a',NULL,'n/a',NULL,NULL,NULL,NULL,NULL,NULL,NULL,NULL,NULL,NULL,NULL,NULL,NULL,NULL,NULL,NULL,NULL,NULL,NULL,NULL,NULL,NULL,NULL,NULL,NULL,NULL,NULL,NULL,NULL,2,NULL,NULL,NULL,NULL,NULL,NULL,NULL),(1979,NULL,NULL,NULL,'DirectionsForUse',NULL,NULL,NULL,NULL,NULL,NULL,NULL,NULL,NULL,NULL,NULL,NULL,NULL,NULL,NULL,NULL,NULL,'8',NULL,NULL,0.05,NULL,NULL,NULL,NULL,NULL,NULL,NULL,NULL,NULL,NULL,NULL,NULL,NULL,NULL,NULL,NULL,NULL,NULL,NULL,NULL,NULL,NULL,NULL,NULL,NULL,NULL,NULL,NULL,NULL),(1980,NULL,NULL,NULL,'DirectionsForUse',NULL,NULL,NULL,NULL,NULL,NULL,NULL,NULL,NULL,NULL,NULL,NULL,NULL,NULL,NULL,NULL,NULL,'8',NULL,NULL,0.05,NULL,NULL,NULL,NULL,NULL,NULL,NULL,NULL,NULL,NULL,NULL,NULL,NULL,NULL,NULL,NULL,NULL,NULL,'justify',NULL,NULL,NULL,NULL,NULL,NULL,NULL,NULL,NULL,NULL),(1981,NULL,NULL,NULL,'DirectionsForUse',NULL,NULL,NULL,NULL,NULL,NULL,NULL,NULL,NULL,NULL,NULL,NULL,NULL,NULL,NULL,NULL,NULL,NULL,NULL,NULL,NULL,NULL,NULL,NULL,NULL,NULL,NULL,NULL,NULL,NULL,NULL,NULL,NULL,NULL,NULL,NULL,NULL,NULL,NULL,NULL,NULL,NULL,NULL,NULL,NULL,NULL,NULL,NULL,NULL,NULL),(1982,'Tag626',NULL,NULL,'DirectionsForUse',NULL,NULL,NULL,NULL,0.093,0.062,7.093,5.376,NULL,NULL,'n/a',NULL,'n/a',NULL,NULL,NULL,NULL,NULL,NULL,NULL,NULL,NULL,NULL,NULL,NULL,NULL,NULL,NULL,NULL,NULL,NULL,NULL,NULL,NULL,NULL,NULL,NULL,NULL,NULL,NULL,NULL,NULL,2,NULL,NULL,NULL,NULL,NULL,NULL,NULL),(1983,NULL,NULL,NULL,'DirectionsForUse',NULL,NULL,NULL,NULL,NULL,NULL,NULL,NULL,NULL,NULL,NULL,NULL,NULL,NULL,NULL,NULL,NULL,'8',NULL,NULL,0.05,NULL,NULL,NULL,NULL,NULL,NULL,NULL,NULL,NULL,NULL,NULL,NULL,NULL,NULL,NULL,NULL,NULL,NULL,NULL,NULL,NULL,NULL,NULL,NULL,NULL,NULL,NULL,NULL,NULL),(1984,NULL,NULL,NULL,'DirectionsForUse',NULL,NULL,NULL,NULL,NULL,NULL,NULL,NULL,NULL,NULL,NULL,NULL,NULL,NULL,NULL,NULL,NULL,'8',NULL,NULL,0.05,NULL,NULL,NULL,NULL,NULL,NULL,NULL,NULL,NULL,NULL,NULL,NULL,NULL,NULL,NULL,NULL,NULL,NULL,'justify',NULL,NULL,NULL,NULL,NULL,NULL,NULL,NULL,NULL,1),(1985,NULL,NULL,NULL,'DirectionsForUse',NULL,NULL,NULL,NULL,NULL,NULL,NULL,NULL,NULL,NULL,NULL,NULL,NULL,NULL,NULL,NULL,NULL,NULL,NULL,NULL,NULL,NULL,NULL,NULL,NULL,NULL,NULL,NULL,NULL,NULL,NULL,NULL,NULL,NULL,NULL,NULL,NULL,NULL,NULL,NULL,NULL,NULL,NULL,NULL,NULL,NULL,NULL,NULL,NULL,1),(1986,'Tag626',NULL,NULL,'DirectionsForUse',NULL,NULL,NULL,NULL,0.093,0.062,7.093,5.376,NULL,NULL,'n/a',NULL,'n/a',NULL,NULL,NULL,NULL,NULL,NULL,NULL,NULL,NULL,NULL,NULL,NULL,NULL,NULL,NULL,NULL,NULL,NULL,NULL,NULL,NULL,NULL,NULL,NULL,NULL,NULL,NULL,NULL,NULL,2,NULL,NULL,NULL,NULL,NULL,NULL,NULL),(1987,NULL,NULL,NULL,'DirectionsForUse',NULL,NULL,NULL,NULL,NULL,NULL,NULL,NULL,NULL,NULL,NULL,NULL,NULL,NULL,NULL,NULL,NULL,'8',NULL,NULL,0.05,NULL,NULL,NULL,NULL,NULL,NULL,NULL,NULL,NULL,NULL,NULL,NULL,NULL,NULL,NULL,NULL,NULL,NULL,NULL,NULL,NULL,NULL,NULL,NULL,NULL,NULL,NULL,NULL,1),(1988,NULL,NULL,NULL,'DirectionsForUse',NULL,NULL,NULL,NULL,NULL,NULL,NULL,NULL,NULL,NULL,NULL,NULL,NULL,NULL,NULL,NULL,NULL,'8',NULL,NULL,0.05,NULL,NULL,NULL,NULL,NULL,NULL,NULL,NULL,NULL,NULL,NULL,NULL,NULL,NULL,NULL,NULL,NULL,NULL,'justify',NULL,NULL,NULL,NULL,NULL,NULL,NULL,NULL,NULL,NULL),(1989,NULL,NULL,NULL,'DirectionsForUse',NULL,NULL,NULL,NULL,NULL,NULL,NULL,NULL,NULL,NULL,NULL,NULL,NULL,NULL,NULL,NULL,NULL,NULL,NULL,NULL,NULL,NULL,NULL,NULL,NULL,NULL,NULL,NULL,NULL,NULL,NULL,NULL,NULL,NULL,NULL,NULL,NULL,NULL,NULL,NULL,NULL,NULL,NULL,NULL,NULL,NULL,NULL,NULL,NULL,1),(1990,'Tag626',NULL,NULL,'DirectionsForUse',NULL,NULL,NULL,NULL,0.093,0.062,7.093,5.376,NULL,NULL,'n/a',NULL,'n/a',NULL,NULL,NULL,NULL,NULL,NULL,NULL,NULL,NULL,NULL,NULL,NULL,NULL,NULL,NULL,NULL,NULL,NULL,NULL,NULL,NULL,NULL,NULL,NULL,NULL,NULL,NULL,NULL,NULL,2,NULL,NULL,NULL,NULL,NULL,NULL,NULL),(1991,NULL,NULL,NULL,'DirectionsForUse',NULL,NULL,NULL,NULL,NULL,NULL,NULL,NULL,NULL,NULL,NULL,NULL,NULL,NULL,NULL,NULL,NULL,'8',NULL,NULL,0.05,NULL,NULL,NULL,NULL,NULL,NULL,NULL,NULL,NULL,NULL,NULL,NULL,NULL,NULL,NULL,NULL,'CF',NULL,NULL,NULL,NULL,NULL,NULL,NULL,NULL,NULL,NULL,NULL,NULL),(1992,NULL,NULL,NULL,'DirectionsForUse',NULL,NULL,NULL,NULL,NULL,NULL,NULL,NULL,NULL,NULL,NULL,NULL,NULL,NULL,NULL,NULL,NULL,'8',NULL,NULL,0.05,NULL,NULL,NULL,NULL,NULL,NULL,NULL,NULL,NULL,NULL,NULL,NULL,NULL,NULL,NULL,NULL,NULL,NULL,'justify',NULL,NULL,NULL,NULL,NULL,NULL,NULL,NULL,NULL,NULL),(1993,NULL,NULL,NULL,'DirectionsForUse',NULL,NULL,NULL,NULL,NULL,NULL,NULL,NULL,NULL,NULL,NULL,NULL,NULL,NULL,NULL,NULL,NULL,NULL,NULL,NULL,NULL,NULL,NULL,NULL,NULL,NULL,NULL,NULL,NULL,NULL,NULL,NULL,NULL,NULL,NULL,NULL,NULL,NULL,NULL,NULL,NULL,NULL,NULL,NULL,NULL,NULL,NULL,NULL,NULL,NULL),(1994,'Tag626',NULL,NULL,'DirectionsForUse',NULL,NULL,NULL,NULL,0.09,0.056,7.093,5.376,NULL,NULL,'n/a',NULL,'n/a',NULL,NULL,NULL,NULL,NULL,NULL,NULL,NULL,NULL,NULL,NULL,NULL,NULL,NULL,NULL,NULL,NULL,NULL,NULL,NULL,NULL,NULL,NULL,NULL,NULL,NULL,NULL,NULL,NULL,2,NULL,NULL,NULL,NULL,NULL,NULL,NULL),(1995,NULL,NULL,NULL,'DirectionsForUse',NULL,NULL,NULL,NULL,NULL,NULL,NULL,NULL,NULL,NULL,NULL,NULL,NULL,NULL,NULL,NULL,NULL,'8',NULL,NULL,0.05,NULL,NULL,NULL,NULL,NULL,NULL,NULL,NULL,NULL,NULL,NULL,NULL,NULL,NULL,NULL,NULL,NULL,NULL,NULL,NULL,NULL,NULL,NULL,NULL,NULL,NULL,NULL,NULL,1),(1996,NULL,NULL,NULL,'DirectionsForUse',NULL,NULL,NULL,NULL,NULL,NULL,NULL,NULL,NULL,NULL,NULL,NULL,NULL,NULL,NULL,NULL,NULL,'8',NULL,NULL,0.05,NULL,NULL,NULL,NULL,NULL,NULL,NULL,NULL,NULL,NULL,NULL,NULL,NULL,NULL,NULL,NULL,NULL,NULL,'justify',NULL,NULL,NULL,NULL,NULL,NULL,NULL,NULL,NULL,NULL),(1997,NULL,NULL,NULL,NULL,NULL,NULL,NULL,NULL,NULL,NULL,NULL,NULL,NULL,NULL,NULL,NULL,NULL,NULL,NULL,NULL,NULL,NULL,NULL,NULL,NULL,NULL,NULL,NULL,NULL,NULL,NULL,NULL,NULL,NULL,NULL,NULL,NULL,NULL,NULL,NULL,NULL,NULL,NULL,NULL,NULL,NULL,NULL,NULL,NULL,NULL,NULL,NULL,NULL,1),(1998,NULL,NULL,NULL,'DirectionsForUse',NULL,NULL,NULL,NULL,NULL,NULL,NULL,NULL,'Red',NULL,NULL,NULL,NULL,NULL,NULL,NULL,NULL,NULL,NULL,NULL,NULL,NULL,NULL,NULL,NULL,NULL,NULL,NULL,NULL,NULL,NULL,NULL,NULL,NULL,NULL,NULL,NULL,NULL,NULL,NULL,NULL,NULL,NULL,NULL,NULL,NULL,NULL,NULL,NULL,1),(1999,'Tag626',NULL,NULL,'DirectionsForUse',NULL,NULL,NULL,NULL,0.09,0.056,7.093,5.376,NULL,NULL,'n/a',NULL,'n/a',NULL,NULL,NULL,NULL,NULL,NULL,NULL,NULL,NULL,NULL,NULL,NULL,NULL,NULL,NULL,NULL,NULL,NULL,NULL,NULL,NULL,NULL,NULL,NULL,NULL,NULL,NULL,NULL,NULL,2,NULL,NULL,NULL,NULL,NULL,NULL,NULL),(2000,NULL,NULL,NULL,'DirectionsForUse',NULL,NULL,NULL,NULL,NULL,NULL,NULL,NULL,'Red',NULL,NULL,NULL,NULL,NULL,NULL,NULL,NULL,'8',NULL,NULL,0.05,NULL,NULL,NULL,NULL,NULL,NULL,NULL,NULL,NULL,NULL,NULL,NULL,NULL,NULL,NULL,NULL,NULL,NULL,NULL,NULL,NULL,NULL,NULL,NULL,NULL,NULL,NULL,NULL,1),(2001,NULL,NULL,NULL,'DirectionsForUse',NULL,NULL,NULL,NULL,NULL,NULL,NULL,NULL,NULL,NULL,NULL,NULL,NULL,NULL,NULL,NULL,NULL,'8',NULL,NULL,0.05,NULL,NULL,NULL,NULL,NULL,NULL,NULL,NULL,NULL,NULL,NULL,NULL,NULL,NULL,NULL,NULL,NULL,NULL,'justify',NULL,NULL,NULL,NULL,NULL,NULL,NULL,NULL,NULL,NULL),(2002,NULL,NULL,NULL,'DirectionsForUse',NULL,NULL,NULL,NULL,NULL,NULL,NULL,NULL,'Red',NULL,NULL,NULL,NULL,NULL,NULL,NULL,NULL,NULL,NULL,NULL,NULL,NULL,NULL,NULL,NULL,NULL,NULL,NULL,NULL,NULL,NULL,NULL,NULL,NULL,NULL,NULL,NULL,NULL,NULL,NULL,NULL,NULL,NULL,NULL,NULL,NULL,NULL,NULL,NULL,1),(2003,'Tag626',NULL,NULL,'DirectionsForUse',NULL,NULL,NULL,NULL,0.093,0.062,7.093,5.376,NULL,NULL,'n/a',NULL,'n/a',NULL,NULL,NULL,NULL,NULL,NULL,NULL,NULL,NULL,NULL,NULL,NULL,NULL,NULL,NULL,NULL,NULL,NULL,NULL,NULL,NULL,NULL,NULL,NULL,NULL,NULL,NULL,NULL,NULL,2,NULL,NULL,NULL,NULL,NULL,NULL,NULL),(2004,NULL,NULL,NULL,'DirectionsForUse',NULL,NULL,NULL,NULL,NULL,NULL,NULL,NULL,NULL,NULL,NULL,NULL,NULL,NULL,NULL,NULL,NULL,'8',NULL,NULL,0.05,NULL,NULL,NULL,NULL,NULL,NULL,NULL,NULL,NULL,NULL,NULL,NULL,NULL,NULL,NULL,NULL,'CF',NULL,NULL,NULL,NULL,NULL,NULL,NULL,NULL,NULL,NULL,NULL,NULL),(2005,NULL,NULL,NULL,'DirectionsForUse',NULL,NULL,NULL,NULL,NULL,NULL,NULL,NULL,NULL,NULL,NULL,NULL,NULL,NULL,NULL,NULL,NULL,'8',NULL,NULL,0.05,NULL,NULL,NULL,NULL,NULL,NULL,NULL,NULL,NULL,NULL,NULL,NULL,NULL,NULL,NULL,NULL,NULL,NULL,'justify',NULL,NULL,NULL,NULL,NULL,NULL,NULL,NULL,NULL,NULL),(2006,NULL,NULL,NULL,'DirectionsForUse',NULL,NULL,NULL,NULL,NULL,NULL,NULL,NULL,NULL,NULL,NULL,NULL,NULL,NULL,NULL,NULL,NULL,NULL,NULL,NULL,NULL,NULL,NULL,NULL,NULL,NULL,NULL,NULL,NULL,NULL,NULL,NULL,NULL,NULL,NULL,NULL,NULL,NULL,NULL,NULL,NULL,NULL,NULL,NULL,NULL,NULL,NULL,NULL,NULL,NULL),(2113,'Tag626',NULL,NULL,'DirectionsForUse',NULL,NULL,NULL,NULL,0.093,0.062,7.093,5.376,NULL,NULL,'n/a',NULL,'n/a',NULL,NULL,NULL,NULL,NULL,NULL,NULL,NULL,NULL,NULL,NULL,NULL,NULL,NULL,NULL,NULL,NULL,NULL,NULL,NULL,NULL,NULL,NULL,NULL,NULL,NULL,NULL,NULL,NULL,2,NULL,NULL,NULL,NULL,NULL,NULL,NULL),(2114,NULL,NULL,NULL,'DirectionsForUse',NULL,NULL,NULL,NULL,NULL,NULL,NULL,NULL,NULL,NULL,NULL,NULL,NULL,NULL,NULL,NULL,NULL,'8',NULL,NULL,0.05,NULL,NULL,NULL,NULL,NULL,NULL,NULL,NULL,NULL,NULL,NULL,NULL,NULL,NULL,NULL,NULL,NULL,NULL,NULL,NULL,NULL,NULL,NULL,NULL,NULL,NULL,NULL,NULL,1),(2115,NULL,NULL,NULL,'DirectionsForUse',NULL,NULL,NULL,NULL,NULL,NULL,NULL,NULL,NULL,NULL,NULL,NULL,NULL,NULL,NULL,NULL,NULL,'8',NULL,NULL,0.05,NULL,NULL,NULL,NULL,NULL,NULL,NULL,NULL,NULL,NULL,NULL,NULL,NULL,NULL,NULL,NULL,NULL,NULL,'justify',NULL,NULL,NULL,NULL,NULL,NULL,NULL,NULL,NULL,NULL),(2116,NULL,NULL,NULL,'DirectionsForUse',NULL,NULL,NULL,NULL,NULL,NULL,NULL,NULL,NULL,NULL,NULL,NULL,NULL,NULL,NULL,NULL,NULL,NULL,NULL,NULL,NULL,NULL,NULL,NULL,NULL,NULL,NULL,NULL,NULL,NULL,NULL,NULL,NULL,NULL,NULL,NULL,NULL,NULL,NULL,NULL,NULL,NULL,NULL,NULL,NULL,NULL,NULL,NULL,NULL,NULL),(2117,'Tag626',NULL,NULL,'DirectionsForUse',NULL,NULL,NULL,NULL,0.093,0.062,7.093,5.376,NULL,NULL,'n/a',NULL,'n/a',NULL,NULL,NULL,NULL,NULL,NULL,NULL,NULL,NULL,NULL,NULL,NULL,NULL,NULL,NULL,NULL,NULL,NULL,NULL,NULL,NULL,NULL,NULL,NULL,NULL,NULL,NULL,NULL,NULL,2,NULL,NULL,NULL,NULL,NULL,NULL,NULL),(2118,NULL,NULL,NULL,'DirectionsForUse',NULL,NULL,NULL,NULL,NULL,NULL,NULL,NULL,NULL,NULL,NULL,NULL,NULL,NULL,NULL,NULL,NULL,'12',NULL,NULL,0.05,NULL,NULL,NULL,NULL,NULL,NULL,NULL,NULL,NULL,NULL,NULL,NULL,NULL,NULL,NULL,NULL,NULL,NULL,NULL,NULL,NULL,NULL,NULL,NULL,NULL,NULL,NULL,NULL,1),(2119,NULL,NULL,NULL,'DirectionsForUse',NULL,NULL,NULL,NULL,NULL,NULL,NULL,NULL,NULL,NULL,NULL,NULL,NULL,NULL,NULL,NULL,NULL,'8',NULL,NULL,0.05,NULL,NULL,NULL,NULL,NULL,NULL,NULL,NULL,NULL,NULL,NULL,NULL,NULL,NULL,NULL,NULL,NULL,NULL,'justify',NULL,NULL,NULL,NULL,NULL,NULL,NULL,NULL,NULL,NULL),(2120,NULL,NULL,NULL,'DirectionsForUse',NULL,NULL,NULL,NULL,NULL,NULL,NULL,NULL,NULL,NULL,NULL,NULL,NULL,NULL,NULL,NULL,NULL,NULL,NULL,NULL,NULL,NULL,NULL,NULL,NULL,NULL,NULL,NULL,NULL,NULL,NULL,NULL,NULL,NULL,NULL,NULL,NULL,NULL,NULL,NULL,NULL,NULL,NULL,NULL,NULL,NULL,NULL,NULL,NULL,NULL),(2121,'Tag626',NULL,NULL,'DirectionsForUse',NULL,NULL,NULL,NULL,0.093,0.062,7.093,5.376,NULL,NULL,'n/a',NULL,'n/a',NULL,NULL,NULL,NULL,NULL,NULL,NULL,NULL,NULL,NULL,NULL,NULL,NULL,NULL,NULL,NULL,NULL,NULL,NULL,NULL,NULL,NULL,NULL,NULL,NULL,NULL,NULL,NULL,NULL,2,NULL,NULL,NULL,NULL,NULL,NULL,NULL),(2122,NULL,NULL,NULL,'DirectionsForUse',NULL,NULL,NULL,NULL,NULL,NULL,NULL,NULL,NULL,NULL,NULL,NULL,NULL,NULL,NULL,NULL,NULL,'20',NULL,NULL,0.05,NULL,NULL,NULL,NULL,NULL,NULL,NULL,NULL,NULL,NULL,NULL,NULL,NULL,NULL,NULL,NULL,NULL,NULL,NULL,NULL,NULL,NULL,NULL,NULL,NULL,NULL,NULL,NULL,1),(2123,NULL,NULL,NULL,'DirectionsForUse',NULL,NULL,NULL,NULL,NULL,NULL,NULL,NULL,NULL,NULL,NULL,NULL,NULL,NULL,NULL,NULL,NULL,'8',NULL,NULL,0.05,NULL,NULL,NULL,NULL,NULL,NULL,NULL,NULL,NULL,NULL,NULL,NULL,NULL,NULL,NULL,NULL,NULL,NULL,'justify',NULL,NULL,NULL,NULL,NULL,NULL,NULL,NULL,NULL,NULL),(2124,NULL,NULL,NULL,'DirectionsForUse',NULL,NULL,NULL,NULL,NULL,NULL,NULL,NULL,NULL,NULL,NULL,NULL,NULL,NULL,NULL,NULL,NULL,NULL,NULL,NULL,NULL,NULL,NULL,NULL,NULL,NULL,NULL,NULL,NULL,NULL,NULL,NULL,NULL,NULL,NULL,NULL,NULL,NULL,NULL,NULL,NULL,NULL,NULL,NULL,NULL,NULL,NULL,NULL,NULL,NULL),(2125,'Tag626',NULL,NULL,'DirectionsForUse',NULL,NULL,NULL,NULL,0.093,0.062,7.093,5.376,NULL,NULL,'n/a',NULL,'n/a',NULL,NULL,NULL,NULL,NULL,NULL,NULL,NULL,NULL,NULL,NULL,NULL,NULL,NULL,NULL,NULL,NULL,NULL,NULL,NULL,NULL,NULL,NULL,NULL,NULL,NULL,NULL,NULL,NULL,2,NULL,NULL,NULL,NULL,NULL,NULL,NULL),(2126,NULL,NULL,NULL,'DirectionsForUse',NULL,NULL,NULL,NULL,NULL,NULL,NULL,NULL,NULL,NULL,NULL,NULL,NULL,NULL,NULL,NULL,NULL,'8',NULL,NULL,0.05,NULL,NULL,NULL,NULL,NULL,NULL,NULL,NULL,NULL,NULL,NULL,NULL,NULL,NULL,NULL,NULL,NULL,NULL,NULL,NULL,NULL,NULL,NULL,NULL,NULL,NULL,NULL,NULL,1),(2127,NULL,NULL,NULL,'DirectionsForUse',NULL,NULL,NULL,NULL,NULL,NULL,NULL,NULL,NULL,NULL,NULL,NULL,NULL,NULL,NULL,NULL,NULL,'8',NULL,NULL,0.05,NULL,NULL,NULL,NULL,NULL,NULL,NULL,NULL,NULL,NULL,NULL,NULL,NULL,NULL,NULL,NULL,NULL,NULL,'justify',NULL,NULL,NULL,NULL,NULL,NULL,NULL,NULL,NULL,NULL),(2128,NULL,NULL,NULL,'DirectionsForUse',NULL,NULL,NULL,NULL,NULL,NULL,NULL,NULL,NULL,NULL,NULL,NULL,NULL,NULL,NULL,NULL,NULL,NULL,NULL,NULL,NULL,NULL,NULL,NULL,NULL,NULL,NULL,NULL,NULL,NULL,NULL,NULL,NULL,NULL,NULL,NULL,NULL,NULL,NULL,NULL,NULL,NULL,NULL,NULL,NULL,NULL,NULL,NULL,NULL,1),(2129,'Tag626',NULL,NULL,'DirectionsForUse',NULL,NULL,NULL,NULL,0.093,0.062,7.093,5.376,NULL,NULL,'n/a',NULL,'n/a',NULL,NULL,NULL,NULL,NULL,NULL,NULL,NULL,NULL,NULL,NULL,NULL,NULL,NULL,NULL,NULL,NULL,NULL,NULL,NULL,NULL,NULL,NULL,NULL,NULL,NULL,NULL,NULL,NULL,2,NULL,NULL,NULL,NULL,NULL,NULL,NULL),(2130,NULL,NULL,NULL,'DirectionsForUse',NULL,NULL,NULL,NULL,NULL,NULL,NULL,NULL,NULL,NULL,NULL,NULL,NULL,NULL,NULL,NULL,NULL,'8',NULL,NULL,0.05,NULL,NULL,NULL,NULL,NULL,NULL,NULL,NULL,NULL,NULL,NULL,NULL,NULL,NULL,NULL,NULL,NULL,NULL,NULL,NULL,NULL,NULL,NULL,NULL,NULL,NULL,NULL,NULL,NULL),(2131,NULL,NULL,NULL,'DirectionsForUse',NULL,NULL,NULL,NULL,NULL,NULL,NULL,NULL,NULL,NULL,NULL,NULL,NULL,NULL,NULL,NULL,NULL,'8',NULL,NULL,0.05,NULL,NULL,NULL,NULL,NULL,NULL,NULL,NULL,NULL,NULL,NULL,NULL,NULL,NULL,NULL,NULL,NULL,NULL,'justify',NULL,NULL,NULL,NULL,NULL,NULL,NULL,NULL,NULL,NULL),(2132,NULL,NULL,NULL,'DirectionsForUse',NULL,NULL,NULL,NULL,NULL,NULL,NULL,NULL,NULL,NULL,NULL,NULL,NULL,NULL,NULL,NULL,NULL,NULL,NULL,NULL,NULL,NULL,NULL,NULL,NULL,NULL,NULL,NULL,NULL,NULL,NULL,NULL,NULL,NULL,NULL,NULL,NULL,NULL,NULL,NULL,NULL,NULL,NULL,NULL,NULL,NULL,NULL,NULL,NULL,NULL),(2133,'Tag626',NULL,NULL,'DirectionsForUse',NULL,NULL,NULL,NULL,0.093,0.062,7.093,5.376,NULL,NULL,'n/a',NULL,'n/a',NULL,NULL,NULL,NULL,NULL,NULL,NULL,NULL,NULL,NULL,NULL,NULL,NULL,NULL,NULL,NULL,NULL,NULL,NULL,NULL,NULL,NULL,NULL,NULL,NULL,NULL,NULL,NULL,NULL,2,NULL,NULL,NULL,NULL,NULL,NULL,NULL),(2134,NULL,NULL,NULL,'DirectionsForUse',NULL,NULL,NULL,NULL,NULL,NULL,NULL,NULL,'Red',NULL,NULL,NULL,NULL,NULL,NULL,NULL,NULL,'8',NULL,NULL,0.05,NULL,NULL,NULL,NULL,NULL,NULL,NULL,NULL,NULL,NULL,NULL,NULL,NULL,NULL,NULL,NULL,'CF',NULL,NULL,NULL,NULL,NULL,NULL,NULL,NULL,NULL,NULL,NULL,NULL),(2135,NULL,NULL,NULL,'DirectionsForUse',NULL,NULL,NULL,NULL,NULL,NULL,NULL,NULL,NULL,NULL,NULL,NULL,NULL,NULL,NULL,NULL,NULL,'8',NULL,NULL,0.05,NULL,NULL,NULL,NULL,NULL,NULL,NULL,NULL,NULL,NULL,NULL,NULL,NULL,NULL,NULL,NULL,NULL,NULL,'justify',NULL,NULL,NULL,NULL,NULL,NULL,NULL,NULL,NULL,NULL),(2136,NULL,NULL,NULL,'DirectionsForUse',NULL,NULL,NULL,NULL,NULL,NULL,NULL,NULL,'Red',NULL,NULL,NULL,NULL,NULL,NULL,NULL,NULL,NULL,NULL,NULL,NULL,NULL,NULL,NULL,NULL,NULL,NULL,NULL,NULL,NULL,NULL,NULL,NULL,NULL,NULL,NULL,NULL,NULL,NULL,NULL,NULL,NULL,NULL,NULL,NULL,NULL,NULL,NULL,NULL,NULL),(2137,'Tag626',NULL,NULL,'DirectionsForUse',NULL,NULL,NULL,NULL,0.093,0.062,7.093,5.376,NULL,NULL,'n/a',NULL,'n/a',NULL,NULL,NULL,NULL,NULL,NULL,NULL,NULL,NULL,NULL,NULL,NULL,NULL,NULL,NULL,NULL,NULL,NULL,NULL,NULL,NULL,NULL,NULL,NULL,NULL,NULL,NULL,NULL,NULL,2,NULL,NULL,NULL,NULL,NULL,NULL,NULL),(2138,NULL,NULL,NULL,'DirectionsForUse',NULL,NULL,NULL,NULL,NULL,NULL,NULL,NULL,NULL,NULL,NULL,NULL,NULL,NULL,NULL,NULL,NULL,'8',NULL,NULL,0.05,NULL,NULL,NULL,NULL,NULL,NULL,NULL,NULL,NULL,NULL,NULL,NULL,NULL,NULL,NULL,NULL,'CF',NULL,NULL,NULL,NULL,NULL,NULL,NULL,NULL,NULL,NULL,NULL,NULL),(2139,NULL,NULL,NULL,'DirectionsForUse',NULL,NULL,NULL,NULL,NULL,NULL,NULL,NULL,NULL,NULL,NULL,NULL,NULL,NULL,NULL,NULL,NULL,'8',NULL,NULL,0.05,NULL,NULL,NULL,NULL,NULL,NULL,NULL,NULL,NULL,NULL,NULL,NULL,NULL,NULL,NULL,NULL,NULL,NULL,'justify',NULL,NULL,NULL,NULL,NULL,NULL,NULL,NULL,NULL,NULL),(2140,NULL,NULL,NULL,'DirectionsForUse',NULL,NULL,NULL,NULL,NULL,NULL,NULL,NULL,NULL,NULL,NULL,NULL,NULL,NULL,NULL,NULL,NULL,NULL,NULL,NULL,NULL,NULL,NULL,NULL,NULL,NULL,NULL,NULL,NULL,NULL,NULL,NULL,NULL,NULL,NULL,NULL,NULL,NULL,NULL,NULL,NULL,NULL,NULL,NULL,NULL,NULL,NULL,NULL,NULL,NULL),(2141,'Tag626',NULL,NULL,'DirectionsForUse',NULL,NULL,NULL,NULL,0.093,0.062,7.093,5.376,NULL,NULL,'n/a',NULL,'n/a',NULL,NULL,NULL,NULL,NULL,NULL,NULL,NULL,NULL,NULL,NULL,NULL,NULL,NULL,NULL,NULL,NULL,NULL,NULL,NULL,NULL,NULL,NULL,NULL,NULL,NULL,NULL,NULL,NULL,2,NULL,NULL,NULL,NULL,NULL,NULL,NULL),(2142,NULL,NULL,NULL,'DirectionsForUse',NULL,NULL,NULL,NULL,NULL,NULL,NULL,NULL,NULL,NULL,NULL,NULL,NULL,NULL,NULL,NULL,NULL,'8',NULL,NULL,0.05,NULL,NULL,NULL,NULL,NULL,NULL,NULL,NULL,NULL,NULL,NULL,NULL,NULL,NULL,NULL,NULL,NULL,NULL,NULL,NULL,NULL,NULL,NULL,NULL,NULL,NULL,NULL,NULL,1),(2143,NULL,NULL,NULL,'DirectionsForUse',NULL,NULL,NULL,NULL,NULL,NULL,NULL,NULL,NULL,NULL,NULL,NULL,NULL,NULL,NULL,NULL,NULL,'8',NULL,NULL,0.05,NULL,NULL,NULL,NULL,NULL,NULL,NULL,NULL,NULL,NULL,NULL,NULL,NULL,NULL,NULL,NULL,NULL,NULL,'justify',NULL,NULL,NULL,NULL,NULL,NULL,NULL,NULL,NULL,NULL),(2144,NULL,NULL,NULL,'DirectionsForUse',NULL,NULL,NULL,NULL,NULL,NULL,NULL,NULL,NULL,NULL,NULL,NULL,NULL,NULL,NULL,NULL,NULL,NULL,NULL,NULL,NULL,NULL,NULL,NULL,NULL,NULL,NULL,NULL,NULL,NULL,NULL,NULL,NULL,NULL,NULL,NULL,NULL,NULL,NULL,NULL,NULL,NULL,NULL,NULL,NULL,NULL,NULL,NULL,NULL,1),(2560,'Tag626',NULL,NULL,'DirectionsForUse',NULL,NULL,NULL,NULL,0.093,0.062,7.093,5.376,NULL,NULL,'n/a',NULL,'n/a',NULL,NULL,NULL,NULL,NULL,NULL,NULL,NULL,NULL,NULL,NULL,NULL,NULL,NULL,NULL,NULL,NULL,NULL,NULL,NULL,NULL,NULL,NULL,NULL,NULL,NULL,NULL,NULL,NULL,2,NULL,NULL,NULL,NULL,NULL,NULL,NULL),(2561,NULL,NULL,NULL,'DirectionsForUse',NULL,NULL,NULL,NULL,NULL,NULL,NULL,NULL,NULL,NULL,NULL,NULL,NULL,NULL,NULL,NULL,NULL,'8',NULL,NULL,0.05,NULL,NULL,NULL,NULL,NULL,NULL,NULL,NULL,NULL,NULL,NULL,NULL,NULL,NULL,NULL,NULL,NULL,NULL,NULL,NULL,NULL,NULL,NULL,NULL,NULL,NULL,NULL,NULL,NULL),(2562,NULL,NULL,NULL,'DirectionsForUse',NULL,NULL,NULL,NULL,NULL,NULL,NULL,NULL,NULL,NULL,NULL,NULL,NULL,NULL,NULL,NULL,NULL,'8',NULL,NULL,0.05,NULL,NULL,NULL,NULL,NULL,NULL,NULL,NULL,NULL,NULL,NULL,NULL,NULL,NULL,NULL,NULL,NULL,NULL,'justify',NULL,NULL,NULL,NULL,NULL,NULL,NULL,NULL,NULL,NULL),(2563,NULL,NULL,NULL,'DirectionsForUse',NULL,NULL,NULL,NULL,NULL,NULL,NULL,NULL,NULL,NULL,NULL,NULL,NULL,NULL,NULL,NULL,NULL,NULL,NULL,NULL,NULL,NULL,NULL,NULL,NULL,NULL,NULL,NULL,NULL,NULL,NULL,NULL,NULL,NULL,NULL,NULL,NULL,NULL,NULL,NULL,NULL,NULL,NULL,NULL,NULL,NULL,NULL,NULL,NULL,NULL),(2564,'Tag598',NULL,NULL,NULL,NULL,NULL,NULL,NULL,3.333,0.17,3,4.8,NULL,NULL,'n/a',NULL,'n/a',NULL,NULL,NULL,NULL,NULL,NULL,NULL,NULL,NULL,NULL,NULL,NULL,NULL,NULL,NULL,NULL,NULL,NULL,NULL,NULL,NULL,NULL,NULL,NULL,NULL,NULL,NULL,NULL,NULL,2,1,NULL,206,NULL,NULL,NULL,NULL),(2565,'Tag599',NULL,NULL,'Ingredients',NULL,NULL,NULL,NULL,0.19,0.045,0.58,4.593,NULL,NULL,'n/a',NULL,'n/a',NULL,NULL,NULL,NULL,NULL,NULL,NULL,0.2,NULL,0.05,0.05,'Y',NULL,NULL,NULL,NULL,NULL,NULL,NULL,NULL,NULL,NULL,NULL,NULL,NULL,NULL,NULL,NULL,NULL,3,NULL,NULL,NULL,2564,NULL,NULL,NULL),(2566,NULL,NULL,NULL,'Ingredients',NULL,NULL,NULL,NULL,NULL,NULL,NULL,NULL,NULL,NULL,NULL,NULL,NULL,NULL,NULL,NULL,NULL,NULL,NULL,NULL,0.05,NULL,NULL,NULL,NULL,NULL,NULL,NULL,NULL,NULL,NULL,NULL,NULL,NULL,NULL,NULL,NULL,NULL,NULL,NULL,NULL,NULL,NULL,NULL,NULL,NULL,NULL,NULL,NULL,NULL),(2567,'Tag602',NULL,NULL,'EPA_RegAndEstNbr',NULL,NULL,NULL,NULL,2.3,0.1,0.2,4.58,NULL,NULL,'n/a',NULL,'n/a',NULL,NULL,NULL,NULL,NULL,NULL,NULL,NULL,NULL,NULL,NULL,NULL,NULL,NULL,NULL,NULL,NULL,NULL,NULL,NULL,NULL,NULL,NULL,NULL,NULL,NULL,NULL,NULL,NULL,3,NULL,NULL,NULL,2564,NULL,NULL,NULL),(2568,NULL,NULL,NULL,'EPA_RegAndEstNbr',NULL,NULL,NULL,NULL,NULL,NULL,NULL,NULL,NULL,NULL,NULL,NULL,NULL,NULL,NULL,NULL,NULL,NULL,NULL,NULL,NULL,NULL,NULL,NULL,NULL,NULL,NULL,NULL,NULL,NULL,NULL,NULL,NULL,NULL,NULL,NULL,NULL,NULL,NULL,NULL,NULL,NULL,NULL,NULL,NULL,NULL,NULL,NULL,NULL,NULL),(2569,NULL,NULL,NULL,'EPA_RegAndEstNbr',NULL,NULL,NULL,NULL,NULL,NULL,NULL,NULL,NULL,NULL,NULL,NULL,NULL,NULL,NULL,NULL,NULL,NULL,NULL,NULL,NULL,NULL,NULL,NULL,NULL,NULL,NULL,NULL,NULL,NULL,NULL,NULL,NULL,NULL,NULL,NULL,NULL,NULL,NULL,'center',NULL,NULL,NULL,NULL,NULL,NULL,NULL,NULL,NULL,NULL),(2570,'Tag601',NULL,NULL,'NetContents',NULL,NULL,NULL,NULL,2.1,0.1,0.2,4.58,NULL,NULL,'n/a',NULL,'n/a',NULL,NULL,NULL,NULL,NULL,NULL,NULL,NULL,NULL,NULL,NULL,NULL,NULL,NULL,NULL,NULL,NULL,NULL,NULL,NULL,NULL,NULL,NULL,NULL,NULL,NULL,NULL,NULL,NULL,3,NULL,NULL,NULL,2564,NULL,NULL,NULL),(2571,NULL,NULL,NULL,'NetContents',NULL,NULL,NULL,NULL,NULL,NULL,NULL,NULL,NULL,NULL,NULL,NULL,NULL,NULL,NULL,NULL,NULL,NULL,NULL,NULL,NULL,NULL,NULL,NULL,NULL,NULL,NULL,NULL,NULL,NULL,NULL,NULL,NULL,NULL,NULL,NULL,NULL,NULL,NULL,NULL,NULL,NULL,NULL,NULL,NULL,NULL,NULL,NULL,NULL,NULL),(2572,NULL,NULL,NULL,'NetContents',NULL,NULL,NULL,NULL,NULL,NULL,NULL,NULL,NULL,NULL,NULL,NULL,NULL,NULL,NULL,NULL,NULL,NULL,NULL,NULL,NULL,NULL,NULL,NULL,NULL,NULL,NULL,NULL,NULL,NULL,NULL,NULL,NULL,NULL,NULL,NULL,NULL,NULL,NULL,'center',NULL,NULL,NULL,NULL,NULL,NULL,NULL,NULL,NULL,NULL),(2573,'Tag600',NULL,NULL,'HumanHazard',NULL,NULL,NULL,NULL,1.003,0.046,0.85,4.59,NULL,NULL,'n/a',NULL,'n/a',NULL,NULL,NULL,NULL,'16',NULL,NULL,NULL,NULL,NULL,NULL,NULL,NULL,NULL,NULL,NULL,NULL,NULL,NULL,NULL,NULL,NULL,NULL,NULL,NULL,NULL,'center',NULL,NULL,3,NULL,NULL,NULL,2564,NULL,NULL,NULL),(2574,NULL,NULL,NULL,'HumanHazard',NULL,NULL,NULL,NULL,NULL,NULL,NULL,NULL,NULL,NULL,NULL,NULL,NULL,NULL,NULL,NULL,NULL,'16','bold',NULL,NULL,NULL,NULL,NULL,NULL,NULL,NULL,NULL,NULL,NULL,NULL,NULL,NULL,NULL,NULL,NULL,NULL,NULL,NULL,'center',NULL,NULL,NULL,NULL,NULL,NULL,NULL,NULL,NULL,NULL),(2575,NULL,NULL,NULL,'HumanHazard',NULL,NULL,NULL,NULL,NULL,NULL,NULL,NULL,NULL,NULL,NULL,NULL,NULL,NULL,NULL,NULL,NULL,'20','bold',NULL,NULL,NULL,NULL,NULL,NULL,NULL,NULL,NULL,NULL,NULL,NULL,NULL,NULL,NULL,NULL,NULL,NULL,NULL,NULL,'center',NULL,NULL,NULL,NULL,NULL,NULL,NULL,NULL,NULL,NULL),(2576,NULL,NULL,NULL,'HumanHazard',NULL,NULL,NULL,NULL,NULL,NULL,NULL,NULL,NULL,NULL,NULL,NULL,NULL,NULL,NULL,NULL,NULL,'10',NULL,NULL,NULL,NULL,NULL,NULL,NULL,NULL,NULL,NULL,NULL,NULL,NULL,NULL,NULL,NULL,NULL,NULL,NULL,NULL,NULL,'center',NULL,NULL,NULL,NULL,NULL,NULL,NULL,NULL,NULL,NULL),(2577,'Tag597',NULL,'xxx','Graphic',NULL,NULL,NULL,'KennelSolHeaderHD.jpg',-0.015,0.185,3.284,4.77,NULL,NULL,'n/a',NULL,'n/a',NULL,NULL,NULL,NULL,NULL,NULL,NULL,NULL,NULL,NULL,NULL,NULL,NULL,NULL,NULL,NULL,NULL,NULL,NULL,NULL,NULL,NULL,NULL,NULL,NULL,NULL,NULL,NULL,NULL,2,2,NULL,206,NULL,NULL,NULL,NULL),(2578,NULL,NULL,NULL,'Graphic',NULL,NULL,NULL,NULL,NULL,NULL,NULL,NULL,NULL,NULL,NULL,NULL,NULL,NULL,NULL,NULL,NULL,NULL,NULL,NULL,NULL,NULL,NULL,NULL,NULL,NULL,NULL,NULL,NULL,NULL,NULL,NULL,NULL,NULL,NULL,NULL,NULL,NULL,NULL,NULL,NULL,NULL,NULL,NULL,NULL,NULL,NULL,NULL,NULL,NULL),(2579,NULL,NULL,NULL,'Graphic',NULL,NULL,NULL,NULL,NULL,NULL,NULL,NULL,NULL,NULL,NULL,NULL,NULL,NULL,NULL,NULL,NULL,NULL,NULL,NULL,NULL,NULL,NULL,NULL,NULL,NULL,NULL,NULL,NULL,NULL,NULL,NULL,NULL,NULL,NULL,NULL,NULL,NULL,NULL,NULL,NULL,NULL,NULL,NULL,NULL,NULL,NULL,NULL,NULL,NULL),(2580,'Tag659',NULL,NULL,NULL,NULL,NULL,NULL,NULL,-0.062,0.015,2.8,16.127,NULL,NULL,'n/a',NULL,'n/a',NULL,NULL,NULL,NULL,NULL,NULL,NULL,NULL,NULL,NULL,NULL,NULL,NULL,NULL,NULL,NULL,NULL,NULL,NULL,NULL,NULL,NULL,NULL,NULL,NULL,NULL,NULL,NULL,NULL,2,NULL,NULL,207,NULL,NULL,NULL,NULL),(2581,'Tag660',NULL,NULL,'StorageDisposal',NULL,NULL,NULL,NULL,0.062,0.093,2.5,3.981,NULL,NULL,'n/a',NULL,'n/a',NULL,NULL,NULL,NULL,NULL,NULL,NULL,NULL,NULL,NULL,NULL,NULL,NULL,NULL,NULL,NULL,NULL,NULL,NULL,NULL,NULL,NULL,NULL,NULL,NULL,NULL,NULL,NULL,NULL,3,NULL,NULL,NULL,2580,NULL,NULL,NULL),(2582,NULL,NULL,NULL,'StorageDisposal',NULL,NULL,NULL,NULL,NULL,NULL,NULL,NULL,NULL,NULL,NULL,NULL,NULL,NULL,NULL,NULL,NULL,NULL,NULL,NULL,0.04,NULL,NULL,NULL,NULL,NULL,NULL,NULL,NULL,NULL,NULL,NULL,NULL,NULL,NULL,NULL,NULL,NULL,NULL,'center',NULL,NULL,NULL,NULL,NULL,NULL,NULL,NULL,NULL,NULL),(2583,NULL,NULL,NULL,'StorageDisposal',NULL,NULL,NULL,NULL,NULL,NULL,NULL,NULL,NULL,NULL,NULL,NULL,NULL,NULL,NULL,NULL,NULL,'9',NULL,NULL,0.01,NULL,NULL,NULL,NULL,NULL,NULL,NULL,NULL,NULL,NULL,NULL,NULL,NULL,NULL,NULL,NULL,NULL,NULL,NULL,NULL,NULL,NULL,NULL,NULL,NULL,NULL,NULL,NULL,NULL),(2584,'Tag669',NULL,NULL,'Precautionary',NULL,NULL,NULL,NULL,1.744,4.198,0.88,3.8,NULL,NULL,'n/a',NULL,'n/a',NULL,NULL,NULL,NULL,NULL,NULL,NULL,NULL,NULL,NULL,NULL,NULL,NULL,NULL,NULL,NULL,NULL,NULL,NULL,NULL,NULL,NULL,NULL,NULL,NULL,NULL,NULL,NULL,NULL,3,NULL,NULL,NULL,2580,NULL,NULL,NULL),(2585,NULL,NULL,NULL,'Precautionary',NULL,NULL,NULL,NULL,NULL,NULL,NULL,NULL,NULL,NULL,NULL,NULL,NULL,NULL,NULL,NULL,NULL,NULL,NULL,NULL,NULL,NULL,NULL,NULL,NULL,NULL,NULL,NULL,NULL,NULL,NULL,NULL,NULL,NULL,NULL,NULL,NULL,NULL,NULL,NULL,NULL,NULL,NULL,NULL,NULL,NULL,NULL,NULL,NULL,NULL),(2586,NULL,NULL,NULL,'Precautionary',NULL,NULL,NULL,NULL,NULL,NULL,NULL,NULL,NULL,NULL,NULL,NULL,NULL,NULL,NULL,NULL,NULL,NULL,NULL,NULL,NULL,NULL,NULL,NULL,NULL,NULL,NULL,NULL,NULL,NULL,NULL,NULL,NULL,NULL,NULL,NULL,NULL,NULL,NULL,NULL,NULL,NULL,NULL,NULL,NULL,NULL,NULL,NULL,NULL,NULL),(2587,'Tag668',NULL,NULL,'EnvironmentalHazard',NULL,NULL,NULL,NULL,0.833,12.145,1.806,3.8,NULL,NULL,'n/a',NULL,'n/a',NULL,NULL,NULL,NULL,NULL,NULL,NULL,NULL,NULL,NULL,NULL,NULL,NULL,NULL,NULL,NULL,NULL,NULL,NULL,NULL,NULL,NULL,NULL,NULL,NULL,NULL,NULL,NULL,NULL,3,NULL,NULL,NULL,2580,NULL,NULL,NULL),(2588,'Tag667',NULL,NULL,'FirstAid',NULL,NULL,NULL,NULL,0.062,8.164,2.546,3.8,NULL,NULL,'n/a',NULL,'n/a',NULL,NULL,NULL,NULL,NULL,NULL,NULL,NULL,NULL,NULL,NULL,NULL,NULL,NULL,NULL,NULL,NULL,NULL,NULL,NULL,NULL,NULL,NULL,NULL,NULL,NULL,NULL,NULL,NULL,3,NULL,NULL,NULL,2580,NULL,NULL,NULL),(2589,NULL,NULL,NULL,'FirstAid',NULL,NULL,NULL,NULL,NULL,NULL,NULL,NULL,NULL,NULL,NULL,NULL,NULL,NULL,NULL,NULL,NULL,NULL,NULL,NULL,NULL,NULL,NULL,NULL,NULL,NULL,NULL,NULL,NULL,NULL,NULL,NULL,NULL,NULL,NULL,NULL,NULL,NULL,NULL,NULL,NULL,NULL,NULL,NULL,NULL,NULL,NULL,NULL,NULL,NULL),(2590,NULL,NULL,NULL,'FirstAid',NULL,NULL,NULL,NULL,NULL,NULL,NULL,NULL,NULL,NULL,NULL,NULL,NULL,NULL,NULL,NULL,NULL,NULL,NULL,NULL,NULL,NULL,NULL,NULL,NULL,NULL,NULL,NULL,NULL,NULL,NULL,NULL,NULL,NULL,NULL,NULL,NULL,NULL,NULL,NULL,NULL,NULL,NULL,NULL,NULL,NULL,NULL,NULL,NULL,NULL),(2591,NULL,NULL,NULL,'FirstAid',NULL,NULL,NULL,NULL,NULL,NULL,NULL,NULL,NULL,NULL,NULL,NULL,NULL,NULL,NULL,NULL,NULL,NULL,NULL,NULL,NULL,NULL,NULL,NULL,NULL,NULL,NULL,NULL,NULL,NULL,NULL,NULL,NULL,NULL,NULL,NULL,NULL,NULL,NULL,NULL,NULL,NULL,NULL,NULL,NULL,NULL,NULL,NULL,NULL,NULL),(2592,'Tag666',NULL,NULL,'FirstAid',NULL,NULL,'Y',NULL,0.062,12.16,0.633,3.8,NULL,NULL,'n/a',NULL,'n/a',NULL,NULL,NULL,NULL,NULL,NULL,NULL,NULL,NULL,NULL,NULL,NULL,NULL,NULL,NULL,NULL,NULL,NULL,NULL,NULL,NULL,NULL,NULL,NULL,NULL,NULL,NULL,NULL,NULL,3,NULL,NULL,NULL,2580,NULL,NULL,NULL),(2593,NULL,NULL,NULL,'FirstAid',NULL,NULL,NULL,NULL,NULL,NULL,NULL,NULL,NULL,NULL,NULL,NULL,NULL,NULL,NULL,NULL,NULL,NULL,NULL,NULL,NULL,NULL,NULL,NULL,NULL,NULL,NULL,NULL,NULL,NULL,NULL,NULL,NULL,NULL,NULL,NULL,NULL,NULL,NULL,NULL,NULL,NULL,NULL,NULL,NULL,NULL,NULL,NULL,NULL,NULL),(2594,NULL,NULL,NULL,'FirstAid',NULL,NULL,NULL,NULL,NULL,NULL,NULL,NULL,NULL,NULL,NULL,NULL,NULL,NULL,NULL,NULL,NULL,NULL,NULL,NULL,NULL,NULL,NULL,NULL,NULL,NULL,NULL,NULL,NULL,NULL,NULL,NULL,NULL,NULL,NULL,NULL,NULL,NULL,NULL,NULL,NULL,NULL,NULL,NULL,NULL,NULL,NULL,NULL,NULL,NULL),(2595,NULL,NULL,NULL,'FirstAid',NULL,NULL,NULL,NULL,NULL,NULL,NULL,NULL,NULL,NULL,NULL,NULL,NULL,NULL,NULL,NULL,NULL,NULL,NULL,NULL,NULL,NULL,NULL,NULL,NULL,NULL,NULL,NULL,NULL,NULL,NULL,NULL,NULL,NULL,NULL,NULL,NULL,NULL,NULL,NULL,NULL,NULL,NULL,NULL,NULL,NULL,NULL,NULL,NULL,NULL),(2596,'Tag663',NULL,NULL,'StorageDisposal',NULL,NULL,'Y',NULL,0.062,4.213,1.451,3.8,NULL,NULL,'n/a',NULL,'n/a',NULL,NULL,NULL,NULL,NULL,NULL,NULL,NULL,NULL,NULL,NULL,NULL,NULL,NULL,NULL,NULL,NULL,NULL,NULL,NULL,NULL,NULL,NULL,NULL,NULL,NULL,NULL,NULL,NULL,3,NULL,NULL,NULL,2580,NULL,NULL,NULL),(2597,NULL,NULL,NULL,'StorageDisposal',NULL,NULL,NULL,NULL,NULL,NULL,NULL,NULL,NULL,NULL,NULL,NULL,NULL,NULL,NULL,NULL,NULL,NULL,NULL,NULL,0.04,NULL,NULL,NULL,NULL,NULL,NULL,NULL,NULL,NULL,NULL,NULL,NULL,NULL,NULL,NULL,NULL,NULL,NULL,NULL,NULL,NULL,NULL,NULL,NULL,NULL,NULL,NULL,NULL,NULL),(2598,NULL,NULL,NULL,'StorageDisposal',NULL,NULL,NULL,NULL,NULL,NULL,NULL,NULL,NULL,NULL,NULL,NULL,NULL,NULL,NULL,NULL,NULL,NULL,NULL,NULL,NULL,NULL,NULL,NULL,NULL,NULL,NULL,NULL,NULL,NULL,NULL,NULL,NULL,NULL,NULL,NULL,NULL,NULL,NULL,NULL,NULL,NULL,NULL,NULL,NULL,NULL,NULL,NULL,NULL,NULL),(2599,'Tag620',NULL,NULL,NULL,NULL,NULL,NULL,NULL,0,0,5.938,5,NULL,NULL,'n/a',NULL,'n/a',NULL,NULL,NULL,NULL,NULL,NULL,NULL,NULL,NULL,NULL,NULL,NULL,NULL,NULL,NULL,NULL,NULL,NULL,NULL,NULL,NULL,NULL,NULL,NULL,NULL,NULL,NULL,NULL,NULL,2,1,NULL,208,NULL,NULL,NULL,NULL),(2600,'Tag621',NULL,NULL,'ProductName',NULL,NULL,NULL,NULL,0.05,0.112,0.4,4.792,NULL,NULL,'n/a',NULL,'n/a',NULL,NULL,NULL,NULL,NULL,NULL,NULL,NULL,NULL,NULL,NULL,NULL,NULL,NULL,NULL,NULL,NULL,NULL,NULL,NULL,NULL,NULL,NULL,NULL,NULL,NULL,NULL,NULL,NULL,3,NULL,NULL,NULL,2599,NULL,NULL,NULL),(2601,NULL,NULL,NULL,'ProductName',NULL,NULL,NULL,NULL,NULL,NULL,NULL,NULL,'pan-68',NULL,NULL,NULL,NULL,NULL,NULL,NULL,'Serif','26','bold',NULL,NULL,NULL,NULL,NULL,NULL,NULL,NULL,NULL,NULL,NULL,NULL,NULL,NULL,NULL,NULL,NULL,NULL,NULL,NULL,'center',NULL,NULL,NULL,NULL,NULL,NULL,NULL,NULL,NULL,2),(2602,'Tag634','Virucidal',NULL,'Marketing',NULL,NULL,NULL,NULL,5,0.1,0.8,4.8,NULL,NULL,'n/a',NULL,'n/a',NULL,NULL,NULL,NULL,NULL,NULL,NULL,NULL,NULL,NULL,NULL,NULL,NULL,NULL,NULL,NULL,NULL,NULL,NULL,NULL,NULL,NULL,NULL,NULL,NULL,NULL,NULL,NULL,NULL,3,NULL,NULL,NULL,2599,NULL,NULL,NULL),(2603,'Tag633','Fungicidal',NULL,'Marketing',NULL,NULL,NULL,NULL,4.5,0.1,0.4,4.8,NULL,NULL,NULL,NULL,NULL,NULL,NULL,NULL,NULL,NULL,NULL,NULL,NULL,NULL,NULL,NULL,NULL,NULL,NULL,NULL,NULL,NULL,NULL,NULL,NULL,NULL,NULL,NULL,NULL,NULL,NULL,NULL,NULL,NULL,3,NULL,NULL,NULL,2599,NULL,NULL,NULL),(2604,'Tag622','Bactericidal Claims',NULL,'Marketing','C3',NULL,NULL,NULL,2.42,0.108,1.84,4.792,NULL,NULL,'n/a',NULL,'n/a','Y',NULL,NULL,NULL,NULL,NULL,NULL,NULL,NULL,NULL,NULL,NULL,NULL,NULL,NULL,NULL,NULL,NULL,NULL,NULL,NULL,NULL,NULL,NULL,NULL,NULL,NULL,NULL,NULL,3,NULL,NULL,NULL,2599,NULL,NULL,NULL),(2605,NULL,NULL,NULL,'Marketing',NULL,NULL,NULL,NULL,NULL,NULL,NULL,NULL,NULL,NULL,NULL,NULL,NULL,NULL,NULL,NULL,NULL,NULL,NULL,NULL,0.5,NULL,0.02,NULL,NULL,NULL,NULL,NULL,NULL,NULL,NULL,NULL,NULL,NULL,NULL,NULL,NULL,NULL,NULL,NULL,NULL,NULL,NULL,NULL,NULL,NULL,NULL,NULL,NULL,NULL),(2606,NULL,NULL,NULL,'Marketing',NULL,NULL,NULL,NULL,NULL,NULL,NULL,NULL,NULL,NULL,NULL,NULL,'green',NULL,'dashed',7,NULL,NULL,NULL,NULL,NULL,NULL,NULL,NULL,NULL,NULL,NULL,NULL,NULL,NULL,NULL,NULL,NULL,NULL,NULL,NULL,NULL,NULL,NULL,NULL,NULL,NULL,NULL,NULL,NULL,NULL,NULL,NULL,NULL,NULL),(2607,NULL,NULL,NULL,'Marketing',NULL,NULL,NULL,NULL,NULL,NULL,NULL,NULL,NULL,NULL,NULL,NULL,NULL,NULL,NULL,NULL,NULL,NULL,NULL,NULL,NULL,NULL,NULL,NULL,NULL,NULL,NULL,NULL,NULL,NULL,NULL,NULL,NULL,NULL,NULL,NULL,NULL,NULL,NULL,NULL,NULL,NULL,NULL,NULL,NULL,NULL,NULL,NULL,NULL,NULL),(2608,'Tag630','For Use Areas / Surfaces',NULL,'Marketing',NULL,NULL,NULL,NULL,1.47,0.112,0.864,4.792,NULL,NULL,'n/a',NULL,'n/a',NULL,NULL,NULL,NULL,NULL,NULL,NULL,NULL,NULL,NULL,NULL,NULL,NULL,NULL,NULL,NULL,NULL,NULL,NULL,NULL,NULL,NULL,NULL,NULL,NULL,NULL,NULL,NULL,NULL,3,NULL,NULL,NULL,2599,NULL,NULL,NULL),(2609,'Tag629','Multi-Purpose Detergent',NULL,'Marketing',NULL,NULL,NULL,NULL,0.96,0.11,0.4,4.8,NULL,NULL,'n/a',NULL,'n/a',NULL,NULL,NULL,NULL,NULL,NULL,NULL,NULL,NULL,NULL,NULL,NULL,NULL,NULL,NULL,NULL,NULL,NULL,NULL,NULL,NULL,NULL,NULL,NULL,NULL,NULL,NULL,NULL,NULL,3,NULL,NULL,NULL,2599,NULL,NULL,NULL),(2610,'Tag623','Germicidal Detergent',NULL,'Marketing',NULL,NULL,NULL,NULL,0.5,0.112,0.3,4.792,NULL,NULL,'n/a',NULL,'n/a',NULL,NULL,NULL,NULL,NULL,NULL,NULL,NULL,NULL,NULL,NULL,NULL,NULL,NULL,NULL,NULL,NULL,NULL,NULL,NULL,NULL,NULL,NULL,NULL,NULL,NULL,NULL,NULL,NULL,3,NULL,NULL,NULL,2599,NULL,NULL,NULL),(2611,NULL,NULL,NULL,'Marketing',NULL,NULL,NULL,NULL,NULL,NULL,NULL,NULL,'Red',NULL,NULL,NULL,NULL,NULL,NULL,NULL,'Serif','20','bold',NULL,NULL,NULL,NULL,NULL,NULL,NULL,NULL,NULL,NULL,NULL,NULL,NULL,NULL,NULL,NULL,NULL,NULL,NULL,NULL,'center',NULL,NULL,NULL,NULL,NULL,NULL,NULL,NULL,NULL,1),(2612,'Tag625',NULL,NULL,'Graphic',NULL,NULL,NULL,'AlphaTechPetBase.jpg',5.951,0,1.05,5.05,NULL,NULL,'n/a',NULL,'n/a',NULL,NULL,NULL,NULL,NULL,NULL,NULL,NULL,NULL,NULL,NULL,NULL,NULL,NULL,NULL,NULL,NULL,NULL,NULL,NULL,NULL,NULL,NULL,NULL,NULL,NULL,NULL,NULL,NULL,2,2,NULL,208,NULL,NULL,NULL,NULL),(2613,'Tag626',NULL,NULL,'DirectionsForUse',NULL,NULL,NULL,NULL,0.093,0.062,7.093,5.376,NULL,NULL,'n/a',NULL,'n/a',NULL,NULL,NULL,NULL,NULL,NULL,NULL,NULL,NULL,NULL,NULL,NULL,NULL,NULL,NULL,NULL,NULL,NULL,NULL,NULL,NULL,NULL,NULL,NULL,NULL,NULL,NULL,NULL,NULL,2,NULL,NULL,209,NULL,NULL,NULL,NULL),(2617,NULL,NULL,NULL,'DirectionsForUse',NULL,NULL,NULL,NULL,NULL,NULL,NULL,NULL,'Red',NULL,NULL,NULL,NULL,NULL,NULL,NULL,NULL,'8',NULL,NULL,0.05,NULL,NULL,NULL,NULL,NULL,NULL,NULL,NULL,NULL,NULL,NULL,NULL,NULL,NULL,NULL,NULL,NULL,NULL,NULL,NULL,NULL,NULL,NULL,NULL,NULL,NULL,NULL,NULL,1),(2618,NULL,NULL,NULL,'DirectionsForUse',NULL,NULL,NULL,NULL,NULL,NULL,NULL,NULL,'Red',NULL,NULL,NULL,NULL,NULL,NULL,NULL,NULL,NULL,NULL,NULL,NULL,NULL,NULL,NULL,NULL,NULL,NULL,NULL,NULL,NULL,NULL,NULL,NULL,NULL,NULL,NULL,NULL,NULL,NULL,NULL,NULL,NULL,NULL,NULL,NULL,NULL,NULL,NULL,NULL,1),(2619,NULL,NULL,NULL,'DirectionsForUse',NULL,NULL,NULL,NULL,NULL,NULL,NULL,NULL,NULL,NULL,NULL,NULL,NULL,NULL,NULL,NULL,NULL,'8',NULL,NULL,0.05,NULL,NULL,NULL,NULL,NULL,NULL,NULL,NULL,NULL,NULL,NULL,NULL,NULL,NULL,NULL,NULL,NULL,NULL,'justify',NULL,NULL,NULL,NULL,NULL,NULL,NULL,NULL,NULL,NULL),(2620,'Tag598',NULL,NULL,NULL,NULL,NULL,NULL,NULL,3.72,0.17,3,4.8,NULL,NULL,NULL,NULL,NULL,NULL,NULL,NULL,NULL,NULL,NULL,NULL,NULL,NULL,NULL,NULL,NULL,NULL,NULL,NULL,NULL,NULL,NULL,NULL,NULL,NULL,NULL,NULL,NULL,NULL,NULL,NULL,NULL,NULL,2,1,NULL,210,NULL,NULL,NULL,NULL),(2621,'Tag599',NULL,NULL,'Ingredients',NULL,NULL,NULL,NULL,0.19,0.045,0.58,4.593,NULL,NULL,'n/a',NULL,'n/a',NULL,NULL,NULL,NULL,NULL,NULL,NULL,0.2,NULL,0.05,0.05,'Y',NULL,NULL,NULL,NULL,NULL,NULL,NULL,NULL,NULL,NULL,NULL,NULL,NULL,NULL,NULL,NULL,NULL,3,NULL,NULL,NULL,2620,NULL,NULL,NULL),(2622,NULL,NULL,NULL,'Ingredients',NULL,NULL,NULL,NULL,NULL,NULL,NULL,NULL,NULL,NULL,NULL,NULL,NULL,NULL,NULL,NULL,NULL,NULL,NULL,NULL,0.05,NULL,NULL,NULL,NULL,NULL,NULL,NULL,NULL,NULL,NULL,NULL,NULL,NULL,NULL,NULL,NULL,NULL,NULL,NULL,NULL,NULL,NULL,NULL,NULL,NULL,NULL,NULL,NULL,NULL),(2623,'Tag602',NULL,NULL,'EPA_RegAndEstNbr',NULL,NULL,NULL,NULL,2.3,0.1,0.2,4.58,NULL,NULL,'n/a',NULL,'n/a',NULL,NULL,NULL,NULL,NULL,NULL,NULL,NULL,NULL,NULL,NULL,NULL,NULL,NULL,NULL,NULL,NULL,NULL,NULL,NULL,NULL,NULL,NULL,NULL,NULL,NULL,NULL,NULL,NULL,3,NULL,NULL,NULL,2620,NULL,NULL,NULL),(2624,NULL,NULL,NULL,'EPA_RegAndEstNbr',NULL,NULL,NULL,NULL,NULL,NULL,NULL,NULL,NULL,NULL,NULL,NULL,NULL,NULL,NULL,NULL,NULL,NULL,NULL,NULL,NULL,NULL,NULL,NULL,NULL,NULL,NULL,NULL,NULL,NULL,NULL,NULL,NULL,NULL,NULL,NULL,NULL,NULL,NULL,NULL,NULL,NULL,NULL,NULL,NULL,NULL,NULL,NULL,NULL,NULL),(2625,NULL,NULL,NULL,'EPA_RegAndEstNbr',NULL,NULL,NULL,NULL,NULL,NULL,NULL,NULL,NULL,NULL,NULL,NULL,NULL,NULL,NULL,NULL,NULL,NULL,NULL,NULL,NULL,NULL,NULL,NULL,NULL,NULL,NULL,NULL,NULL,NULL,NULL,NULL,NULL,NULL,NULL,NULL,NULL,NULL,NULL,'center',NULL,NULL,NULL,NULL,NULL,NULL,NULL,NULL,NULL,NULL),(2626,'Tag601',NULL,NULL,'NetContents',NULL,NULL,NULL,NULL,2.1,0.1,0.2,4.58,NULL,NULL,'n/a',NULL,'n/a',NULL,NULL,NULL,NULL,NULL,NULL,NULL,NULL,NULL,NULL,NULL,NULL,NULL,NULL,NULL,NULL,NULL,NULL,NULL,NULL,NULL,NULL,NULL,NULL,NULL,NULL,NULL,NULL,NULL,3,NULL,NULL,NULL,2620,NULL,NULL,NULL),(2627,NULL,NULL,NULL,'NetContents',NULL,NULL,NULL,NULL,NULL,NULL,NULL,NULL,NULL,NULL,NULL,NULL,NULL,NULL,NULL,NULL,NULL,NULL,NULL,NULL,NULL,NULL,NULL,NULL,NULL,NULL,NULL,NULL,NULL,NULL,NULL,NULL,NULL,NULL,NULL,NULL,NULL,NULL,NULL,NULL,NULL,NULL,NULL,NULL,NULL,NULL,NULL,NULL,NULL,NULL),(2628,NULL,NULL,NULL,'NetContents',NULL,NULL,NULL,NULL,NULL,NULL,NULL,NULL,NULL,NULL,NULL,NULL,NULL,NULL,NULL,NULL,NULL,NULL,NULL,NULL,NULL,NULL,NULL,NULL,NULL,NULL,NULL,NULL,NULL,NULL,NULL,NULL,NULL,NULL,NULL,NULL,NULL,NULL,NULL,'center',NULL,NULL,NULL,NULL,NULL,NULL,NULL,NULL,NULL,NULL),(2629,'Tag600',NULL,NULL,'HumanHazard',NULL,NULL,NULL,NULL,1.003,0.046,0.85,4.59,NULL,NULL,'n/a',NULL,'n/a',NULL,NULL,NULL,NULL,'16',NULL,NULL,NULL,NULL,NULL,NULL,NULL,NULL,NULL,NULL,NULL,NULL,NULL,NULL,NULL,NULL,NULL,NULL,NULL,NULL,NULL,'center',NULL,NULL,3,NULL,NULL,NULL,2620,NULL,NULL,NULL),(2630,NULL,NULL,NULL,'HumanHazard',NULL,NULL,NULL,NULL,NULL,NULL,NULL,NULL,NULL,NULL,NULL,NULL,NULL,NULL,NULL,NULL,NULL,'16','bold',NULL,NULL,NULL,NULL,NULL,NULL,NULL,NULL,NULL,NULL,NULL,NULL,NULL,NULL,NULL,NULL,NULL,NULL,NULL,NULL,'center',NULL,NULL,NULL,NULL,NULL,NULL,NULL,NULL,NULL,NULL),(2631,NULL,NULL,NULL,'HumanHazard',NULL,NULL,NULL,NULL,NULL,NULL,NULL,NULL,NULL,NULL,NULL,NULL,NULL,NULL,NULL,NULL,NULL,'20','bold',NULL,NULL,NULL,NULL,NULL,NULL,NULL,NULL,NULL,NULL,NULL,NULL,NULL,NULL,NULL,NULL,NULL,NULL,NULL,NULL,'center',NULL,NULL,NULL,NULL,NULL,NULL,NULL,NULL,NULL,NULL),(2632,NULL,NULL,NULL,'HumanHazard',NULL,NULL,NULL,NULL,NULL,NULL,NULL,NULL,NULL,NULL,NULL,NULL,NULL,NULL,NULL,NULL,NULL,'10',NULL,NULL,NULL,NULL,NULL,NULL,NULL,NULL,NULL,NULL,NULL,NULL,NULL,NULL,NULL,NULL,NULL,NULL,NULL,NULL,NULL,'center',NULL,NULL,NULL,NULL,NULL,NULL,NULL,NULL,NULL,NULL),(2633,'Tag597',NULL,'xxx','Graphic',NULL,NULL,NULL,'KennelSolHeaderHD.jpg',-0.015,0.185,3.58,4.77,NULL,NULL,'n/a',NULL,'n/a',NULL,NULL,NULL,NULL,NULL,NULL,NULL,NULL,NULL,NULL,NULL,NULL,NULL,NULL,NULL,NULL,NULL,NULL,NULL,NULL,NULL,NULL,NULL,NULL,NULL,NULL,NULL,NULL,NULL,2,2,NULL,210,NULL,NULL,NULL,NULL),(2634,NULL,NULL,NULL,'Graphic',NULL,NULL,NULL,NULL,NULL,NULL,NULL,NULL,NULL,NULL,NULL,NULL,NULL,NULL,NULL,NULL,NULL,NULL,NULL,NULL,NULL,NULL,NULL,NULL,NULL,NULL,NULL,NULL,NULL,NULL,NULL,NULL,NULL,NULL,NULL,NULL,NULL,NULL,NULL,NULL,NULL,NULL,NULL,NULL,NULL,NULL,NULL,NULL,NULL,NULL),(2635,NULL,NULL,NULL,'Graphic',NULL,NULL,NULL,NULL,NULL,NULL,NULL,NULL,NULL,NULL,NULL,NULL,NULL,NULL,NULL,NULL,NULL,NULL,NULL,NULL,NULL,NULL,NULL,NULL,NULL,NULL,NULL,NULL,NULL,NULL,NULL,NULL,NULL,NULL,NULL,NULL,NULL,NULL,NULL,NULL,NULL,NULL,NULL,NULL,NULL,NULL,NULL,NULL,NULL,NULL),(2636,'Tag659',NULL,NULL,NULL,NULL,NULL,NULL,NULL,-0.062,0.015,2.8,16.127,NULL,NULL,'n/a',NULL,'n/a',NULL,NULL,NULL,NULL,NULL,NULL,NULL,NULL,NULL,NULL,NULL,NULL,NULL,NULL,NULL,NULL,NULL,NULL,NULL,NULL,NULL,NULL,NULL,NULL,NULL,NULL,NULL,NULL,NULL,2,NULL,NULL,211,NULL,NULL,NULL,NULL),(2637,'Tag660',NULL,NULL,'StorageDisposal',NULL,NULL,NULL,NULL,0.062,0.093,2.5,3.981,NULL,NULL,'n/a',NULL,'n/a',NULL,NULL,NULL,NULL,NULL,NULL,NULL,NULL,NULL,NULL,NULL,NULL,NULL,NULL,NULL,NULL,NULL,NULL,NULL,NULL,NULL,NULL,NULL,NULL,NULL,NULL,NULL,NULL,NULL,3,NULL,NULL,NULL,2636,NULL,NULL,NULL),(2638,NULL,NULL,NULL,'StorageDisposal',NULL,NULL,NULL,NULL,NULL,NULL,NULL,NULL,NULL,NULL,NULL,NULL,NULL,NULL,NULL,NULL,NULL,NULL,NULL,NULL,0.04,NULL,NULL,NULL,NULL,NULL,NULL,NULL,NULL,NULL,NULL,NULL,NULL,NULL,NULL,NULL,NULL,NULL,NULL,'center',NULL,NULL,NULL,NULL,NULL,NULL,NULL,NULL,NULL,NULL),(2639,NULL,NULL,NULL,'StorageDisposal',NULL,NULL,NULL,NULL,NULL,NULL,NULL,NULL,NULL,NULL,NULL,NULL,NULL,NULL,NULL,NULL,NULL,'9',NULL,NULL,0.01,NULL,NULL,NULL,NULL,NULL,NULL,NULL,NULL,NULL,NULL,NULL,NULL,NULL,NULL,NULL,NULL,NULL,NULL,NULL,NULL,NULL,NULL,NULL,NULL,NULL,NULL,NULL,NULL,NULL),(2640,'Tag669',NULL,NULL,'Precautionary',NULL,NULL,NULL,NULL,1.744,4.198,0.88,3.8,NULL,NULL,'n/a',NULL,'n/a',NULL,NULL,NULL,NULL,NULL,NULL,NULL,NULL,NULL,NULL,NULL,NULL,NULL,NULL,NULL,NULL,NULL,NULL,NULL,NULL,NULL,NULL,NULL,NULL,NULL,NULL,NULL,NULL,NULL,3,NULL,NULL,NULL,2636,NULL,NULL,NULL),(2641,NULL,NULL,NULL,NULL,NULL,NULL,NULL,NULL,NULL,NULL,NULL,NULL,NULL,NULL,NULL,NULL,NULL,NULL,NULL,NULL,NULL,NULL,NULL,NULL,NULL,NULL,NULL,NULL,NULL,NULL,NULL,NULL,NULL,NULL,NULL,NULL,NULL,NULL,NULL,NULL,NULL,NULL,NULL,NULL,NULL,NULL,NULL,NULL,NULL,NULL,NULL,NULL,NULL,NULL),(2642,NULL,NULL,NULL,NULL,NULL,NULL,NULL,NULL,NULL,NULL,NULL,NULL,NULL,NULL,NULL,NULL,NULL,NULL,NULL,NULL,NULL,NULL,NULL,NULL,NULL,NULL,NULL,NULL,NULL,NULL,NULL,NULL,NULL,NULL,NULL,NULL,NULL,NULL,NULL,NULL,NULL,NULL,NULL,NULL,NULL,NULL,NULL,NULL,NULL,NULL,NULL,NULL,NULL,NULL),(2643,'Tag668',NULL,NULL,'EnvironmentalHazard',NULL,NULL,NULL,NULL,0.833,12.145,1.806,3.8,NULL,NULL,'n/a',NULL,'n/a',NULL,NULL,NULL,NULL,NULL,NULL,NULL,NULL,NULL,NULL,NULL,NULL,NULL,NULL,NULL,NULL,NULL,NULL,NULL,NULL,NULL,NULL,NULL,NULL,NULL,NULL,NULL,NULL,NULL,3,NULL,NULL,NULL,2636,NULL,NULL,NULL),(2644,'Tag667',NULL,NULL,'FirstAid',NULL,NULL,NULL,NULL,0.062,8.164,2.546,3.8,NULL,NULL,'n/a',NULL,'n/a',NULL,NULL,NULL,NULL,NULL,NULL,NULL,NULL,NULL,NULL,NULL,NULL,NULL,NULL,NULL,NULL,NULL,NULL,NULL,NULL,NULL,NULL,NULL,NULL,NULL,NULL,NULL,NULL,NULL,3,NULL,NULL,NULL,2636,NULL,NULL,NULL),(2645,NULL,NULL,NULL,NULL,NULL,NULL,NULL,NULL,NULL,NULL,NULL,NULL,NULL,NULL,NULL,NULL,NULL,NULL,NULL,NULL,NULL,NULL,NULL,NULL,NULL,NULL,NULL,NULL,NULL,NULL,NULL,NULL,NULL,NULL,NULL,NULL,NULL,NULL,NULL,NULL,NULL,NULL,NULL,NULL,NULL,NULL,NULL,NULL,NULL,NULL,NULL,NULL,NULL,NULL),(2646,NULL,NULL,NULL,NULL,NULL,NULL,NULL,NULL,NULL,NULL,NULL,NULL,NULL,NULL,NULL,NULL,NULL,NULL,NULL,NULL,NULL,NULL,NULL,NULL,NULL,NULL,NULL,NULL,NULL,NULL,NULL,NULL,NULL,NULL,NULL,NULL,NULL,NULL,NULL,NULL,NULL,NULL,NULL,NULL,NULL,NULL,NULL,NULL,NULL,NULL,NULL,NULL,NULL,NULL),(2647,NULL,NULL,NULL,'FirstAid',NULL,NULL,NULL,NULL,NULL,NULL,NULL,NULL,NULL,NULL,NULL,NULL,NULL,NULL,NULL,NULL,NULL,NULL,NULL,NULL,NULL,NULL,NULL,NULL,NULL,NULL,NULL,NULL,NULL,NULL,NULL,NULL,NULL,NULL,NULL,NULL,NULL,NULL,NULL,NULL,NULL,NULL,NULL,NULL,NULL,NULL,NULL,NULL,NULL,NULL),(2648,'Tag666',NULL,NULL,'FirstAid',NULL,NULL,'Y',NULL,0.062,12.16,0.633,3.8,NULL,NULL,'n/a',NULL,'n/a',NULL,NULL,NULL,NULL,NULL,NULL,NULL,NULL,NULL,NULL,NULL,NULL,NULL,NULL,NULL,NULL,NULL,NULL,NULL,NULL,NULL,NULL,NULL,NULL,NULL,NULL,NULL,NULL,NULL,3,NULL,NULL,NULL,2636,NULL,NULL,NULL),(2649,NULL,NULL,NULL,'FirstAid',NULL,NULL,NULL,NULL,NULL,NULL,NULL,NULL,NULL,NULL,NULL,NULL,NULL,NULL,NULL,NULL,NULL,NULL,NULL,NULL,NULL,NULL,NULL,NULL,NULL,NULL,NULL,NULL,NULL,NULL,NULL,NULL,NULL,NULL,NULL,NULL,NULL,NULL,NULL,NULL,NULL,NULL,NULL,NULL,NULL,NULL,NULL,NULL,NULL,NULL),(2650,NULL,NULL,NULL,'FirstAid',NULL,NULL,NULL,NULL,NULL,NULL,NULL,NULL,NULL,NULL,NULL,NULL,NULL,NULL,NULL,NULL,NULL,NULL,NULL,NULL,NULL,NULL,NULL,NULL,NULL,NULL,NULL,NULL,NULL,NULL,NULL,NULL,NULL,NULL,NULL,NULL,NULL,NULL,NULL,NULL,NULL,NULL,NULL,NULL,NULL,NULL,NULL,NULL,NULL,NULL),(2651,NULL,NULL,NULL,'FirstAid',NULL,NULL,NULL,NULL,NULL,NULL,NULL,NULL,NULL,NULL,NULL,NULL,NULL,NULL,NULL,NULL,NULL,NULL,NULL,NULL,NULL,NULL,NULL,NULL,NULL,NULL,NULL,NULL,NULL,NULL,NULL,NULL,NULL,NULL,NULL,NULL,NULL,NULL,NULL,NULL,NULL,NULL,NULL,NULL,NULL,NULL,NULL,NULL,NULL,NULL),(2652,'Tag663',NULL,NULL,'StorageDisposal',NULL,NULL,'Y',NULL,0.062,4.213,1.451,3.8,NULL,NULL,'n/a',NULL,'n/a',NULL,NULL,NULL,NULL,NULL,NULL,NULL,NULL,NULL,NULL,NULL,NULL,NULL,NULL,NULL,NULL,NULL,NULL,NULL,NULL,NULL,NULL,NULL,NULL,NULL,NULL,NULL,NULL,NULL,3,NULL,NULL,NULL,2636,NULL,NULL,NULL),(2653,NULL,NULL,NULL,'StorageDisposal',NULL,NULL,NULL,NULL,NULL,NULL,NULL,NULL,NULL,NULL,NULL,NULL,NULL,NULL,NULL,NULL,NULL,NULL,NULL,NULL,0.04,NULL,NULL,NULL,NULL,NULL,NULL,NULL,NULL,NULL,NULL,NULL,NULL,NULL,NULL,NULL,NULL,NULL,NULL,NULL,NULL,NULL,NULL,NULL,NULL,NULL,NULL,NULL,NULL,NULL),(2654,NULL,NULL,NULL,NULL,NULL,NULL,NULL,NULL,NULL,NULL,NULL,NULL,NULL,NULL,NULL,NULL,NULL,NULL,NULL,NULL,NULL,NULL,NULL,NULL,NULL,NULL,NULL,NULL,NULL,NULL,NULL,NULL,NULL,NULL,NULL,NULL,NULL,NULL,NULL,NULL,NULL,NULL,NULL,NULL,NULL,NULL,NULL,NULL,NULL,NULL,NULL,NULL,NULL,NULL),(2655,'Tag620',NULL,NULL,NULL,NULL,NULL,NULL,NULL,0,0,5.938,5,NULL,NULL,'n/a',NULL,'n/a',NULL,NULL,NULL,NULL,NULL,NULL,NULL,NULL,NULL,NULL,NULL,NULL,NULL,NULL,NULL,NULL,NULL,NULL,NULL,NULL,NULL,NULL,NULL,NULL,NULL,NULL,NULL,NULL,NULL,2,1,NULL,212,NULL,NULL,NULL,NULL),(2656,'Tag621',NULL,NULL,'ProductName',NULL,NULL,NULL,NULL,0.05,0.112,0.4,4.792,NULL,NULL,'n/a',NULL,'n/a',NULL,NULL,NULL,NULL,NULL,NULL,NULL,NULL,NULL,NULL,NULL,NULL,NULL,NULL,NULL,NULL,NULL,NULL,NULL,NULL,NULL,NULL,NULL,NULL,NULL,NULL,NULL,NULL,NULL,3,NULL,NULL,NULL,2655,NULL,NULL,NULL),(2657,NULL,NULL,NULL,'ProductName',NULL,NULL,NULL,NULL,NULL,NULL,NULL,NULL,'pan-68',NULL,NULL,NULL,NULL,NULL,NULL,NULL,'Serif','26','bold',NULL,NULL,NULL,NULL,NULL,NULL,NULL,NULL,NULL,NULL,NULL,NULL,NULL,NULL,NULL,NULL,NULL,NULL,NULL,NULL,'center',NULL,NULL,NULL,NULL,NULL,NULL,NULL,NULL,NULL,2),(2658,'Tag634','Virucidal',NULL,'Marketing',NULL,NULL,NULL,NULL,5,0.1,0.8,4.8,NULL,NULL,'n/a',NULL,'n/a',NULL,NULL,NULL,NULL,NULL,NULL,NULL,NULL,NULL,NULL,NULL,NULL,NULL,NULL,NULL,NULL,NULL,NULL,NULL,NULL,NULL,NULL,NULL,NULL,NULL,NULL,NULL,NULL,NULL,3,NULL,NULL,NULL,2655,NULL,NULL,NULL),(2659,'Tag633','Fungicidal',NULL,'Marketing',NULL,NULL,NULL,NULL,4.5,0.1,0.4,4.8,NULL,NULL,NULL,NULL,NULL,NULL,NULL,NULL,NULL,NULL,NULL,NULL,NULL,NULL,NULL,NULL,NULL,NULL,NULL,NULL,NULL,NULL,NULL,NULL,NULL,NULL,NULL,NULL,NULL,NULL,NULL,NULL,NULL,NULL,3,NULL,NULL,NULL,2655,NULL,NULL,NULL),(2660,'Tag622','Bactericidal Claims',NULL,'Marketing','C2',NULL,NULL,NULL,2.13,0.108,1.84,4.792,NULL,NULL,'n/a',NULL,'n/a','Y',NULL,NULL,NULL,NULL,NULL,NULL,NULL,NULL,NULL,NULL,NULL,NULL,NULL,NULL,NULL,NULL,NULL,NULL,NULL,NULL,NULL,NULL,NULL,NULL,NULL,NULL,NULL,NULL,3,NULL,NULL,NULL,2655,NULL,NULL,NULL),(2661,NULL,NULL,NULL,'Marketing',NULL,NULL,NULL,NULL,NULL,NULL,NULL,NULL,NULL,NULL,NULL,NULL,NULL,NULL,NULL,NULL,NULL,NULL,NULL,NULL,0.5,NULL,0.02,NULL,NULL,NULL,NULL,NULL,NULL,NULL,NULL,NULL,NULL,NULL,NULL,NULL,NULL,NULL,NULL,NULL,NULL,NULL,NULL,NULL,NULL,NULL,NULL,NULL,NULL,NULL),(2662,NULL,NULL,NULL,'Marketing',NULL,NULL,NULL,NULL,NULL,NULL,NULL,NULL,NULL,NULL,NULL,NULL,'green',NULL,'dashed',7,NULL,NULL,NULL,NULL,NULL,NULL,NULL,NULL,NULL,NULL,NULL,NULL,NULL,NULL,NULL,NULL,NULL,NULL,NULL,NULL,NULL,NULL,NULL,NULL,NULL,NULL,NULL,NULL,NULL,NULL,NULL,NULL,NULL,NULL),(2663,NULL,NULL,NULL,'Marketing',NULL,NULL,NULL,NULL,NULL,NULL,NULL,NULL,NULL,NULL,NULL,NULL,NULL,NULL,NULL,NULL,NULL,NULL,NULL,NULL,NULL,NULL,NULL,NULL,NULL,NULL,NULL,NULL,NULL,NULL,NULL,NULL,NULL,NULL,NULL,NULL,NULL,NULL,NULL,NULL,NULL,NULL,NULL,NULL,NULL,NULL,NULL,NULL,NULL,NULL),(2664,'Tag630','For Use Areas Only',NULL,'Marketing',NULL,NULL,NULL,NULL,1.47,0.112,0.48,4.792,NULL,NULL,'n/a',NULL,'n/a',NULL,NULL,NULL,NULL,NULL,NULL,NULL,NULL,NULL,NULL,NULL,NULL,NULL,NULL,NULL,NULL,NULL,NULL,NULL,NULL,NULL,NULL,NULL,NULL,NULL,NULL,NULL,NULL,NULL,3,NULL,NULL,NULL,2655,NULL,NULL,NULL),(2665,'Tag629','Multi-Purpose Detergent',NULL,'Marketing',NULL,NULL,NULL,NULL,0.96,0.11,0.4,4.8,NULL,NULL,'n/a',NULL,'n/a',NULL,NULL,NULL,NULL,NULL,NULL,NULL,NULL,NULL,NULL,NULL,NULL,NULL,NULL,NULL,NULL,NULL,NULL,NULL,NULL,NULL,NULL,NULL,NULL,NULL,NULL,NULL,NULL,NULL,3,NULL,NULL,NULL,2655,NULL,NULL,NULL),(2666,'Tag623','Germicidal Detergent',NULL,'Marketing',NULL,NULL,NULL,NULL,0.5,0.112,0.3,4.792,NULL,NULL,'n/a',NULL,'n/a',NULL,NULL,NULL,NULL,NULL,NULL,NULL,NULL,NULL,NULL,NULL,NULL,NULL,NULL,NULL,NULL,NULL,NULL,NULL,NULL,NULL,NULL,NULL,NULL,NULL,NULL,NULL,NULL,NULL,3,NULL,NULL,NULL,2655,NULL,NULL,NULL),(2667,NULL,NULL,NULL,'Marketing',NULL,NULL,NULL,NULL,NULL,NULL,NULL,NULL,'Red',NULL,NULL,NULL,NULL,NULL,NULL,NULL,'Serif','20','bold',NULL,NULL,NULL,NULL,NULL,NULL,NULL,NULL,NULL,NULL,NULL,NULL,NULL,NULL,NULL,NULL,NULL,NULL,NULL,NULL,'center',NULL,NULL,NULL,NULL,NULL,NULL,NULL,NULL,NULL,1),(2668,'Tag625',NULL,NULL,'Graphic',NULL,NULL,NULL,'AlphaTechPetBase.jpg',5.951,0,1.05,5.05,NULL,NULL,'n/a',NULL,'n/a',NULL,NULL,NULL,NULL,NULL,NULL,NULL,NULL,NULL,NULL,NULL,NULL,NULL,NULL,NULL,NULL,NULL,NULL,NULL,NULL,NULL,NULL,NULL,NULL,NULL,NULL,NULL,NULL,NULL,2,2,NULL,212,NULL,NULL,NULL,NULL),(2669,'Tag626',NULL,NULL,'DirectionsForUse',NULL,NULL,NULL,NULL,0.093,0.062,7.093,5.376,NULL,NULL,'n/a',NULL,'n/a',NULL,NULL,NULL,NULL,NULL,NULL,NULL,NULL,NULL,NULL,NULL,NULL,NULL,NULL,NULL,NULL,NULL,NULL,NULL,NULL,NULL,NULL,NULL,NULL,NULL,NULL,NULL,NULL,NULL,2,NULL,NULL,213,NULL,NULL,NULL,NULL),(2670,NULL,NULL,NULL,'DirectionsForUse',NULL,NULL,NULL,NULL,NULL,NULL,NULL,NULL,NULL,NULL,NULL,NULL,NULL,NULL,NULL,NULL,NULL,'8',NULL,NULL,0.05,NULL,NULL,NULL,NULL,NULL,NULL,NULL,NULL,NULL,NULL,NULL,NULL,NULL,NULL,NULL,NULL,NULL,NULL,NULL,NULL,NULL,NULL,NULL,NULL,NULL,NULL,NULL,NULL,NULL),(2671,NULL,NULL,NULL,'DirectionsForUse',NULL,NULL,NULL,NULL,NULL,NULL,NULL,NULL,NULL,NULL,NULL,NULL,NULL,NULL,NULL,NULL,NULL,'8',NULL,NULL,0.05,NULL,NULL,NULL,NULL,NULL,NULL,NULL,NULL,NULL,NULL,NULL,NULL,NULL,NULL,NULL,NULL,NULL,NULL,'justify',NULL,NULL,NULL,NULL,NULL,NULL,NULL,NULL,NULL,NULL),(2672,NULL,NULL,NULL,'DirectionsForUse',NULL,NULL,NULL,NULL,NULL,NULL,NULL,NULL,NULL,NULL,NULL,NULL,NULL,NULL,NULL,NULL,NULL,NULL,NULL,NULL,NULL,NULL,NULL,NULL,NULL,NULL,NULL,NULL,NULL,NULL,NULL,NULL,NULL,NULL,NULL,NULL,NULL,NULL,NULL,NULL,NULL,NULL,NULL,NULL,NULL,NULL,NULL,NULL,NULL,NULL);
/*!40000 ALTER TABLE `lld_block` ENABLE KEYS */;
UNLOCK TABLES;

--
-- Table structure for table `lld_page`
--

DROP TABLE IF EXISTS `lld_page`;
/*!40101 SET @saved_cs_client     = @@character_set_client */;
/*!40101 SET character_set_client = utf8 */;
CREATE TABLE `lld_page` (
  `ID` int(11) NOT NULL,
  `TAG` varchar(64) DEFAULT NULL,
  `NAME` varchar(128) DEFAULT NULL,
  `HEIGHT` double DEFAULT NULL,
  `WIDTH` double DEFAULT NULL,
  `BACKGROUNDCOLOR` varchar(20) DEFAULT NULL,
  `BACKGROUNDCOLOROVERRIDE` varchar(1) DEFAULT NULL,
  `PAGENBR` int(11) DEFAULT NULL,
  `DEPTH` int(11) DEFAULT NULL,
  `FK_ID_LLD` int(11) DEFAULT NULL,
  `FK_ID_SPLD_LLD` int(11) DEFAULT NULL,
  `FK_ID_COLOR` int(11) DEFAULT NULL,
  PRIMARY KEY (`ID`),
  KEY `LLD_PAGE_FK_ID_LLD_102960` (`FK_ID_LLD`),
  KEY `LLD_PAGE_FK_ID_SPLD_LLD_102970` (`FK_ID_SPLD_LLD`),
  KEY `LLD_PAGE_FK_ID_COLOR_940250` (`FK_ID_COLOR`)
) ENGINE=InnoDB DEFAULT CHARSET=utf8;
/*!40101 SET character_set_client = @saved_cs_client */;

--
-- Dumping data for table `lld_page`
--

LOCK TABLES `lld_page` WRITE;
/*!40000 ALTER TABLE `lld_page` DISABLE KEYS */;
INSERT INTO `lld_page` VALUES (9,NULL,NULL,NULL,NULL,NULL,NULL,NULL,NULL,5,NULL,NULL),(14,NULL,NULL,NULL,NULL,NULL,NULL,NULL,NULL,7,NULL,NULL),(15,NULL,NULL,9.5,24.8,NULL,NULL,NULL,NULL,NULL,8,NULL),(18,'page1',NULL,14.6,19.6,NULL,NULL,1,0,NULL,10,NULL),(27,'page1',NULL,14.6,19.6,NULL,NULL,1,0,NULL,11,NULL),(350,'page1',NULL,4.937,19,NULL,NULL,1,0,NULL,46,NULL),(352,'page1',NULL,14.6,19.6,NULL,NULL,1,0,10,NULL,NULL),(358,NULL,NULL,14,19.5,NULL,NULL,NULL,NULL,NULL,51,NULL),(363,'page1',NULL,4.75,19,NULL,NULL,1,0,NULL,55,NULL),(373,'page1',NULL,14.6,19.6,NULL,NULL,1,0,NULL,65,NULL),(390,'page1',NULL,14.6,19.6,NULL,NULL,1,0,NULL,82,NULL),(391,'page1',NULL,14.6,19.6,NULL,NULL,1,0,NULL,83,NULL);
/*!40000 ALTER TABLE `lld_page` ENABLE KEYS */;
UNLOCK TABLES;

--
-- Table structure for table `lld_panel`
--

DROP TABLE IF EXISTS `lld_panel`;
/*!40101 SET @saved_cs_client     = @@character_set_client */;
/*!40101 SET character_set_client = utf8 */;
CREATE TABLE `lld_panel` (
  `ID` int(11) NOT NULL,
  `TAG` varchar(64) DEFAULT NULL,
  `NAME` varchar(128) DEFAULT NULL,
  `PANELNUMBER` int(11) DEFAULT NULL,
  `LLD_SECTIONTYPE` varchar(20) DEFAULT NULL,
  `LLD_COLUMNLISTTYPE` tinytext,
  `CONTINUATIONBLOCKTAG` varchar(64) DEFAULT NULL,
  `CONTINUATIONBLOCKFLAG` varchar(1) DEFAULT NULL,
  `IMAGENAME` varchar(254) DEFAULT NULL,
  `z_TOP` double DEFAULT NULL,
  `z_LEFT` double DEFAULT NULL,
  `HEIGHT` double DEFAULT NULL,
  `WIDTH` double DEFAULT NULL,
  `TEXTCOLOR` varchar(20) DEFAULT NULL,
  `TEXTCOLOROVERRIDE` varchar(1) DEFAULT NULL,
  `BACKGROUNDCOLOR` varchar(20) DEFAULT NULL,
  `BACKGROUNDCOLOROVERRIDE` varchar(1) DEFAULT NULL,
  `BORDERCOLOR` varchar(20) DEFAULT NULL,
  `BORDERCOLOROVERRIDE` varchar(1) DEFAULT NULL,
  `BORDERSTYLE` varchar(20) DEFAULT NULL,
  `BORDERWIDTH` double DEFAULT NULL,
  `FONTFAMILY` varchar(20) DEFAULT NULL,
  `FONTSIZE` varchar(20) DEFAULT NULL,
  `FONTWEIGHT` varchar(20) DEFAULT NULL,
  `MARGIN` double DEFAULT NULL,
  `MARGINTOP` double DEFAULT NULL,
  `MARGINBOTTOM` double DEFAULT NULL,
  `MARGINLEFT` double DEFAULT NULL,
  `MARGINRIGHT` double DEFAULT NULL,
  `MARGINOVERRIDE` varchar(1) DEFAULT NULL,
  `BORDER` double DEFAULT NULL,
  `BORDERTOP` double DEFAULT NULL,
  `BORDERBOTTOM` double DEFAULT NULL,
  `BORDERLEFT` double DEFAULT NULL,
  `BORDERRIGHT` double DEFAULT NULL,
  `BORDEROVERRIDE` varchar(1) DEFAULT NULL,
  `PADDING` double DEFAULT NULL,
  `PADDINGTOP` double DEFAULT NULL,
  `PADDINGBOTTOM` double DEFAULT NULL,
  `PADDINGLEFT` double DEFAULT NULL,
  `PADDINGRIGHT` double DEFAULT NULL,
  `PADDINGOVERRIDE` varchar(1) DEFAULT NULL,
  `TITLEPOSITION` varchar(5) DEFAULT NULL,
  `CAPITALIZETITLETEXTFLAG` tinytext,
  `TEXTALIGN` varchar(20) DEFAULT NULL,
  `TEXTLINEHEIGHT` double DEFAULT NULL,
  `TEXTLETTERSPACE` int(11) DEFAULT NULL,
  `BLOCKTITLE` varchar(254) DEFAULT NULL,
  `DEPTH` int(11) DEFAULT NULL,
  `FK_ID_LLD_PAGE` int(11) NOT NULL,
  `FK_ID_COLOR` int(11) DEFAULT NULL,
  `BG_ID_COLOR` int(11) DEFAULT NULL,
  `BD_ID_COLOR` int(11) DEFAULT NULL,
  PRIMARY KEY (`ID`),
  KEY `LLD_PANEL_FK_ID_LLD_PAGE_10295` (`FK_ID_LLD_PAGE`)
) ENGINE=InnoDB DEFAULT CHARSET=utf8;
/*!40101 SET character_set_client = @saved_cs_client */;

--
-- Dumping data for table `lld_panel`
--

LOCK TABLES `lld_panel` WRITE;
/*!40000 ALTER TABLE `lld_panel` DISABLE KEYS */;
INSERT INTO `lld_panel` VALUES (18,NULL,NULL,NULL,NULL,NULL,NULL,NULL,NULL,0,0,8,5,NULL,NULL,NULL,NULL,NULL,NULL,NULL,NULL,NULL,NULL,NULL,NULL,NULL,NULL,NULL,NULL,NULL,NULL,NULL,NULL,NULL,NULL,NULL,NULL,NULL,NULL,NULL,NULL,NULL,NULL,NULL,NULL,NULL,NULL,NULL,NULL,9,NULL,NULL,NULL),(19,NULL,NULL,NULL,NULL,NULL,NULL,NULL,NULL,0,5,8,5,NULL,NULL,NULL,NULL,NULL,NULL,NULL,NULL,NULL,NULL,NULL,NULL,NULL,NULL,NULL,NULL,NULL,NULL,NULL,NULL,NULL,NULL,NULL,NULL,NULL,NULL,NULL,NULL,NULL,NULL,NULL,NULL,NULL,NULL,NULL,NULL,9,NULL,NULL,NULL),(20,NULL,NULL,NULL,NULL,NULL,NULL,NULL,NULL,0,10,8,5,NULL,NULL,NULL,NULL,NULL,NULL,NULL,NULL,NULL,NULL,NULL,NULL,NULL,NULL,NULL,NULL,NULL,NULL,NULL,NULL,NULL,NULL,NULL,NULL,NULL,NULL,NULL,NULL,NULL,NULL,NULL,NULL,NULL,NULL,NULL,NULL,9,NULL,NULL,NULL),(21,NULL,NULL,NULL,NULL,NULL,NULL,NULL,NULL,8,0,3,15,NULL,NULL,NULL,NULL,NULL,NULL,NULL,NULL,NULL,NULL,NULL,NULL,NULL,NULL,NULL,NULL,NULL,NULL,NULL,NULL,NULL,NULL,NULL,NULL,NULL,NULL,NULL,NULL,NULL,NULL,NULL,NULL,NULL,NULL,NULL,NULL,9,NULL,NULL,NULL),(36,NULL,NULL,NULL,NULL,NULL,NULL,NULL,NULL,0,0,8,5,NULL,NULL,NULL,NULL,NULL,NULL,NULL,NULL,NULL,NULL,NULL,NULL,NULL,NULL,NULL,NULL,NULL,NULL,NULL,NULL,NULL,NULL,NULL,NULL,NULL,NULL,NULL,NULL,NULL,NULL,NULL,NULL,NULL,NULL,NULL,NULL,14,NULL,NULL,NULL),(37,NULL,NULL,NULL,NULL,NULL,NULL,NULL,NULL,0,5,8,5,NULL,NULL,NULL,NULL,NULL,NULL,NULL,NULL,NULL,NULL,NULL,NULL,NULL,NULL,NULL,NULL,NULL,NULL,NULL,NULL,NULL,NULL,NULL,NULL,NULL,NULL,NULL,NULL,NULL,NULL,NULL,NULL,NULL,NULL,NULL,NULL,14,NULL,NULL,NULL),(38,NULL,NULL,NULL,NULL,NULL,NULL,NULL,NULL,0,10,8,5,NULL,NULL,NULL,NULL,NULL,NULL,NULL,NULL,NULL,NULL,NULL,NULL,NULL,NULL,NULL,NULL,NULL,NULL,NULL,NULL,NULL,NULL,NULL,NULL,NULL,NULL,NULL,NULL,NULL,NULL,NULL,NULL,NULL,NULL,NULL,NULL,14,NULL,NULL,NULL),(39,NULL,NULL,NULL,NULL,NULL,NULL,NULL,NULL,0,15,8,5,NULL,NULL,NULL,NULL,NULL,NULL,NULL,NULL,NULL,NULL,NULL,NULL,NULL,NULL,NULL,NULL,NULL,NULL,NULL,NULL,NULL,NULL,NULL,NULL,NULL,NULL,NULL,NULL,NULL,NULL,NULL,NULL,NULL,NULL,NULL,NULL,14,NULL,NULL,NULL),(40,NULL,NULL,NULL,NULL,NULL,NULL,NULL,NULL,1,1,7,5,NULL,NULL,NULL,NULL,NULL,NULL,NULL,NULL,NULL,NULL,NULL,NULL,NULL,NULL,NULL,NULL,NULL,NULL,NULL,NULL,NULL,NULL,NULL,NULL,NULL,NULL,NULL,NULL,NULL,NULL,NULL,NULL,NULL,NULL,NULL,NULL,15,NULL,NULL,NULL),(41,NULL,NULL,NULL,NULL,NULL,NULL,NULL,NULL,1,6.75,7,5,NULL,NULL,NULL,NULL,NULL,NULL,NULL,NULL,NULL,NULL,NULL,NULL,NULL,NULL,NULL,NULL,NULL,NULL,NULL,NULL,NULL,NULL,NULL,NULL,NULL,NULL,NULL,NULL,NULL,NULL,NULL,NULL,NULL,NULL,NULL,NULL,15,NULL,NULL,NULL),(42,NULL,NULL,NULL,NULL,NULL,NULL,NULL,NULL,1,12.5,7,5,NULL,NULL,NULL,NULL,NULL,NULL,NULL,NULL,NULL,NULL,NULL,NULL,NULL,NULL,NULL,NULL,NULL,NULL,NULL,NULL,NULL,NULL,NULL,NULL,NULL,NULL,NULL,NULL,NULL,NULL,NULL,NULL,NULL,NULL,NULL,NULL,15,NULL,NULL,NULL),(43,NULL,NULL,NULL,NULL,NULL,NULL,NULL,NULL,1,18.25,7,5,NULL,NULL,NULL,NULL,NULL,NULL,NULL,NULL,NULL,NULL,NULL,NULL,NULL,NULL,NULL,NULL,NULL,NULL,NULL,NULL,NULL,NULL,NULL,NULL,NULL,NULL,NULL,NULL,NULL,NULL,NULL,NULL,NULL,NULL,NULL,NULL,15,NULL,NULL,NULL),(49,'Tag49',NULL,NULL,NULL,NULL,NULL,NULL,NULL,0.359,6.296,7.3,5.2,NULL,NULL,'n/a',NULL,'n/a',NULL,NULL,NULL,NULL,NULL,NULL,NULL,NULL,NULL,NULL,NULL,NULL,NULL,NULL,NULL,NULL,NULL,NULL,NULL,NULL,NULL,NULL,NULL,NULL,NULL,NULL,NULL,NULL,NULL,NULL,1,18,NULL,NULL,NULL),(50,'Tag50',NULL,NULL,NULL,NULL,NULL,NULL,NULL,7.793,0.602,2.8,16.173,NULL,NULL,'n/a',NULL,'n/a',NULL,NULL,NULL,NULL,NULL,NULL,NULL,NULL,NULL,NULL,NULL,NULL,NULL,NULL,NULL,NULL,NULL,NULL,NULL,NULL,NULL,NULL,NULL,NULL,NULL,NULL,NULL,NULL,NULL,NULL,1,18,NULL,NULL,NULL),(52,'Tag52',NULL,NULL,NULL,NULL,NULL,NULL,NULL,0.35,11.63,7.262,5.006,NULL,NULL,'n/a',NULL,'n/a',NULL,NULL,NULL,NULL,NULL,NULL,NULL,NULL,NULL,NULL,NULL,NULL,NULL,NULL,NULL,NULL,NULL,NULL,NULL,NULL,NULL,NULL,NULL,NULL,NULL,NULL,NULL,NULL,NULL,NULL,1,18,NULL,NULL,NULL),(53,'Tag53',NULL,NULL,NULL,NULL,NULL,NULL,NULL,0.35,0.58,7.329,5.522,NULL,NULL,'n/a',NULL,'n/a',NULL,NULL,NULL,NULL,NULL,NULL,NULL,NULL,NULL,NULL,NULL,NULL,NULL,NULL,NULL,NULL,NULL,NULL,NULL,NULL,NULL,NULL,NULL,NULL,NULL,NULL,NULL,NULL,NULL,NULL,1,18,NULL,NULL,NULL),(54,'Tag54',NULL,NULL,NULL,NULL,NULL,NULL,NULL,0.28,0.93,10.96,10.91,NULL,NULL,NULL,NULL,NULL,NULL,NULL,NULL,NULL,NULL,NULL,NULL,NULL,NULL,NULL,NULL,NULL,NULL,NULL,NULL,NULL,NULL,NULL,NULL,NULL,NULL,NULL,NULL,NULL,NULL,NULL,NULL,NULL,NULL,NULL,1,27,NULL,NULL,NULL),(64,'t_64',NULL,NULL,NULL,NULL,NULL,NULL,NULL,0.99,0.93,7.5,12,NULL,NULL,'n/a',NULL,'n/a',NULL,NULL,NULL,NULL,NULL,NULL,NULL,NULL,NULL,NULL,NULL,NULL,NULL,NULL,NULL,NULL,NULL,NULL,NULL,NULL,NULL,NULL,NULL,NULL,NULL,NULL,NULL,NULL,NULL,NULL,1,350,NULL,NULL,NULL),(69,'Tag53',NULL,NULL,NULL,NULL,NULL,NULL,NULL,0.35,0.54,7.08,5.52,NULL,NULL,'n/a',NULL,'n/a',NULL,NULL,NULL,NULL,NULL,NULL,NULL,NULL,NULL,NULL,NULL,NULL,NULL,NULL,NULL,NULL,NULL,NULL,NULL,NULL,NULL,NULL,NULL,NULL,NULL,NULL,NULL,NULL,NULL,NULL,1,352,NULL,NULL,NULL),(70,'Tag52',NULL,NULL,NULL,NULL,NULL,NULL,NULL,0.35,11.76,7.05,5,NULL,NULL,'n/a',NULL,'n/a',NULL,NULL,NULL,NULL,NULL,NULL,NULL,NULL,NULL,NULL,NULL,NULL,NULL,NULL,NULL,NULL,NULL,NULL,NULL,NULL,NULL,NULL,NULL,NULL,NULL,NULL,NULL,NULL,NULL,NULL,1,352,NULL,NULL,NULL),(71,'Tag49',NULL,NULL,NULL,NULL,NULL,NULL,NULL,0.39,6.31,7.05,5.2,NULL,NULL,'n/a',NULL,'n/a',NULL,NULL,NULL,NULL,NULL,NULL,NULL,NULL,NULL,NULL,NULL,NULL,NULL,NULL,NULL,NULL,NULL,NULL,NULL,NULL,NULL,NULL,NULL,NULL,NULL,NULL,NULL,NULL,NULL,NULL,1,352,NULL,NULL,NULL),(72,'Tag50',NULL,NULL,NULL,NULL,NULL,NULL,NULL,7.73,0.56,2.96,16.11,NULL,NULL,'n/a',NULL,'n/a',NULL,NULL,NULL,NULL,NULL,NULL,NULL,NULL,NULL,NULL,NULL,NULL,NULL,NULL,NULL,NULL,NULL,NULL,NULL,NULL,NULL,NULL,NULL,NULL,NULL,NULL,NULL,NULL,NULL,NULL,1,352,NULL,NULL,NULL),(86,NULL,NULL,NULL,NULL,NULL,NULL,NULL,NULL,1,1,7,9,NULL,NULL,NULL,NULL,NULL,NULL,NULL,NULL,NULL,NULL,NULL,NULL,NULL,NULL,NULL,NULL,NULL,NULL,NULL,NULL,NULL,NULL,NULL,NULL,NULL,NULL,NULL,NULL,NULL,NULL,NULL,NULL,NULL,NULL,NULL,NULL,358,NULL,NULL,NULL),(100,'Tag100',NULL,NULL,NULL,NULL,NULL,NULL,NULL,0.01,0.02,4.75,19,NULL,NULL,'n/a',NULL,'n/a',NULL,NULL,NULL,NULL,NULL,NULL,NULL,NULL,NULL,NULL,NULL,NULL,NULL,NULL,NULL,NULL,NULL,NULL,NULL,NULL,NULL,NULL,NULL,NULL,NULL,NULL,NULL,NULL,NULL,NULL,1,363,NULL,NULL,NULL),(138,'Tag49',NULL,NULL,NULL,NULL,NULL,NULL,NULL,0.359,6.296,7.3,5.2,NULL,NULL,'n/a',NULL,'n/a',NULL,NULL,NULL,NULL,NULL,NULL,NULL,NULL,NULL,NULL,NULL,NULL,NULL,NULL,NULL,NULL,NULL,NULL,NULL,NULL,NULL,NULL,NULL,NULL,NULL,NULL,NULL,NULL,NULL,NULL,1,373,NULL,NULL,NULL),(139,'Tag50',NULL,NULL,NULL,NULL,NULL,NULL,NULL,8.3,1,2.8,16.6,NULL,NULL,NULL,NULL,NULL,NULL,NULL,NULL,NULL,NULL,NULL,NULL,NULL,NULL,NULL,NULL,NULL,NULL,NULL,NULL,NULL,NULL,NULL,NULL,NULL,NULL,NULL,NULL,NULL,NULL,NULL,NULL,NULL,NULL,NULL,1,373,NULL,NULL,NULL),(140,'Tag52',NULL,NULL,NULL,NULL,NULL,NULL,NULL,0.35,11.63,7.262,5.006,NULL,NULL,'n/a',NULL,'n/a',NULL,NULL,NULL,NULL,NULL,NULL,NULL,NULL,NULL,NULL,NULL,NULL,NULL,NULL,NULL,NULL,NULL,NULL,NULL,NULL,NULL,NULL,NULL,NULL,NULL,NULL,NULL,NULL,NULL,NULL,1,373,NULL,NULL,NULL),(141,'Tag53',NULL,NULL,NULL,NULL,NULL,NULL,NULL,0.35,0.58,7.329,5.522,NULL,NULL,'n/a',NULL,'n/a',NULL,NULL,NULL,NULL,NULL,NULL,NULL,NULL,NULL,NULL,NULL,NULL,NULL,NULL,NULL,NULL,NULL,NULL,NULL,NULL,NULL,NULL,NULL,NULL,NULL,NULL,NULL,NULL,NULL,NULL,1,373,NULL,NULL,NULL),(206,'Tag49',NULL,NULL,NULL,NULL,NULL,NULL,NULL,0.359,6.296,7.3,5.2,NULL,NULL,'n/a',NULL,'n/a',NULL,NULL,NULL,NULL,NULL,NULL,NULL,NULL,NULL,NULL,NULL,NULL,NULL,NULL,NULL,NULL,NULL,NULL,NULL,NULL,NULL,NULL,NULL,NULL,NULL,NULL,NULL,NULL,NULL,NULL,1,390,NULL,NULL,NULL),(207,'Tag50',NULL,NULL,NULL,NULL,NULL,NULL,NULL,7.793,0.602,2.8,16.173,NULL,NULL,'n/a',NULL,'n/a',NULL,NULL,NULL,NULL,NULL,NULL,NULL,NULL,NULL,NULL,NULL,NULL,NULL,NULL,NULL,NULL,NULL,NULL,NULL,NULL,NULL,NULL,NULL,NULL,NULL,NULL,NULL,NULL,NULL,NULL,1,390,NULL,NULL,NULL),(208,'Tag52',NULL,NULL,NULL,NULL,NULL,NULL,NULL,0.35,11.63,7.262,5.006,NULL,NULL,'n/a',NULL,'n/a',NULL,NULL,NULL,NULL,NULL,NULL,NULL,NULL,NULL,NULL,NULL,NULL,NULL,NULL,NULL,NULL,NULL,NULL,NULL,NULL,NULL,NULL,NULL,NULL,NULL,NULL,NULL,NULL,NULL,NULL,1,390,NULL,NULL,NULL),(209,'Tag53',NULL,NULL,NULL,NULL,NULL,NULL,NULL,0.35,0.58,7.329,5.522,NULL,NULL,'n/a',NULL,'n/a',NULL,NULL,NULL,NULL,NULL,NULL,NULL,NULL,NULL,NULL,NULL,NULL,NULL,NULL,NULL,NULL,NULL,NULL,NULL,NULL,NULL,NULL,NULL,NULL,NULL,NULL,NULL,NULL,NULL,NULL,1,390,NULL,NULL,NULL),(210,'Tag49',NULL,NULL,NULL,NULL,NULL,NULL,NULL,0.359,6.296,7.3,5.2,NULL,NULL,'n/a',NULL,'n/a',NULL,NULL,NULL,NULL,NULL,NULL,NULL,NULL,NULL,NULL,NULL,NULL,NULL,NULL,NULL,NULL,NULL,NULL,NULL,NULL,NULL,NULL,NULL,NULL,NULL,NULL,NULL,NULL,NULL,NULL,1,391,NULL,NULL,NULL),(211,'Tag50',NULL,NULL,NULL,NULL,NULL,NULL,NULL,7.793,0.602,2.8,16.173,NULL,NULL,'n/a',NULL,'n/a',NULL,NULL,NULL,NULL,NULL,NULL,NULL,NULL,NULL,NULL,NULL,NULL,NULL,NULL,NULL,NULL,NULL,NULL,NULL,NULL,NULL,NULL,NULL,NULL,NULL,NULL,NULL,NULL,NULL,NULL,1,391,NULL,NULL,NULL),(212,'Tag52',NULL,NULL,NULL,NULL,NULL,NULL,NULL,0.35,11.63,7.262,5.006,NULL,NULL,'n/a',NULL,'n/a',NULL,NULL,NULL,NULL,NULL,NULL,NULL,NULL,NULL,NULL,NULL,NULL,NULL,NULL,NULL,NULL,NULL,NULL,NULL,NULL,NULL,NULL,NULL,NULL,NULL,NULL,NULL,NULL,NULL,NULL,1,391,NULL,NULL,NULL),(213,'Tag53',NULL,NULL,NULL,NULL,NULL,NULL,NULL,0.35,0.58,7.329,5.522,NULL,NULL,'n/a',NULL,'n/a',NULL,NULL,NULL,NULL,NULL,NULL,NULL,NULL,NULL,NULL,NULL,NULL,NULL,NULL,NULL,NULL,NULL,NULL,NULL,NULL,NULL,NULL,NULL,NULL,NULL,NULL,NULL,NULL,NULL,NULL,1,391,NULL,NULL,NULL);
/*!40000 ALTER TABLE `lld_panel` ENABLE KEYS */;
UNLOCK TABLES;

--
-- Table structure for table `lld_specialsectionattribute`
--

DROP TABLE IF EXISTS `lld_specialsectionattribute`;
/*!40101 SET @saved_cs_client     = @@character_set_client */;
/*!40101 SET character_set_client = utf8 */;
CREATE TABLE `lld_specialsectionattribute` (
  `ID` int(11) NOT NULL,
  `NAME` varchar(128) DEFAULT NULL,
  `PF1ID_LLD_BLOCK` int(11) NOT NULL,
  `PF2ID_LLD_BLOCK` int(11) DEFAULT NULL,
  PRIMARY KEY (`ID`),
  KEY `LLDSPECIALSECTIONATTRIBU110298` (`PF1ID_LLD_BLOCK`),
  KEY `LLDSPECIALSECTIONATTRIBU210299` (`PF2ID_LLD_BLOCK`)
) ENGINE=InnoDB DEFAULT CHARSET=utf8;
/*!40101 SET character_set_client = @saved_cs_client */;

--
-- Dumping data for table `lld_specialsectionattribute`
--

LOCK TABLES `lld_specialsectionattribute` WRITE;
/*!40000 ALTER TABLE `lld_specialsectionattribute` DISABLE KEYS */;
INSERT INTO `lld_specialsectionattribute` VALUES (6,'Title',394,396),(7,'Text',394,397),(8,'Title',395,398),(9,'Text',395,399),(12,'Title',377,402),(13,'Text',377,403),(14,'Hazards Warning',385,404),(15,'Hazards Signal Word',385,405),(16,'Hazards Precautionary',385,406),(19,'Text',384,409),(105,'DIRECTIONS Header',395,496),(106,'MARKETING Header',394,497),(107,'MARKETING Header',377,498),(111,'Ingredients Title',384,502),(112,'Ingredients Inert',384,503),(113,'Ingredients Total',384,504),(123,'Text',515,516),(124,'Column List',517,518),(125,'Title',517,519),(146,'Text',542,543),(199,'Title',626,627),(200,'Text',626,628),(201,'Column List',622,631),(202,'Text',622,632),(219,'Ingredients Total',599,651),(220,'Hazards Warning',600,652),(221,'Hazards Signal Word',600,653),(222,'Hazards Precautionary',600,654),(225,'Text',621,657),(226,'Text',623,658),(227,'Title',660,661),(228,'Text',660,662),(229,'Text',663,664),(231,'Title',376,671),(232,'Text',376,672),(233,'DIRECTIONS Header',376,673),(234,'Text',669,674),(235,'Title',669,675),(236,'Title',667,676),(238,'Text',667,678),(239,'Title',663,679),(240,'Title',622,805),(311,'Title',932,933),(312,'Text',932,934),(313,'Header',932,935),(314,'Text',936,944),(315,'Column List',936,945),(316,'Ingredients Total',947,952),(317,'Hazards Signal Word',947,953),(318,'Hazards Precautionary',947,954),(319,'Hazards Warning',947,955),(320,'Title',947,956),(321,'Text',947,957),(322,'Title',959,960),(323,'Text',959,961),(324,'Text',962,963),(325,'Title',962,964),(326,'Text',965,966),(327,'Title',965,967),(328,'Title',969,970),(329,'FIRST AID Header',969,971),(330,'Text',969,972),(331,'Header',969,973),(364,'Title',886,1058),(365,'Ingredients Items',886,1059),(366,'Ingredients Inert',886,1060),(367,'Ingredients Total',886,1061),(368,'Title',887,1062),(369,'Text',887,1063),(427,'Title',1177,1179),(428,'Ingredients Items',1177,1180),(429,'Ingredients Inert',1177,1181),(430,'Ingredients Total',1177,1182),(431,'Hazards Warning',1178,1183),(432,'Hazards Signal Word',1178,1184),(433,'Hazards Precautionary',1178,1185),(434,'Title',1174,1186),(435,'Text',1174,1187),(436,'Title',1173,1188),(437,'Text',1173,1189),(438,'Ingredients Total',1192,1193),(439,'Hazards Warning',1194,1195),(440,'Hazards Signal Word',1194,1196),(441,'Hazards Precautionary',1194,1197),(442,'Title',1200,1201),(443,'Text',1200,1202),(630,'Ingredients Total',1606,1607),(631,'Hazards Warning',1610,1611),(632,'Hazards Signal Word',1610,1612),(633,'Hazards Precautionary',1610,1613),(634,'Title',1615,1616),(635,'Text',1615,1617),(636,'Text',1618,1619),(637,'Title',1618,1620),(638,'Title',1622,1623),(639,'Text',1622,1624),(640,'Text',1627,1628),(641,'Title',1627,1629),(642,'Text',1631,1632),(643,'Column List',1635,1636),(644,'Text',1635,1637),(645,'Title',1635,1638),(646,'Text',1641,1642),(647,'Title',1644,1645),(648,'Text',1644,1646),(649,'Header',667,1647),(650,'Header',666,1648),(651,'Title',666,1649),(652,'Text',666,1650),(653,'Title',601,1651),(654,'Text',601,1652),(655,'Title',602,1653),(656,'Text',602,1654),(657,'Title',597,1655),(658,'Text',597,1656),(833,'Title',1969,1970),(834,'Text',1969,1971),(835,'Header',1969,1972),(836,'Header',626,1973),(837,'Title',1974,1975),(838,'Text',1974,1976),(839,'Header',1974,1977),(840,'Title',1978,1979),(841,'Text',1978,1980),(842,'Header',1978,1981),(843,'Title',1982,1983),(844,'Text',1982,1984),(845,'Header',1982,1985),(846,'Title',1986,1987),(847,'Text',1986,1988),(848,'Header',1986,1989),(849,'Title',1990,1991),(850,'Text',1990,1992),(851,'Header',1990,1993),(852,'Title',1994,1995),(853,'Text',1994,1996),(854,'Header',1994,1997),(855,'Header',1644,1998),(856,'Title',1999,2000),(857,'Text',1999,2001),(858,'Header',1999,2002),(859,'Title',2003,2004),(860,'Text',2003,2005),(861,'Header',2003,2006),(922,'Title',2113,2114),(923,'Text',2113,2115),(924,'Header',2113,2116),(925,'Title',2117,2118),(926,'Text',2117,2119),(927,'Header',2117,2120),(928,'Title',2121,2122),(929,'Text',2121,2123),(930,'Header',2121,2124),(931,'Title',2125,2126),(932,'Text',2125,2127),(933,'Header',2125,2128),(934,'Title',2129,2130),(935,'Text',2129,2131),(936,'Header',2129,2132),(937,'Title',2133,2134),(938,'Text',2133,2135),(939,'Header',2133,2136),(940,'Title',2137,2138),(941,'Text',2137,2139),(942,'Header',2137,2140),(943,'Title',2141,2142),(944,'Text',2141,2143),(945,'Header',2141,2144),(1176,'Title',2560,2561),(1177,'Text',2560,2562),(1178,'Header',2560,2563),(1179,'Ingredients Total',2565,2566),(1180,'Title',2567,2568),(1181,'Text',2567,2569),(1182,'Title',2570,2571),(1183,'Text',2570,2572),(1184,'Hazards Warning',2573,2574),(1185,'Hazards Signal Word',2573,2575),(1186,'Hazards Precautionary',2573,2576),(1187,'Title',2577,2578),(1188,'Text',2577,2579),(1189,'Title',2581,2582),(1190,'Text',2581,2583),(1191,'Text',2584,2585),(1192,'Title',2584,2586),(1193,'Title',2588,2589),(1194,'Text',2588,2590),(1195,'Header',2588,2591),(1196,'Header',2592,2593),(1197,'Title',2592,2594),(1198,'Text',2592,2595),(1199,'Text',2596,2597),(1200,'Title',2596,2598),(1201,'Text',2600,2601),(1202,'Column List',2604,2605),(1203,'Text',2604,2606),(1204,'Title',2604,2607),(1205,'Text',2610,2611),(1209,'Title',2613,2617),(1210,'Header',2613,2618),(1211,'Text',2613,2619),(1212,'Ingredients Total',2621,2622),(1213,'Title',2623,2624),(1214,'Text',2623,2625),(1215,'Title',2626,2627),(1216,'Text',2626,2628),(1217,'Hazards Warning',2629,2630),(1218,'Hazards Signal Word',2629,2631),(1219,'Hazards Precautionary',2629,2632),(1220,'Title',2633,2634),(1221,'Text',2633,2635),(1222,'Title',2637,2638),(1223,'Text',2637,2639),(1224,'Text',2640,2641),(1225,'Title',2640,2642),(1226,'Title',2644,2645),(1227,'Text',2644,2646),(1228,'Header',2644,2647),(1229,'Header',2648,2649),(1230,'Title',2648,2650),(1231,'Text',2648,2651),(1232,'Text',2652,2653),(1233,'Title',2652,2654),(1234,'Text',2656,2657),(1235,'Column List',2660,2661),(1236,'Text',2660,2662),(1237,'Title',2660,2663),(1238,'Text',2666,2667),(1239,'Title',2669,2670),(1240,'Text',2669,2671),(1241,'Header',2669,2672);
/*!40000 ALTER TABLE `lld_specialsectionattribute` ENABLE KEYS */;
UNLOCK TABLES;

--
-- Table structure for table `m_dilutionchartentry`
--

DROP TABLE IF EXISTS `m_dilutionchartentry`;
/*!40101 SET @saved_cs_client     = @@character_set_client */;
/*!40101 SET character_set_client = utf8 */;
CREATE TABLE `m_dilutionchartentry` (
  `ID` int(11) NOT NULL,
  `z_USE` varchar(128) DEFAULT NULL,
  `PRODUCTAMOUNTTEXT` varchar(254) DEFAULT NULL,
  `WATERAMOUNTTEXT` varchar(254) DEFAULT NULL,
  `CONTACTTIME` varchar(16) DEFAULT NULL,
  `FK_ID_M_DILUTIONGROUP` int(11) NOT NULL,
  PRIMARY KEY (`ID`),
  KEY `MDILUTIONCHARTENTRYFKIDMA20598` (`FK_ID_M_DILUTIONGROUP`)
) ENGINE=InnoDB DEFAULT CHARSET=utf8;
/*!40101 SET character_set_client = @saved_cs_client */;

--
-- Dumping data for table `m_dilutionchartentry`
--

LOCK TABLES `m_dilutionchartentry` WRITE;
/*!40000 ALTER TABLE `m_dilutionchartentry` DISABLE KEYS */;
INSERT INTO `m_dilutionchartentry` VALUES (1,'For Hospital or Medical Environment claims','3 oz.','5 gal.','10 minutes',1),(2,'For General or Broad Spectrum claims','1.75 oz.','5 gal.','10 minutes',1),(3,'For Public Health Virucidal* claims','3 oz.','5 gal.','10 minutes',1),(4,'For Animal Virucidal* claims','3 oz.','5 gal.','10 minutes',1),(5,'For Non-Food Contact Sanitizing claims','1 oz.','5 gal.','3 minutes',1),(6,'For Food Contact Sanitizing claims at 150 ppm','0.75 oz.','4 gal.','1 minute',1),(7,'For Food Contact Sanitizing claims at 200 ppm','1 oz.','4 gal.','1 minute',1),(8,'For Food Contact Sanitizing claims at 400 ppm','2 oz.','4 gal.','1 minute',1),(9,'For Laundry Bacteriostatic claims','10 oz.','100 lbs. of dry fabric','10 minutes',1),(10,'For Laundry Sanitizer','12 oz.','100 lbs. of dry fabric','5 minutes',1),(11,'For Mold and Mildew','3 oz.','5 gal.','10 minutes',1);
/*!40000 ALTER TABLE `m_dilutionchartentry` ENABLE KEYS */;
UNLOCK TABLES;

--
-- Table structure for table `m_dilutiongroup`
--

DROP TABLE IF EXISTS `m_dilutiongroup`;
/*!40101 SET @saved_cs_client     = @@character_set_client */;
/*!40101 SET character_set_client = utf8 */;
CREATE TABLE `m_dilutiongroup` (
  `ID` int(11) NOT NULL,
  `TITLE` varchar(254) DEFAULT NULL,
  `z_TEXT` varchar(254) DEFAULT NULL,
  `DILUTIONRATIOTEXT` varchar(254) DEFAULT NULL,
  `DILUTIONQUATTEXT` varchar(254) DEFAULT NULL,
  `RATIO` int(11) DEFAULT NULL,
  `UNITSNUMERATOR` varchar(4) DEFAULT NULL,
  `UNITSDENOMINATOR` varchar(4) DEFAULT NULL,
  `REVIEWERNOTE` longtext,
  `REVIEWERNOTETABLE` longtext,
  `FK_ID_MASTERLABELCONTENT` int(11) NOT NULL,
  PRIMARY KEY (`ID`),
  KEY `MDILUTIONGROUPFKIDMASTERL20599` (`FK_ID_MASTERLABELCONTENT`)
) ENGINE=InnoDB DEFAULT CHARSET=utf8;
/*!40101 SET character_set_client = @saved_cs_client */;

--
-- Dumping data for table `m_dilutiongroup`
--

LOCK TABLES `m_dilutiongroup` WRITE;
/*!40000 ALTER TABLE `m_dilutiongroup` DISABLE KEYS */;
INSERT INTO `m_dilutiongroup` VALUES (1,'DILUTION TABLE:',NULL,NULL,NULL,NULL,'oz','gal','Appropriate dilution rates may be substituted as long as they are equivalent dilution rates.','This DILUTION TABLE is optional.',17),(3,'FOOD CONTACT SANITIZING DILUTION TABLE {FOR FOOD CONTACT SURFACES, PUBLIC EATING PLACES, DAIRY PROCESSING EQUIPMENT FOOD PROCESSING EQUIPMENT AND UTENSILS}:',' To prepare a 150, 200, 300 or 400 ppm active solution use the following dilution table. Prepare the correct dilution rate based upon the appropriate use site.  ',NULL,NULL,NULL,'oz','gal','On the final printed label either the dilution table and/or one of the dilution rates (or equivalent use dilution) will be used. If the dilution table is used then the 150  400 ppm dilution instruction will be used.',NULL,17);
/*!40000 ALTER TABLE `m_dilutiongroup` ENABLE KEYS */;
UNLOCK TABLES;

--
-- Table structure for table `m_dilutiongroupitem`
--

DROP TABLE IF EXISTS `m_dilutiongroupitem`;
/*!40101 SET @saved_cs_client     = @@character_set_client */;
/*!40101 SET character_set_client = utf8 */;
CREATE TABLE `m_dilutiongroupitem` (
  `ID` int(11) NOT NULL,
  `z_TEXT` longtext,
  `PPM` int(11) DEFAULT NULL,
  `FK_ID_M_DILUTIONGROUP` int(11) NOT NULL,
  PRIMARY KEY (`ID`),
  KEY `MDILUTIONGROUPITEMFKIDMDI20600` (`FK_ID_M_DILUTIONGROUP`)
) ENGINE=InnoDB DEFAULT CHARSET=utf8;
/*!40101 SET character_set_client = @saved_cs_client */;

--
-- Dumping data for table `m_dilutiongroupitem`
--

LOCK TABLES `m_dilutiongroupitem` WRITE;
/*!40000 ALTER TABLE `m_dilutiongroupitem` DISABLE KEYS */;
/*!40000 ALTER TABLE `m_dilutiongroupitem` ENABLE KEYS */;
UNLOCK TABLES;

--
-- Table structure for table `m_directionsforusecategory`
--

DROP TABLE IF EXISTS `m_directionsforusecategory`;
/*!40101 SET @saved_cs_client     = @@character_set_client */;
/*!40101 SET character_set_client = utf8 */;
CREATE TABLE `m_directionsforusecategory` (
  `ID` int(11) NOT NULL,
  `NAME` varchar(254) DEFAULT NULL,
  `TITLE` varchar(254) DEFAULT NULL,
  `SUBTITLE` longtext,
  `GENERALUSE` varchar(1) DEFAULT NULL,
  `STATEMENTLISTTYPE` varchar(254) DEFAULT NULL,
  `NUMBEREACHSTATEMENT` varchar(1) DEFAULT NULL,
  `REVIEWERNOTE` longtext,
  `DELETEDFLAG` varchar(1) DEFAULT NULL,
  `STATEMENTSELECTEDBYUSAGEFLAG` varchar(1) DEFAULT NULL,
  `EXCLUSIVESTATEMENTS` varchar(1) DEFAULT NULL,
  `AUTOSEQ` int(11) DEFAULT NULL,
  `FK_ID_M_DIRECTIONSFORUSECATEGORY` int(11) DEFAULT NULL,
  `FK_ID_MASTERLABELCONTENT` int(11) NOT NULL,
  UNIQUE KEY `UMDIRECTIONSFORUSECATEGORYID21883` (`ID`),
  KEY `MDIRECTIONSFORUSECATEGORYFKI21967` (`FK_ID_M_DIRECTIONSFORUSECATEGORY`)
) ENGINE=InnoDB DEFAULT CHARSET=utf8;
/*!40101 SET character_set_client = @saved_cs_client */;

--
-- Dumping data for table `m_directionsforusecategory`
--

LOCK TABLES `m_directionsforusecategory` WRITE;
/*!40000 ALTER TABLE `m_directionsforusecategory` DISABLE KEYS */;
INSERT INTO `m_directionsforusecategory` VALUES (1,'HOSPITAL/HEALTH CARE/MEDICAL/NON-MEDICAL DISINFECTION','HOSPITAL/HEALTH CARE/MEDICAL/NON-MEDICAL DISINFECTION',NULL,NULL,NULL,NULL,NULL,NULL,NULL,NULL,NULL,NULL,17),(2,'GENERAL DISINFECTION','GENERAL DISINFECTION',NULL,NULL,NULL,NULL,NULL,NULL,NULL,NULL,NULL,NULL,17),(3,'SANITIZING','SANITIZING',NULL,NULL,NULL,NULL,NULL,NULL,NULL,NULL,NULL,NULL,17),(4,'MOLD/MILDEW','MOLD/MILDEW',NULL,NULL,NULL,NULL,NULL,NULL,NULL,NULL,NULL,NULL,17),(5,'ANIMAL PREMISES','ANIMAL PREMISES',NULL,NULL,NULL,NULL,NULL,NULL,NULL,NULL,NULL,NULL,17),(6,'FOGGING','FOGGING',NULL,NULL,NULL,NULL,NULL,NULL,NULL,NULL,NULL,NULL,17),(7,'BARBER/SALON','BARBER/SALON',NULL,NULL,NULL,NULL,NULL,NULL,NULL,NULL,NULL,NULL,17),(8,'RESTROOM/BATHROOM','RESTROOM/BATHROOM',NULL,NULL,NULL,NULL,NULL,NULL,NULL,NULL,NULL,NULL,17),(9,'DEODORIZATION/CLEANING','DEODORIZATION/CLEANING',NULL,NULL,NULL,NULL,NULL,NULL,NULL,NULL,NULL,NULL,17),(10,'WATER AND SMOKE DAMAGE RESTORATION','WATER AND SMOKE DAMAGE RESTORATION',NULL,NULL,NULL,NULL,NULL,NULL,NULL,NULL,NULL,NULL,17),(11,'OTHER USES','OTHER USES',NULL,NULL,NULL,NULL,NULL,NULL,NULL,NULL,NULL,NULL,17),(12,'RESIDENTIAL/HOUSEHOLD USE','RESIDENTIAL/HOUSEHOLD USE',NULL,NULL,NULL,NULL,NULL,NULL,NULL,NULL,NULL,NULL,17),(13,'LAUNDRY USE','LAUNDRY USE',NULL,NULL,NULL,NULL,NULL,NULL,NULL,NULL,NULL,NULL,17),(14,'WATER TREATMENT','WATER TREATMENT (Not for Use in CA.)',NULL,NULL,NULL,NULL,NULL,NULL,NULL,NULL,NULL,NULL,17),(15,'GAS PRODUCTION AND TRANSMISSION PIPELINE AND SYSTEMS','GAS PRODUCTION AND TRANSMISSION PIPELINE AND SYSTEMS',NULL,NULL,NULL,NULL,NULL,NULL,NULL,NULL,NULL,NULL,17),(16,'ALTERNATE CONTAINER/DELIVERY SYSTEMS','ALTERNATE CONTAINER/DELIVERY SYSTEMS',NULL,NULL,NULL,NULL,NULL,NULL,NULL,NULL,NULL,NULL,17);
/*!40000 ALTER TABLE `m_directionsforusecategory` ENABLE KEYS */;
UNLOCK TABLES;

--
-- Table structure for table `m_directionsforusesection`
--

DROP TABLE IF EXISTS `m_directionsforusesection`;
/*!40101 SET @saved_cs_client     = @@character_set_client */;
/*!40101 SET character_set_client = utf8 */;
CREATE TABLE `m_directionsforusesection` (
  `ID` int(11) NOT NULL,
  `NAME` text,
  `TITLE` varchar(254) DEFAULT NULL,
  `SUBTITLE` longtext,
  `GENERALUSE` varchar(1) DEFAULT NULL,
  `STATEMENTLISTTYPE` varchar(254) DEFAULT NULL,
  `NUMBEREACHSTATEMENT` varchar(1) DEFAULT NULL,
  `REVIEWERNOTE` longtext,
  `DELETEDFLAG` varchar(1) DEFAULT NULL,
  `STATEMENTSELECTEDBYUSAGEFLAG` tinytext,
  `EXCLUSIVESTATEMENTS` varchar(1) DEFAULT NULL,
  `FK_ID_M_DIRECTIONSFORUSECATEGORY` int(11) NOT NULL,
  `XORID_M_DIRECTIONSFORUSESECTION` int(11) DEFAULT NULL,
  `FK_ID_M_DIRECTIONSFORUSESECTION` int(11) DEFAULT NULL,
  PRIMARY KEY (`ID`),
  KEY `MDIRECTIONSFORUSESECTIONF10411` (`FK_ID_M_DIRECTIONSFORUSESECTION`),
  KEY `MDIRECTIONSFORUSESECTIONXORI20288` (`XORID_M_DIRECTIONSFORUSESECTION`),
  KEY `MDIRECTIONSFORUSESECTIONFKID21967` (`FK_ID_M_DIRECTIONSFORUSECATEGORY`)
) ENGINE=InnoDB DEFAULT CHARSET=utf8;
/*!40101 SET character_set_client = @saved_cs_client */;

--
-- Dumping data for table `m_directionsforusesection`
--

LOCK TABLES `m_directionsforusesection` WRITE;
/*!40000 ALTER TABLE `m_directionsforusesection` DISABLE KEYS */;
INSERT INTO `m_directionsforusesection` VALUES (34,'Five Gallon Directions of Use',NULL,NULL,NULL,NULL,NULL,NULL,NULL,NULL,NULL,1,NULL,26),(35,'DIRECTIONS FOR USE',NULL,NULL,NULL,NULL,NULL,NULL,NULL,NULL,NULL,1,NULL,NULL),(36,'General','DIRECTIONS FOR USE',NULL,NULL,NULL,NULL,NULL,NULL,NULL,NULL,1,NULL,NULL),(52,'Five Gallon Directions of Use',NULL,NULL,NULL,NULL,NULL,NULL,NULL,NULL,NULL,1,NULL,34),(53,'MEAT/POULTRY',NULL,'{{BeforeUsing}} ',NULL,NULL,NULL,'The following statement is to be used if any food premise locations are listed on the final label.',NULL,NULL,NULL,1,NULL,NULL),(54,'MEDICAL',NULL,'This product is not to be used as a terminal sterilant/high-level disinfectant on any surface or instrument that (1) is introduced directly into the human body, either into or in contact with the bloodstream or normally sterile areas of the body, or, (2) contacts intact mucous membranes but which does not ordinarily penetrate the blood barrier or otherwise enter normally sterile areas of the body. {This product can be used to pre-clean or decontaminate critical or semi-critical medical devices prior to sterilization or high-level disinfection.} ',NULL,NULL,NULL,NULL,NULL,NULL,NULL,1,56,NULL),(56,'NON-MEDICAL','This product is not for use on medical device surfaces.',NULL,NULL,NULL,NULL,NULL,NULL,NULL,NULL,1,54,NULL),(57,'DILUTION','{{DILUTION_TABLE}}','FOR USE AS A {{DISINFECTANT_ADJECTIVE}} DISINFECTANT {{DISINFECTANT_TYPE}}: ',NULL,NULL,NULL,'This DILUTION TABLE is optional. ',NULL,NULL,NULL,1,NULL,NULL),(58,'HOSPITAL','HOSPITAL/HEALTH CARE/MEDICAL/NON-MEDICAL DISINFECTION',NULL,NULL,NULL,NULL,NULL,NULL,NULL,NULL,1,NULL,NULL),(59,'BLOODBORNE PATHOGEN INSTRUCTIONS','BLOODBORNE PATHOGEN INSTRUCTIONS: ',NULL,NULL,NULL,NULL,'Note to Reviewer: Heading is optional. If instructions used, all indented text must be included.',NULL,NULL,NULL,1,NULL,NULL),(60,'SURGICAL INSTRUMENT PRESOAK','SURGICAL INSTRUMENT PRESOAK: ',' {{AddMix}} 3 oz. of this product per 5 gal. of water {{EquivalentDilution}} {{450PPM}}. Place pre-cleaned instruments in solution to presoak surgical instruments for a minimum of 10 minutes, then proceed with normal sterilization proc',NULL,NULL,NULL,NULL,NULL,NULL,NULL,1,NULL,NULL),(61,'Note','Note:','Plastic instruments can remain immersed until sterilization. Metal instruments must be removed after 10 minutes, rinsed, dried, and kept in a clean non-contaminated receptacle until sterilization. Prolonged soaking will cause damage to metal instruments. Surgical instruments must be sterilized before use.',NULL,NULL,NULL,NULL,NULL,NULL,NULL,1,NULL,NULL),(62,'ULTRASONIC BATH DISINFECTANT','ULTRASONIC BATH DISINFECTANT DIRECTIONS: ','Pre-clean heavily soiled objects. Use this product to disinfect hard, non-porous non-critical objects compatible with Ultrasonic cleaning units. Pour a fresh solution of {{3oz}} of this product per 5 gal. of water {{EquivalentUse}} directly into bath chamber. Place objects into unit and operate {{ManufacturersDirections}} for a minimum of 10 minutes. Remove objects and rinse with sterile water. Allow to air dry. Prepare a fresh solution daily or when visibly dirty.',NULL,NULL,NULL,NULL,NULL,NULL,NULL,1,NULL,NULL),(63,'NON-POROUS BATH AND THERAPY EQUIPMENT','FOR DISINFECTING HARD, NON-POROUS {{SealedFiberglass}} BATH AND THERAPY EQUIPMENT:','Drain the water from the unit. Pre-clean heavily soiled surfaces to {{RemoveBuildups}}. Prepare a use solution by adding {{3oz}} of this product per every 5 gal. of water {{EquivalentUse}} {{450PPM}}.  Refill the unit with the use solution to just cover the intake valve. Briefly start the pump to circulate the solution. Turn off pump. Wash down the unit sides, seat of the chair lift, and all related equipment with a clean swab, brush or sponge. Treated surfaces must remain wet for 10 minutes for proper disinfection. After the unit has been thoroughly disinfected, drain solution from the unit and rinse all surfaces with fresh water. The unit is ready for reuse.    ',NULL,NULL,NULL,NULL,NULL,NULL,NULL,1,NULL,NULL),(64,'CLEANING AND DISINFECTING PERSONAL PROTECTIVE EQUIPMENT','CLEANING AND DISINFECTING HARD, NON-POROUS SURFACES ON PERSONAL PROTECTIVE EQUIPMENT {{Respirators}}:','Pre-clean equipment, if heavily soiled, to ensure proper surface contact. Prepare a use solution by adding 0.6 oz. of this product per gal. of water {{EquivalentDilution}} {{450PPM}}. Gently mix for uniform use solution. Apply use solution to surfaces of the respirator with a sponge, brush, cloth, mop, {{Immersion}}, {{AutoScrubber}}, {{CleaningEquipment}} Rub with brush, cloth, or sponge. Treated surfaces must remain wet for 10 minutes. Remove excess solution from equipment prior to storage. The user must comply with all OSHA regulations for cleaning respiratory protection equipment (29 CFR  1910.134).  Prepare a fresh solution daily or when visibly dirty.',NULL,NULL,NULL,NULL,NULL,NULL,NULL,1,NULL,NULL),(65,'GENERAL DISINFECTION','GENERAL DISINFECTION','FOR USE AS A CLEANER/GENERAL DISINFECTANT {{KILL}} ON HARD, NON-POROUS SURFACES: ',NULL,NULL,NULL,NULL,NULL,NULL,NULL,1,NULL,NULL),(66,'SANITIZING','FOOD CONTACT {{TobaccoEquipment}} SANITIZING DIRECTIONS  ','Prior to application, remove gross food particles and soil by a pre-flush or pre-scrape and when necessary, presoak. Then thoroughly wash or flush objects with a good detergent or compatible cleaner, followed by a potable water rinse before applications of the sanitizing solution.  ',NULL,NULL,NULL,'This statement must appear with any of the Food Contact Sanitizing claims unless already included in the use instructions.',NULL,NULL,NULL,1,NULL,NULL),(67,'SANITIZING DILUTION','FOOD CONTACT SANITIZING DILUTION TABLE {{FoodContactSurfaces}}:','To prepare a 150, 200, 300 or 400 ppm active solution use the following dilution table. Prepare the correct dilution rate based upon the appropriate use site.  ',NULL,NULL,NULL,'On the final printed label either the dilution table and/or one of the dilution rates (or equivalent use dilution) will be used. If the dilution table is used then the 150  400 ppm dilution instruction will be used.',NULL,NULL,NULL,1,NULL,NULL),(68,'SANITIZE FOOD CONTACT SURFACES',NULL,'{{FoodContactSurfaces}}',NULL,NULL,NULL,'One of the following two headers will be used.',NULL,NULL,NULL,1,NULL,NULL),(69,'U.S. PUBLIC HEALTH SERVICE FOOD SERVICE','U.S. PUBLIC HEALTH SERVICE FOOD SERVICE SANITIZATION RECOMMENDATIONS CLEANING AND SANITIZING ',NULL,NULL,NULL,NULL,NULL,NULL,NULL,NULL,1,NULL,NULL),(70,'WISCONSIN STATE DIVISION OF HEALTH','{{WisconsinHealth}} DIRECTIONS FOR EATING ESTABLISHMENTS ',NULL,NULL,NULL,NULL,NULL,NULL,NULL,NULL,1,NULL,NULL),(71,'CLOSED LOOP SANITIZING','CLOSED LOOP {{Circulation}} SANITIZING {{FoodProcessing}}: ',NULL,NULL,NULL,NULL,NULL,NULL,NULL,NULL,1,NULL,NULL),(72,'CLEAN-IN-PLACE METHOD ','CLEAN-IN-PLACE (CIP) METHOD {{For}} {{Dairy}}, {{DairyFarm}} {{And}} {{FoodProcessing}}: ',NULL,NULL,NULL,NULL,NULL,NULL,NULL,NULL,1,NULL,NULL),(73,'SANITIZING FOOD PROCESSING EQUIPMENT','SANITIZING OF {{Refrigerated}} FOOD PROCESSING EQUIPMENT AND OTHER HARD, NON-POROUS SURFACES IN FOOD CONTACT LOCATIONS: ','For sanitizing {{NonPorousSurfaces}} hard, non-porous food contact surfaces, surfaces must be thoroughly pre-flushed or pre-scraped and, when necessary, presoaked to remove gross food particles.',NULL,NULL,NULL,NULL,NULL,NULL,NULL,1,NULL,NULL),(74,'SANITIZATION OF INTERIOR HARD, NON-POROUS SURFACES','SANITIZATION OF INTERIOR HARD, NON-POROUS SURFACES OF {{InteriorNonPorousSurfaces}}','Ice Machines  Sanitization must occur after initial installation, after the machine is serviced and periodically during its use. ',NULL,NULL,NULL,' Must choose appropriate instructions below.',NULL,NULL,NULL,1,NULL,NULL),(75,'WATER TANKS','{{Tanks}}  Sanitization must occur after initial installation, after the system is serviced and periodically during its use. ',NULL,NULL,NULL,NULL,NULL,NULL,NULL,NULL,1,NULL,NULL),(76,'Reverse Osmosis Units','Reverse Osmosis (RO) Units  Sanitization must occur after initial installation, after the system is serviced and periodically during its use. ',NULL,NULL,NULL,NULL,NULL,NULL,NULL,NULL,1,NULL,NULL),(77,'BEVERAGE DISPENSING AND SANITARY FILLING EQUIPMENT','BEVERAGE DISPENSING AND SANITARY FILLING EQUIPMENT SANITIZER DIRECTIONS:','For sanitizing hard, non-porous bottling or pre-mix dispensing equipment and bottles or cans in the final rinse application. This product is {{ProportionedExteriorApplication}}. Fill equipment with a solution of {{#AppropriateDilution}} {{EquivalentDilution}} of this product. Surfaces must remain wet for at least 1 minute or until operations resume at which time the sanitizing solution must be drained from the system. Allow sanitized surfaces to adequately drain {{AirDry}} before contact with liquid. Do not rinse.   ',NULL,NULL,NULL,NULL,NULL,NULL,NULL,1,NULL,NULL),(78,'BEER FERMENTATION','{{BeerFermentation}} STORAGE TANK SANITIZER DIRECTIONS: ','For sanitizing hard, non-porous beer fermentation and holding tanks, wine, citrus and food processing storage and holding tanks. Prepare a solution of (Insert appropriate food contact dilution from table or list) {{EquivalentDilution}} of this product for mechanical or automated systems. {{ManufacturersDirections}} Surfaces must remain wet for at least 1 minute. Allow sanitized surfaces to adequately drain before contact with {{FoodLiquid}}. Do not rinse. For mechanical operations or automated systems, the used sanitizing solution must not be reused for sanitizing, but can be reused for other purposes such as cleaning.  ',NULL,NULL,NULL,NULL,NULL,NULL,NULL,1,NULL,NULL);
/*!40000 ALTER TABLE `m_directionsforusesection` ENABLE KEYS */;
UNLOCK TABLES;

--
-- Table structure for table `m_directionsforusestatement`
--

DROP TABLE IF EXISTS `m_directionsforusestatement`;
/*!40101 SET @saved_cs_client     = @@character_set_client */;
/*!40101 SET character_set_client = utf8 */;
CREATE TABLE `m_directionsforusestatement` (
  `ID` int(11) NOT NULL,
  `TITLE` varchar(254) DEFAULT NULL,
  `z_TEXT` longtext,
  `NOTFORUSETEXT` longtext,
  `NOTFORUSETYPE` varchar(2) DEFAULT NULL,
  `REVIEWERNOTE` longtext,
  `EXCLUSIVESTATEMENTS` varchar(1) DEFAULT NULL,
  `DELETEDFLAG` varchar(1) DEFAULT NULL,
  `AUTOSEQ` int(11) DEFAULT NULL,
  `SUBID_M_DIRECTIONSFORUSESTATEMEN` int(11) DEFAULT NULL,
  `FK_ID_M_DIRECTIONSFORUSESECTION` int(11) DEFAULT NULL,
  `FK_ID_M_DIRECTIONSFORUSESTATEMEN` int(11) DEFAULT NULL,
  PRIMARY KEY (`ID`),
  KEY `MDIRECTIONSFORUSESTATEMEN10377` (`FK_ID_M_DIRECTIONSFORUSESECTION`),
  KEY `MDIRECTIONSFORUSESTATEM0210380` (`FK_ID_M_DIRECTIONSFORUSESTATEMEN`),
  KEY `MDIRECTIONSFORUSESTATEMENTSU19785` (`SUBID_M_DIRECTIONSFORUSESTATEMEN`)
) ENGINE=InnoDB DEFAULT CHARSET=utf8;
/*!40101 SET character_set_client = @saved_cs_client */;

--
-- Dumping data for table `m_directionsforusestatement`
--

LOCK TABLES `m_directionsforusestatement` WRITE;
/*!40000 ALTER TABLE `m_directionsforusestatement` DISABLE KEYS */;
INSERT INTO `m_directionsforusestatement` VALUES (181,'','It is a violation of Federal Law to use this product in a manner inconsistent with its labeling.',NULL,NULL,NULL,NULL,NULL,1,NULL,34,166),(182,'DIRECTIONS FOR DISINFECTlNG: (Bactericidal, Fungicidal, Virucidal)','For use on hard, non-porous surfaces in animal care facilities such as floors, walls, metal surfaces, stainless steel surfaces, glazed porcelain, and plastic surfaces. Remove gross filth and heavy soil deposits then thoroughly wet surfaces. Use 2 ounces per gallon of water (8 ounces per gallon against canine parvovirus and Porcine parvovirus) for a minimum contact time of 10 minutes in a single application. Can be applied with a cloth, mop, or sponge, as well as by coarse spray or soaking. The use solution is prepared fresh for each use then discarded. Rinsing is not necessary unless floors are to be waxed or polished. This product is not for use on medical device surfaces.',NULL,NULL,NULL,NULL,NULL,2,NULL,34,174),(183,'FUNGICIDAL DIRECTIONS:','For use in areas such as locker rooms, dressing rooms, shower and bath areas and exercise facilities follow disinfection directions.',NULL,NULL,NULL,NULL,NULL,3,NULL,34,175),(184,'MILDEWSTATIC INSTRUCTIONS:','Will effectively control the growth of mold and mildew plus the odors caused by them when applied to hard, non-porous surfaces such as walls, floors, and table tops. Apply solution (2 ounces per gallon of water) with a cloth, mop, sponge or coarse spray making sure to wet all surfaces completely. Let air dry. Repeat application weekly or when growth reappears.',NULL,NULL,NULL,NULL,NULL,4,NULL,34,176),(185,'VETERINARY CLINICS / ANIMAL CARE / ANIMAL LIFE SCIENCE LABORATORIES / ZOOS / PET SHOP / KENNELS / BREEDING AND GROOMING ESTABLISHMENTS / EQUINE FARMS DISINFECTION DIRECTIONS:','For disinfecting the following hard nonporous surfaces: equipment not used for animal food or water, utensils, instruments, cages, kennels, stables, catteries, etc. Remove all animals and feeds from premises, animal transportation vehicles, crates, etc. Remove all litter, droppings and manure from floors, walls and surfaces of facilities occupied or traversed by animals. Thoroughly clean all surfaces with soap or detergent and rinse with water. Saturate surfaces with a solution of 2 oz of KennelSol per gallon of water (or equivalent dilution) (8 ounces per gallon against Canine parvovirus or Porcine parvovirus), using a cloth, mop, sponge, spray, or soaking for a period of 10 minutes. Ventilate buildings and other closed spaces. Do not house animals or employ equipment until treatment has been absorbed, set or dried.',NULL,NULL,NULL,NULL,NULL,5,NULL,34,177),(186,'*FOR CANINE PARVOVIRUS (AND PORCINE PARVOVIRUS) ACTIVITY:','KennelSol is effective against Canine Parvovirus (and Porcine parvovirus) at 8 oz. per gallon. Follow Veterinary Practice / Animal Care / Animal Laboratory / Zoos / Pet Shop / Kennels Disinfection Directions.',NULL,NULL,NULL,NULL,NULL,6,NULL,34,178),(188,'**SPECIAL INSTRUCTIONS FOR INACTIVATING AVIAN INFLUENZA:','Remove all poultry and feeds from premises, trucks, coops, and crates. Remove all litter and droppings from floors, walls, and surfaces of facilities occupied or traversed by poultry. Empty all troughs, racks, and other feeding and watering appliances. Thoroughly clean all surfaces with soap or detergent and rinse with water. Saturate surfaces with the disinfecting solution (2 oz per gallon of water) (660 ppm active quat) (equivalent use dilution) for a period of 10 minutes. Immerse all halters, ropes and other types of equipment sed in handling and restraining animals as well as forks, shovels, and scrapers used in removing litter and manure. Ventilate buildings, coops, and other closed spaces. Do not house poultry or employ equipment until treatment has been absorbed, set, or dried. Thoroughly scrub treated feed racks, troughs, automatic feeders, fountains, and waterers with soap or detergent, and rinse with potable water before reuse.',NULL,NULL,NULL,NULL,NULL,8,NULL,34,180),(189,'It is a violation of Federal law to use this product in a manner inconsistent with its labeling.\r\n','This product is not to be used as a terminal sterilant / high level disinfectant on any surface or instrument that (1) is introduced directly into the human body, either into or in contact with the bloodstream or normally sterile areas of the body, or (2) contacts intact mucous membranes but which does not ordinarily penetrate the blood barrier or otherwise enter normally sterile areas of the body.  This product may be used to preclean or decontaminate critical or semi-critical devices prior to sterilization or high-level disinfection.',NULL,NULL,NULL,NULL,NULL,1,NULL,35,NULL),(190,'IF not used on metal and or stainless steel surfaces in medical premises.','This product is not for use on medical device surfaces.',NULL,NULL,NULL,NULL,NULL,2,NULL,35,NULL),(191,NULL,'It is a violation of Federal law to use this product in a manner inconsistent with its labeling.',NULL,NULL,NULL,NULL,NULL,1,NULL,36,NULL),(192,NULL,'This product is not to be used as a terminal sterilant/high-level disinfectant on any surface or instrument that (1) is introduced directly into the human body, either into or in contact with the bloodstream or normally sterile areas of the body, or, (2) contacts intact mucous membranes but which does not ordinarily penetrate the blood barrier or othen/vise enter normally sterile areas of the body. {{PreClean Text}}',NULL,NULL,NULL,NULL,NULL,2,NULL,36,NULL),(298,NULL,'It is a violation of Federal Law to use this product in a manner inconsistent with its labeling.',NULL,NULL,NULL,NULL,NULL,1,NULL,52,181),(299,'DIRECTIONS FOR DISINFECTlNG: (Bactericidal, Fungicidal, Virucidal)','For use on hard, non-porous surfaces in animal care facilities such as floors, walls, metal surfaces, stainless steel surfaces, glazed porcelain, and plastic surfaces. Remove gross filth and heavy soil deposits then thoroughly wet surfaces. Use 2 ounces per gallon of water (8 ounces per gallon against canine parvovirus and Porcine parvovirus) for a minimum contact time of 10 minutes in a single application. Can be applied with a cloth, mop, or sponge, as well as by coarse spray or soaking. The use solution is prepared fresh for each use then discarded. Rinsing is not necessary unless floors are to be waxed or polished. This product is not for use on medical device surfaces.',NULL,NULL,NULL,NULL,NULL,2,NULL,52,182),(300,'FUNGICIDAL DIRECTIONS:','For use in areas such as locker rooms, dressing rooms, shower and bath areas and exercise facilities follow disinfection directions.',NULL,NULL,NULL,NULL,NULL,3,NULL,52,183),(301,'MILDEWSTATIC INSTRUCTIONS:','Will effectively control the growth of mold and mildew plus the odors caused by them when applied to hard, non-porous surfaces such as walls, floors, and table tops. Apply solution (2 ounces per gallon of water) with a cloth, mop, sponge or coarse spray making sure to wet all surfaces completely. Let air dry. Repeat application weekly or when growth reappears.',NULL,NULL,NULL,NULL,NULL,4,NULL,52,184),(302,'VETERINARY CLINICS / ANIMAL CARE / ANIMAL LIFE SCIENCE LABORATORIES / ZOOS / PET SHOP / KENNELS / BREEDING AND GROOMING ESTABLISHMENTS / EQUINE FARMS DISINFECTION DIRECTIONS:','For disinfecting the following hard nonporous surfaces: equipment not used for animal food or water, utensils, instruments, cages, kennels, stables, catteries, etc. Remove all animals and feeds from premises, animal transportation vehicles, crates, etc. Remove all litter, droppings and manure from floors, walls and surfaces of facilities occupied or traversed by animals. Thoroughly clean all surfaces with soap or detergent and rinse with water. Saturate surfaces with a solution of 2 oz of KennelSol per gallon of water (or equivalent dilution) (8 ounces per gallon against Canine parvovirus or Porcine parvovirus), using a cloth, mop, sponge, spray, or soaking for a period of 10 minutes. Ventilate buildings and other closed spaces. Do not house animals or employ equipment until treatment has been absorbed, set or dried.',NULL,NULL,NULL,NULL,NULL,5,NULL,52,185),(303,'*FOR CANINE PARVOVIRUS (AND PORCINE PARVOVIRUS) ACTIVITY:','KennelSol is effective against Canine Parvovirus (and Porcine parvovirus) at 8 oz. per gallon. Follow Veterinary Practice / Animal Care / Animal Laboratory / Zoos / Pet Shop / Kennels Disinfection Directions.',NULL,NULL,NULL,NULL,NULL,6,NULL,52,186),(304,'**SPECIAL INSTRUCTIONS FOR INACTIVATING AVIAN INFLUENZA:','Remove all poultry and feeds from premises, trucks, coops, and crates. Remove all litter and droppings from floors, walls, and surfaces of facilities occupied or traversed by poultry. Empty all troughs, racks, and other feeding and watering appliances. Thoroughly clean all surfaces with soap or detergent and rinse with water. Saturate surfaces with the disinfecting solution (2 oz per gallon of water) (660 ppm active quat) (equivalent use dilution) for a period of 10 minutes. Immerse all halters, ropes and other types of equipment sed in handling and restraining animals as well as forks, shovels, and scrapers used in removing litter and manure. Ventilate buildings, coops, and other closed spaces. Do not house poultry or employ equipment until treatment has been absorbed, set, or dried. Thoroughly scrub treated feed racks, troughs, automatic feeders, fountains, and waterers with soap or detergent, and rinse with potable water before reuse.',NULL,NULL,NULL,NULL,NULL,7,NULL,52,188),(305,NULL,'{Before using  this product {{FederallyInspected}}, food products and packaging materials must be removed from the room or carefully protected.} ',NULL,NULL,NULL,NULL,NULL,1,NULL,53,NULL),(307,NULL,'This product is not to be used as a terminal sterilant/high-level disinfectant on any surface or instrument that (1) is introduced directly into the human body, either into or in contact with the bloodstream or normally sterile areas of the body, or, (2) contacts intact mucous membranes but which does not ordinarily penetrate the blood barrier or otherwise enter normally sterile areas of the body. {This product can be used to pre-clean or decontaminate critical or semi-critical medical devices prior to sterilization or high-level disinfection.}',NULL,NULL,NULL,NULL,NULL,NULL,NULL,54,NULL),(313,NULL,'This product is not for use on medical device surfaces.',NULL,NULL,NULL,NULL,NULL,NULL,NULL,56,NULL),(314,'','1. Pre-clean heavily soiled areas. ',NULL,NULL,NULL,NULL,NULL,1,NULL,57,NULL),(315,NULL,'2. Apply use solution of 3 oz. of this product per 5 gal. of water {{EquivalentDilution}} to disinfect hard, non-porous surfaces with a sponge, brush, cloth, mop {{Immersion}}, {{AutoScrubber}} {{CleaningEquipment}}',NULL,NULL,NULL,NULL,NULL,2,NULL,57,NULL),(316,NULL,'3. Treated surfaces must remain wet for 10 minutes.',NULL,NULL,NULL,NULL,NULL,3,NULL,57,NULL),(317,NULL,'4. {{Dry}} {{Rinsing}}',NULL,NULL,NULL,NULL,NULL,4,NULL,57,NULL),(318,NULL,'5. Prepare a fresh solution daily or when visibly dirty.',NULL,NULL,NULL,NULL,NULL,5,NULL,57,NULL),(319,'*KILLS HIV, HBV and HCV ON PRE-CLEANED HARD, NON-POROUS SURFACES/OBJECTS PREVIOUSLY SOILED WITH BLOOD/BODY FLUIDS ','in health care settings or other settings in which there is an expected likelihood of soiling of hard, non-porous surfaces/objects with blood or body fluids and in which the surfaces/objects likely to be soiled with blood or body fluids can be associated with the potential for transmission of Human Immunodeficiency Virus Type 1 {{HIV-1}} {{AIDS}}, Hepatitis B Virus {{HBV}} and Hepatitis C Virus {{HCV}}.',NULL,NULL,NULL,NULL,NULL,NULL,NULL,59,NULL),(320,'SPECIAL INSTRUCTIONS FOR CLEANING AND DECONTAMINATION AGAINST HIV-1, HBV and HCV ON SURFACES/OBJECTS SOILED WITH BLOOD/BODY FLUIDS. ',NULL,NULL,NULL,NULL,NULL,NULL,2,NULL,59,NULL),(321,'Personal Protection:  ','{{ProtectiveWearOrBarrier}}.',NULL,NULL,NULL,NULL,NULL,3,NULL,59,NULL),(322,'Cleaning Procedure:  ','Blood and other body fluids {{HIV-1}} must be thoroughly cleaned from hard, non-porous surfaces and objects before application of {{ThisDisinfectant}}. ',NULL,NULL,NULL,NULL,NULL,4,NULL,59,NULL),(323,'Disposal of Infectious Materials:  ','Blood and other body fluids, cleaning materials and clothing must be autoclaved and disposed of according to federal, state and local regulations for infectious waste disposal. ',NULL,NULL,NULL,NULL,NULL,5,NULL,59,NULL),(324,'Contact Time:  ','Allow hard, non-porous surfaces to remain wet for 2 minutes to kill HIV and for 10 minutes to kill all other viruses and bacteria listed on the label.',NULL,NULL,NULL,NULL,NULL,6,NULL,59,NULL),(325,NULL,'1. Pre-clean surfaces.',NULL,NULL,NULL,NULL,NULL,1,NULL,65,NULL),(326,NULL,'2. Apply use solution of 1.75 oz. of this product per 5 gal. of water {{260PPM}} {{EquivalentDilution}} to hard, nonporous surfaces with a sponge, brush, cloth, mop, {{Immersion}}, {{AutoScrubber}}, {{CleaningEquipment}}. For spray applications, spray 6-8 inches from surface. Do not breathe spray.',NULL,NULL,NULL,NULL,NULL,2,NULL,65,NULL),(327,NULL,'3. Treated Surfaces must remain wet for 10 minutes.',NULL,NULL,NULL,NULL,NULL,3,NULL,65,NULL),(328,NULL,'4. {{WipeOrAirDry}}',NULL,NULL,NULL,NULL,NULL,4,NULL,65,NULL),(329,NULL,'5. Prepare a fresh solution daily or when visibly dirty.',NULL,NULL,NULL,NULL,NULL,5,NULL,65,NULL),(330,NULL,'1. Pre-clean heavily soiled areas.',NULL,NULL,NULL,NULL,NULL,1,NULL,58,NULL),(331,NULL,'2. Apply use solution of 3 oz. of this product per 5 gal. of water {{EquivalentDilution}} to disinfect hard, non-porous surfaces with a sponge, brush, cloth, mop {{Immersion}}, {{AutoScrubber}}, {{CleaningEquipment}}.',NULL,NULL,NULL,NULL,NULL,2,NULL,58,NULL),(332,NULL,'3. Treated surfaces must remain wet for 10 minutes.',NULL,NULL,NULL,NULL,NULL,3,NULL,58,NULL),(333,NULL,'4. {{WipeOrAirDry}}. {{Rinsing}}',NULL,NULL,NULL,NULL,NULL,4,NULL,58,NULL),(334,NULL,'5. Prepare a fresh solution daily or when visibly dirty.',NULL,NULL,NULL,NULL,NULL,5,NULL,58,NULL),(335,'FOOD CONTACT SANITIZING DILUTION TABLE {{FoodContactSurfaces}}:','To prepare a 150, 200, 300 or 400 ppm active solution use the following dilution table. Prepare the correct dilution rate based upon the appropriate use site. ',NULL,NULL,NULL,NULL,NULL,NULL,NULL,66,NULL),(336,NULL,'0.75 oz. of this product per 4 gal. of water {{0.19OzPerGal}} {{150PPM}}{{EquivalentUseDilution}}',NULL,NULL,NULL,NULL,NULL,NULL,335,NULL,NULL),(337,'FOOD CONTACT SANITIZING DILUTION TABLE',NULL,NULL,NULL,NULL,'Y',NULL,NULL,NULL,67,NULL),(338,NULL,'0.75 oz. of this product per 4 gal. of water {{0.19OzPerGal}} {{150PPM}}{{EquivalentDilution}} ',NULL,NULL,NULL,NULL,NULL,NULL,337,NULL,NULL),(339,NULL,'1 oz. of this product per 4 gal. of water {{0.25OzPerGal}} {{200PPM}} {{EquivalentDilution}} ',NULL,NULL,NULL,NULL,NULL,NULL,337,NULL,NULL),(340,NULL,'1.5 oz. of this product per 4 gal. of water {{0.375OzPerGal}} {{300PPM}} {{EquivalentDilution}}',NULL,NULL,NULL,NULL,NULL,NULL,337,NULL,NULL),(341,NULL,'2 oz. of this product per 4 gal. of water {{0.5OzPerGal}} {{400PPM}} {{EquivalentDilution}} ',NULL,NULL,NULL,NULL,NULL,NULL,337,NULL,NULL),(342,NULL,'0.75-1 oz. of this product per 4 gal. of water {{0.19-0.25OzPerGal}} {{150-200PPM}} {{EquivalentDilution}}',NULL,NULL,NULL,NULL,NULL,NULL,337,NULL,NULL),(343,NULL,'0.75-2 oz. of this product per 4 gal. of water {{0.19-0.5OzPerGal}} {{150-400PPM}} {{EquivalentDilution}}',NULL,NULL,NULL,NULL,NULL,NULL,337,NULL,NULL),(344,NULL,'1-2 oz. of this product per 4 gal. of water {{0.25-0.5OzPerGal}} {{200-400PPM}} {{EquivalentDilution}}',NULL,NULL,NULL,NULL,NULL,NULL,337,NULL,NULL),(345,NULL,'Immerse pre-cleaned glassware, dishes, silverware, cooking utensils and other similar size food processing equipment in a solution of (Insert appropriate food contact dilution from table or list) {{EquivalentDilution}} for at least 1 minute. Allow sanitized surfaces to adequately drain {{AirDry}} before contact with food {{NoResidueRemains}}. Do not rinse. ',NULL,NULL,NULL,NULL,NULL,1,NULL,68,NULL),(346,NULL,'For articles too large for immersing, apply a use solution of (Insert appropriate food contact dilution from table or list) {{EquivalentDilution}} to sanitize hard, non-porous food contact surfaces with a brush, cloth, mop, sponge, auto scrubber, {{CleaningEquipment}}. Surfaces must remain wet for at least 1 minute. Allow sanitized surfaces to adequately drain {{AirDry}} before contact with food {{NoResidueRemains}}. Do not rinse.',NULL,NULL,NULL,NULL,NULL,2,NULL,68,NULL),(347,NULL,'1. Thoroughly wash equipment and utensils in a hot detergent solution.',NULL,NULL,NULL,NULL,NULL,NULL,NULL,69,NULL),(348,NULL,'Prepare a fresh solution daily or when visibly dirty. For mechanical application, use solution must not be reused for sanitizing applications {{OtherPurposes}}. ',NULL,NULL,NULL,NULL,NULL,3,NULL,68,NULL),(349,NULL,'2. Rinse utensils and equipment thoroughly with potable water.',NULL,NULL,NULL,NULL,NULL,2,NULL,69,NULL),(350,NULL,'3. Sanitize equipment and utensils by immersion in {{#AppropriateDilution}} {{EquivalentDilution}} of this product for at least 1 minute at a temperature of 75F. ',NULL,NULL,NULL,NULL,NULL,3,NULL,69,NULL),(351,NULL,'4. For equipment and utensils too large to sanitize by immersion, apply use solution of {{#AppropriateDilution}} {{EquivalentDilution}} of this product by rinsing, spraying or swabbing until thoroughly wetted for 1 minute. ',NULL,NULL,NULL,NULL,NULL,4,NULL,69,NULL),(352,NULL,'5. {{AdequatelyDrain}} Do not rinse. ',NULL,NULL,NULL,NULL,NULL,5,NULL,69,NULL),(353,NULL,'6. Prepare a fresh solution daily or when visibly dirty.',NULL,NULL,NULL,NULL,NULL,6,NULL,69,NULL),(354,NULL,'1. Scrape and pre-wash hard, non-porous utensils and glasses whenever possible.',NULL,NULL,NULL,NULL,NULL,1,NULL,70,NULL),(355,NULL,'2. Wash with a good detergent or compatible cleaner.',NULL,NULL,NULL,NULL,NULL,2,NULL,70,NULL),(356,NULL,'3. Rinse with potable water.',NULL,NULL,NULL,NULL,NULL,3,NULL,70,NULL),(357,NULL,'4. Sanitize in a solution of {{#AppropriateDilution}} {{EquivalentDilution}} of this product. Immerse all utensils for at least 1 minute or for contact time specified by governing sanitary code',NULL,NULL,NULL,NULL,NULL,4,NULL,70,NULL),(358,NULL,'5. Place sanitized utensils on a rack or drain board to air-dry.',NULL,NULL,NULL,NULL,NULL,5,NULL,70,NULL),(359,NULL,'6. Prepare a fresh solution daily or when visibly dirty.',NULL,NULL,NULL,NULL,NULL,6,NULL,70,NULL),(360,NULL,'{{PotableWaterRinse}}',NULL,NULL,NULL,NULL,NULL,7,NULL,70,NULL),(361,NULL,'1. Disassemble equipment and thoroughly clean after use. ',NULL,NULL,NULL,NULL,NULL,1,NULL,71,NULL),(362,NULL,'2. Assemble equipment into operational position prior to sanitizing. ',NULL,NULL,NULL,NULL,NULL,2,NULL,71,NULL),(363,NULL,'3. Prepare a sanitizing solution equal to 110% of the volume capacity of the equipment by diluting (Insert appropriate food contact dilution from table or list) {{EquivalentDilution}} of this product {{150400PPM}}. ',NULL,NULL,NULL,NULL,NULL,3,NULL,71,NULL),(364,NULL,'4. Pump the solution through the system until full flow is obtained at all extremities and the system is completely filled with sanitizer and all air is removed. Surfaces must remain wet for at least 1 minute. ',NULL,NULL,NULL,NULL,NULL,4,NULL,71,NULL),(365,NULL,'1. Turn off refrigeration. (Note: Use this direction only if applicable.)',NULL,NULL,NULL,NULL,NULL,1,NULL,73,NULL),(366,NULL,'2. Unit must be washed with a compatible detergent and rinsed with potable water before sanitizing. (Note: Use this direction only if applicable.)',NULL,NULL,NULL,NULL,NULL,2,NULL,73,NULL),(367,NULL,'3. Apply a solution of (Insert appropriate food contact dilution from table or list) {{EquivalentDilution}} of this product by {{CoarsePumpTriggerSprayDevice}} direct pouring or by recirculating through the system. For spray applications, spray 6-8 inches from surface. Do not breathe spray. Surfaces must remain wet for at least 1 minute',NULL,NULL,NULL,NULL,NULL,3,NULL,73,NULL),(368,NULL,'4. {{Drain}} before contact with food/liquid. Do not rinse. Return machine to service. ',NULL,NULL,NULL,NULL,NULL,4,NULL,73,NULL),(369,NULL,'5. Prepare a fresh solution daily or when visibly dirty.',NULL,NULL,NULL,NULL,NULL,5,NULL,73,NULL),(370,NULL,'1. Shut off incoming water line to machine and turn off refrigeration.  2',NULL,NULL,NULL,NULL,NULL,1,NULL,74,NULL),(371,NULL,'2. Wash with a compatible detergent and rinse with potable water before sanitizing. (Note: Use this direction only if applicable.) ',NULL,NULL,NULL,NULL,NULL,2,NULL,74,NULL),(372,NULL,'3. Apply a solution of (Insert appropriate food contact dilution from table or list)  {{EquivalentDilution}} of this product by mechanical spray, direct pouring, or by recirculating through the system. ',NULL,NULL,NULL,NULL,NULL,3,NULL,74,NULL),(373,NULL,'4. Allow surfaces to remain wet or solution to remain in equipment for at least 1 minute. Drain thoroughly before reuse and allow sanitized surfaces to adequately drain {{AirDry}} before contact with liquid. ',NULL,NULL,NULL,NULL,NULL,4,NULL,74,NULL),(374,NULL,'5. Return machine to normal operation. ',NULL,NULL,NULL,NULL,NULL,5,NULL,74,NULL),(375,NULL,'1. Unit must be washed with a compatible detergent and rinsed with potable water before sanitizing. (Note: Use this direction only if applicable.)',NULL,NULL,NULL,NULL,NULL,1,NULL,75,NULL),(376,NULL,'2. Backwash the softener and add a solution of {{#AppropriateDilution}} {{EquivalentDilution}} of this product to the brine tank well. {{BrineTank}} {{Note}}',NULL,NULL,NULL,NULL,NULL,2,NULL,75,NULL),(377,NULL,'3. Proceed with the normal regeneration or interrupt the cycle after the brining step and let the softener soak for a minimum of 1 minute. ',NULL,NULL,NULL,NULL,NULL,3,NULL,75,NULL),(378,NULL,'4. Backwash the softener with potable water to make sure all sanitizing solution is thoroughly rinsed from the unit before returning the system to service. Return system to service. Follow the manufacturers directions for re-installation of new pre-filters, membrane element and post filter.',NULL,NULL,NULL,NULL,NULL,4,NULL,75,NULL),(379,NULL,'1. Turn off RO system, drain storage tank and remove membrane element and pre-filters. Put membrane element in a plastic bag so it remains wet. Do not use this product to sanitize the membrane element. Membrane element must be sterilized separately. ',NULL,NULL,NULL,NULL,NULL,1,NULL,76,NULL),(380,NULL,'2. Tank must be washed with a compatible detergent and rinsed with potable water before sanitizing. (Note: Use this direction only if applicable.) ',NULL,NULL,NULL,NULL,NULL,2,NULL,76,NULL),(381,NULL,'3. Fill empty pre-filter housing with a solution of (Insert appropriate food contact dilution from table or list) {{EquivalentDilution}} of this product and turn on raw water. {{Note}}. ',NULL,NULL,NULL,NULL,NULL,3,NULL,76,NULL),(382,NULL,'4. After holding tank is full, let system stand idle for a minimum of 1 minute. Turn off water. Drain holding tank.',NULL,NULL,NULL,NULL,NULL,4,NULL,76,NULL),(383,NULL,'5. Before the system is put back into service, flush system with potable water to assure sanitizing solution is rinsed thoroughly from system. Return unit{s} to normal operation. Follow the manufacturers directions for re-installation of new pre-filters, membrane element and post filter.',NULL,NULL,NULL,NULL,NULL,5,NULL,76,NULL);
/*!40000 ALTER TABLE `m_directionsforusestatement` ENABLE KEYS */;
UNLOCK TABLES;

--
-- Table structure for table `m_generalsection`
--

DROP TABLE IF EXISTS `m_generalsection`;
/*!40101 SET @saved_cs_client     = @@character_set_client */;
/*!40101 SET character_set_client = utf8 */;
CREATE TABLE `m_generalsection` (
  `ID` int(11) NOT NULL,
  `CONTAINERVOLUMEENVIRONMENTHAZARD` varchar(254) DEFAULT NULL,
  `TITLE` varchar(254) DEFAULT NULL,
  `BOLDTITLE` varchar(1) DEFAULT NULL,
  `SUBTITLE` longtext,
  `BOLDTEXT` varchar(1) DEFAULT NULL,
  `COMBINED` varchar(1) DEFAULT NULL,
  `SECTIONTYPE` varchar(1) DEFAULT NULL,
  `REVIEWERNOTE` longtext,
  `CONTACTNOTE` varchar(254) DEFAULT NULL,
  `EXCLUSIVESTATEMENTS` varchar(1) DEFAULT NULL,
  `NOTETOPHYSICIAN` varchar(254) DEFAULT NULL,
  `DELETEDFLAG` varchar(1) DEFAULT NULL,
  `AUTOSEQ` int(11) DEFAULT NULL,
  `FK_ID_MASTERLABELCONTENT` int(11) NOT NULL,
  `FK_ID_M_GENERALSECTION` int(11) DEFAULT NULL,
  `NAME` text,
  PRIMARY KEY (`ID`),
  KEY `MGENERALSECTIONFKIDMASTER10364` (`FK_ID_MASTERLABELCONTENT`),
  KEY `MGENERALSECTIONFKIDMGENER10372` (`FK_ID_M_GENERALSECTION`)
) ENGINE=InnoDB DEFAULT CHARSET=utf8;
/*!40101 SET character_set_client = @saved_cs_client */;

--
-- Dumping data for table `m_generalsection`
--

LOCK TABLES `m_generalsection` WRITE;
/*!40000 ALTER TABLE `m_generalsection` DISABLE KEYS */;
INSERT INTO `m_generalsection` VALUES (26,NULL,'PRECAUTIONARY STATEMENTS',NULL,'HAZARDS TO HUMANS AND DOMESTIC ANIMALS',NULL,NULL,'P',NULL,NULL,NULL,NULL,NULL,1,10,23,NULL),(27,NULL,'',NULL,NULL,NULL,NULL,'F',NULL,'Call a poison control center or doctor for treatment advice.\r\nHave the product container or label with you when calling a poison control center or doctor or going for treatment.',NULL,'<p><strong>NOTE TO PHYSICIAN: </strong>Probable mucosal damage may contraindicate the use of gastric lavage. Measures against circulatory shock, respiratory depression and convulsion may be needed.</p>',NULL,2,10,24,NULL),(28,NULL,'ENVIRONMENTAL HAZARDS',NULL,NULL,NULL,NULL,'E','(Note to reviewer: If container size is 5 gallons or greater, the following Environmental Hazards statements will be used:)',NULL,NULL,NULL,NULL,3,10,25,NULL),(29,NULL,'FIRST AID',NULL,NULL,NULL,NULL,'F',NULL,NULL,NULL,NULL,NULL,1,11,NULL,NULL),(30,NULL,'PRECAUTIONARY STATEMENTS',NULL,'HAZARDS TO HUMANS AND DOMESTIC ANIMALS',NULL,NULL,'P',NULL,NULL,NULL,NULL,NULL,2,11,NULL,NULL),(31,NULL,'PHYSICAL OR CHEMICAL OR ENVIRONMENTAL HAZARDS',NULL,NULL,NULL,NULL,'E',NULL,NULL,NULL,NULL,NULL,3,11,NULL,NULL),(41,NULL,'FIRST AID',NULL,NULL,NULL,NULL,'F',NULL,NULL,NULL,NULL,NULL,1,16,NULL,NULL),(42,NULL,'PRECAUTIONARY STATEMENTS',NULL,'HAZARDS TO HUMANS AND DOMESTIC ANIMALS',NULL,NULL,'P',NULL,NULL,NULL,NULL,NULL,2,16,NULL,NULL),(43,NULL,NULL,NULL,NULL,NULL,NULL,'E',NULL,NULL,NULL,NULL,NULL,3,16,NULL,NULL),(44,NULL,NULL,NULL,NULL,NULL,NULL,'C',NULL,NULL,NULL,NULL,NULL,4,16,NULL,NULL),(45,NULL,'FIRST AID','Y',NULL,NULL,'Y','F','First Aid may only appear on different area of the container label if the Front Panel is less than 12 square inches in total.',NULL,NULL,NULL,NULL,1,17,NULL,NULL),(46,NULL,'PRECAUTIONARY STATEMENTS',NULL,'HAZARDS TO HUMANS AND DOMESTIC ANIMALS',NULL,NULL,'P',NULL,NULL,NULL,NULL,NULL,2,17,NULL,NULL),(47,NULL,NULL,NULL,NULL,NULL,NULL,'E',NULL,NULL,NULL,NULL,NULL,3,17,NULL,NULL),(48,NULL,'physical/chemical section',NULL,NULL,NULL,NULL,'C',NULL,NULL,NULL,NULL,NULL,4,17,NULL,NULL),(74,NULL,NULL,NULL,NULL,NULL,NULL,'C',NULL,NULL,NULL,NULL,NULL,4,11,NULL,NULL),(75,NULL,'physical/chemical section',NULL,NULL,NULL,NULL,'C',NULL,NULL,NULL,NULL,NULL,4,10,NULL,NULL),(108,NULL,'PRECAUTIONARY STATEMENTS',NULL,'HAZARDS TO HUMANS AND DOMESTIC ANIMALS',NULL,NULL,'P',NULL,NULL,NULL,NULL,NULL,1,34,26,NULL),(109,NULL,NULL,NULL,NULL,NULL,NULL,'F',NULL,'Call a poison control center or doctor for treatment advice.\r\nHave the product container or label with you when calling a poison control center or doctor or going for treatment.',NULL,'<p><strong>NOTE TO PHYSICIAN: </strong>Probable mucosal damage may contraindicate the use of gastric lavage. Measures against circulatory shock, respiratory depression and convulsion may be needed.</p>',NULL,2,34,27,NULL),(110,NULL,'ENVIRONMENTAL HAZARDS',NULL,NULL,NULL,NULL,'E','(Note to reviewer: If container size is 5 gallons or greater, the following Environmental Hazards statements will be used:)',NULL,NULL,NULL,NULL,3,34,28,NULL),(111,NULL,'physical/chemical section',NULL,NULL,NULL,NULL,'C',NULL,NULL,NULL,NULL,NULL,4,34,75,NULL);
/*!40000 ALTER TABLE `m_generalsection` ENABLE KEYS */;
UNLOCK TABLES;

--
-- Table structure for table `m_generalstatement`
--

DROP TABLE IF EXISTS `m_generalstatement`;
/*!40101 SET @saved_cs_client     = @@character_set_client */;
/*!40101 SET character_set_client = utf8 */;
CREATE TABLE `m_generalstatement` (
  `ID` int(11) NOT NULL,
  `TITLE` varchar(254) DEFAULT NULL,
  `z_TEXT` longtext,
  `EXCLUSIVESTATEMENTS` varchar(1) DEFAULT NULL,
  `DELETEDFLAG` varchar(1) DEFAULT NULL,
  `AUTOSEQ` int(11) DEFAULT NULL,
  `FK_ID_M_GENERALSECTION` int(11) DEFAULT NULL,
  `FK_ID_M_GENERALSTATEMENT` int(11) DEFAULT NULL,
  `FK_ID_M_GENERALSUBSECTION` int(11) DEFAULT NULL,
  PRIMARY KEY (`ID`),
  KEY `MGENERALSTATEMENTFKIDMGEN10365` (`FK_ID_M_GENERALSECTION`),
  KEY `MGENERALSTATEMENTFKIDMGEN10368` (`FK_ID_M_GENERALSTATEMENT`),
  KEY `MGENERALSTATEMENTFKIDMGENER78424` (`FK_ID_M_GENERALSUBSECTION`)
) ENGINE=InnoDB DEFAULT CHARSET=utf8;
/*!40101 SET character_set_client = @saved_cs_client */;

--
-- Dumping data for table `m_generalstatement`
--

LOCK TABLES `m_generalstatement` WRITE;
/*!40000 ALTER TABLE `m_generalstatement` DISABLE KEYS */;
INSERT INTO `m_generalstatement` VALUES (53,NULL,'DANGER. CORROSIVE. Causes irreversible eye damage and skin burns. Harmful if swallowed. Do not get in eyes, on skin, or on clothing. Wear protective eyewear (goggles, face shield or safety glasses), protective clothing and protective gloves (rubber or chemical resistant). Harmful if inhaled. Wash thoroughly with soap and water after handling. Remove contaminated clothing and wash clothing before reuse.',NULL,NULL,NULL,26,47,NULL),(54,'If in eyes:','Hold eye open and rinse slowly and gently with water for 15  20 minutes. Remove contact lenses, if present, after the first 5 minutes, then continue rinsing eye.',NULL,NULL,1,27,48,NULL),(55,'If on skin or clothing:','Take off contaminated clothing. Rinse skin immediately with plenty of water for 15  20 minutes.',NULL,NULL,2,27,49,NULL),(56,'If swallowed:','Call a poison control center or doctor immediately for treatment advice. Have person sip a glass of water if able to swallow. Do not induce vomiting unless told to do so by the poison control center or doctor. Do not give anything by mouth to an unconscious person.',NULL,NULL,3,27,50,NULL),(57,'If inhaled:','Move person to fresh air. If person is not breathing, call 911 or an ambulance, then give artificial respiration, preferably by mouth-to-mouth, if possible. Call a poison control center or doctor for treatment advice. Have the product container or label with you when calling a poison control center or doctor or going for treatment. NOTE TO PHYSICIAN: Probable mucosal damage may contraindicate the use of gastric lavage. Measures against circulatory shock, respiratory depression and convulsion may be needed.ove contact lenses, if present, after the first 5 minutes, then continue rinsing eye.',NULL,NULL,4,27,51,NULL),(58,NULL,'Do not discharge effluent containing this product into lakes, streams, ponds, estuaries, oceans, or other waters unless in accordance with the requirements of a National Pollutant Discharge Elimination System (NPDES) permit and the permitting authority has been notified in writing prior to discharge. Do not discharge effluent containing this product to sewer systems without previously notifying the local sewage treatment plant authority. For guidance contact your State Water Board or Regional Office of the EPA.',NULL,NULL,NULL,28,52,NULL),(59,NULL,'PHYSICAL OR CHEMICAL HAZARDS\r\nDo not mix with oxidizers, anionic soaps and detergents.\r\nDo not use or store near heat or open flame.',NULL,NULL,1,31,NULL,NULL),(60,NULL,'Corrosive. Causes irreversible eye damage and skin burns. Harmful if swallowed, inhaled or absorbed through the skin. Avoid breathing spray mist. Do not get in eyes, on skin, or on clothing. Wear goggles or face shield, rubber gloves and protective clothing when handling. Wash thoroughly with soap and water after handling and before eating, drinking, or using tobacco. Remove contaminated clothing and wash clothing before reuse.',NULL,NULL,NULL,30,NULL,NULL),(61,NULL,'ENVIRONMENTAL HAZARDS\r\nDo not discharge effluent containing this product into lakes, streams, ponds, estuaries, oceans or other waters unless in accordance with the requirements of a National Pollutant Discharge Elimination System (NPDES) permit and the permitting authority has been notified in writing prior to discharge. Do not discharge effluent containing this product into sewer systems without previously notifying the local sewage treatment plant authority. For guidance contact your State Water Board or Regional Office of the EPA. ',NULL,NULL,2,31,NULL,NULL),(62,NULL,'IF ON SKIN OR CLOTHING: Take off contaminated clothing. Rinse skin immediately with plenty of water for 15  20 minutes. Call a poison control center or doctor for treatment advice.',NULL,NULL,1,29,NULL,NULL),(63,NULL,'IF IN EYES: Hold eye open and rinse slowly and gently with water for 15  20 minutes.  Remove contact lenses, if present, after the first 5 minutes, then continue rinsing eye. Call a poison control center or doctor for treatment advice.',NULL,NULL,2,29,NULL,NULL),(64,NULL,'IF SWALLOWED: Call a poison control center or doctor immediately for treatment advice. Have person sip a glass of water if able to swallow.  Do not induce vomiting unless told to do so by the poison control center or doctor. Do not give anything by mouth to an unconscious person.',NULL,NULL,3,29,NULL,NULL),(65,NULL,'IF INHALED: Move person to fresh air. If person is not breathing, call 911 or an ambulance, then give artificial respiration, preferably by mouth-to-mouth, if possible. Call a poison control center or doctor for treatment advice.',NULL,NULL,4,29,NULL,NULL),(66,NULL,'NOTE TO PHYSICIAN: Probable mucosal damage may contraindicate the use of gastric lavage.',NULL,NULL,5,29,NULL,NULL),(67,NULL,'Have the product container or label with you when calling a poison control center or doctor or going for treatment.',NULL,NULL,6,29,NULL,NULL),(84,NULL,'In case of emergency, call a poison control center or doctor for treatment advice. Have the product container or label with you when calling a poison control center or doctor, or going for treatment.',NULL,NULL,1,41,NULL,NULL),(85,'IF IN EYES:','Hold eye open and rinse slowly and gently with water for 15-20 minutes. Remove contact lenses, if present, after the first 5 minutes, then continue rinsing eye.',NULL,NULL,2,41,NULL,NULL),(86,'IF ON SKIN:','Take off contaminated clothing. Rinse skin immediately with plenty of water for 15-20 minutes.',NULL,NULL,3,41,NULL,NULL),(87,'IF SWALLOWED:','Have person sip a glass of water if able to swallow. Do not Induce vomiting unless told to do so by a poison control center or doctor. Do not give anything by mouth to an unconscious person. Call a poison control center or.doctor Immediately for treatment advice.',NULL,NULL,4,41,NULL,NULL),(88,'IF INHALED:','Move person to fresh air. If person is not breathing, call 911 or an ambulance, then give artificial respiration, preferably mouth-to-mouth, if possible.',NULL,NULL,5,41,NULL,NULL),(89,'NOTE TO PHYSICIAN:','Probable mucosal damage may contraindicate the use of gastric lavage.',NULL,NULL,6,41,NULL,NULL),(90,NULL,'{For [{chemlcal}{and}{or}{medlcal}{and}{or}{envlronmental}] emergencies, call {insert name and/or number of emergency contact} {hours of operaf/on}{24 hours a day}{7 days a week}}.',NULL,NULL,7,41,NULL,NULL),(91,'DANGER','Corrosive. Causes irreversible eye damage and skin burns. Harmful if swallowed or absorbed through the skin. Do not get in eyes, on skin, or on clothing. Wear goggles or face shield and rubber gloves and protective clothing when handling. Wash thoroughly with soap and water after handling and before eating, drinking, chewing gum, using tobacco or using the toilet. Remove contaminated clothing and wash clothing before reuse.',NULL,NULL,NULL,42,NULL,NULL),(93,NULL,'This product is toxic to fish, aquatic invertebrates, oysters and shrimp. Do not discharge effluent containing this product into lakes, streams, ponds, estuaries, oceans or other waters unless in accordance with the requirements of a National Pollutant Discharge Elimination System (NPDES) permit and the permitting authority has been notified in writing prior to discharge. Do not discharge effluent containing this product into sewer systems without previously notifying the local sewage treatment plant authority. For guidance contact your State Water Board or Regional Office of the EPA.',NULL,NULL,NULL,NULL,NULL,2),(94,NULL,'This product is toxic to fish, aquatic invertebrates, oysters and shrimp.',NULL,NULL,NULL,NULL,NULL,3),(95,NULL,'In case of emergency, call a poison control center or doctor for treatment advice. Have the product container or label with you when calling a poison control center or doctor, or going for treatment.',NULL,NULL,1,45,NULL,NULL),(96,'IF IN EYES:  ','Hold eye open and rinse slowly and gently with water for 15-20 minutes. Remove contact lenses, if present, after the first 5 minutes, then continue rinsing eye.',NULL,NULL,2,45,NULL,NULL),(97,'IF ON SKIN:  ','Take off contaminated clothing. Rinse skin immediately with plenty of water for 15-20 minutes.',NULL,NULL,3,45,NULL,NULL),(98,'IF SWALLOWED:  ','Have person sip a glass of water if able to swallow. Do not induce vomiting unless told to do so by a poison control center or doctor. Do not give anything by mouth to an unconscious person. Call a poison control center or doctor immediately for treatment advice.',NULL,NULL,4,45,NULL,NULL),(99,'IF INHALED:  ','Move person to fresh air.  If person is not breathing, call 911 or an ambulance, then give artificial respiration, preferably mouth-to-mouth, if possible.',NULL,NULL,5,45,NULL,NULL),(100,'NOTE TO PHYSICIAN:  ','Probable mucosal damage may contraindicate the use of gastric lavage.',NULL,NULL,6,45,NULL,NULL),(101,NULL,'{For [{chemical}{and}{or}{medical}{and}{or}{environmental}] emergencies, call {insert name and/or number of emergency contact} {hours of operation}{24 hours a day}{7 days a week}}.',NULL,NULL,7,45,NULL,NULL),(102,'DANGER. ','Corrosive. Causes irreversible eye damage and skin burns. Harmful if swallowed, inhaled or absorbed through the skin. Avoid breathing spray mist. Do not get in eyes, on skin or on clothing. Wear goggles or face shield and rubber gloves and protective clothing when handling. Wash thoroughly with soap and water after handling and before eating, drinking, chewing gum, using tobacco or using the toilet. Remove contaminated clothing and wash clothing before reuse.',NULL,NULL,NULL,46,NULL,NULL),(103,NULL,'This product is toxic to fish and aquatic invertebrates. Do not discharge effluent containing this product into lakes, streams, ponds, estuaries, oceans or other waters unless in accordance with the requirements of a National Pollutant Discharge Elimination System (NPDES) permit and the permitting authority has been notified in writing prior to discharge. Do not discharge effluent containing this product into sewer systems without previously notifying the local sewage treatment plant authority. For guidance contact your State Water Board or Regional Office of the EPA. ',NULL,NULL,NULL,NULL,NULL,4),(152,NULL,'{SI USTED NO ENTIENDE LA ETIQUETA, BUSQUE A ALGUIEN PARA QUE SE LA EXPLIQUE A USTED EN DETALLE.\r\nIF YOU DO NOT UNDERSTAND THE LABEL, FIND SOMEONE TO EXPLAIN IT TO YOU IN DETAIL.}',NULL,NULL,NULL,NULL,NULL,5),(153,NULL,'This product is toxic to fish and aquatic invertebrates.',NULL,NULL,NULL,NULL,NULL,6),(154,NULL,'Not sure \"physical/chemical hazards\" is a necessary (statement) category.',NULL,NULL,NULL,48,NULL,NULL),(155,NULL,'Not sure if physical/chemical is a valid category',NULL,NULL,NULL,75,NULL,NULL),(214,NULL,'DANGER. CORROSIVE. Causes irreversible eye damage and skin burns. Harmful if swallowed. Do not get in eyes, on skin, or on clothing. Wear protective eyewear (goggles, face shield or safety glasses), protective clothing and protective gloves (rubber or chemical resistant). Harmful if inhaled. Wash thoroughly with soap and water after handling. Remove contaminated clothing and wash clothing before reuse.',NULL,NULL,NULL,108,53,NULL),(215,'If in eyes:','Hold eye open and rinse slowly and gently with water for 15  20 minutes. Remove contact lenses, if present, after the first 5 minutes, then continue rinsing eye.',NULL,NULL,1,109,54,NULL),(216,'If on skin or clothing:','Take off contaminated clothing. Rinse skin immediately with plenty of water for 15  20 minutes.',NULL,NULL,2,109,55,NULL),(217,'If swallowed:','Call a poison control center or doctor immediately for treatment advice. Have person sip a glass of water if able to swallow. Do not induce vomiting unless told to do so by the poison control center or doctor. Do not give anything by mouth to an unconscious person.',NULL,NULL,3,109,56,NULL),(218,'If inhaled:','Move person to fresh air. If person is not breathing, call 911 or an ambulance, then give artificial respiration, preferably by mouth-to-mouth, if possible. Call a poison control center or doctor for treatment advice. Have the product container or label with you when calling a poison control center or doctor or going for treatment. NOTE TO PHYSICIAN: Probable mucosal damage may contraindicate the use of gastric lavage. Measures against circulatory shock, respiratory depression and convulsion may be needed.ove contact lenses, if present, after the first 5 minutes, then continue rinsing eye.',NULL,NULL,4,109,57,NULL),(219,NULL,'Do not discharge effluent containing this product into lakes, streams, ponds, estuaries, oceans, or other waters unless in accordance with the requirements of a National Pollutant Discharge Elimination System (NPDES) permit and the permitting authority has been notified in writing prior to discharge. Do not discharge effluent containing this product to sewer systems without previously notifying the local sewage treatment plant authority. For guidance contact your State Water Board or Regional Office of the EPA.',NULL,NULL,NULL,110,58,NULL),(220,NULL,'Not sure if physical/chemical is a valid category',NULL,NULL,NULL,111,155,NULL);
/*!40000 ALTER TABLE `m_generalstatement` ENABLE KEYS */;
UNLOCK TABLES;

--
-- Table structure for table `m_generalsubsection`
--

DROP TABLE IF EXISTS `m_generalsubsection`;
/*!40101 SET @saved_cs_client     = @@character_set_client */;
/*!40101 SET character_set_client = utf8 */;
CREATE TABLE `m_generalsubsection` (
  `ID` int(11) NOT NULL,
  `NAME` varchar(254) DEFAULT NULL,
  `TITLE` varchar(254) DEFAULT NULL,
  `FK_ID_M_GENERALSECTION` int(11) NOT NULL,
  `CONTAINERVOLUMEENVIRONMENTHAZARD` tinytext,
  PRIMARY KEY (`ID`),
  KEY `MGENERALSUBSECTIONFKIDMGENE78423` (`FK_ID_M_GENERALSECTION`)
) ENGINE=InnoDB DEFAULT CHARSET=utf8;
/*!40101 SET character_set_client = @saved_cs_client */;

--
-- Dumping data for table `m_generalsubsection`
--

LOCK TABLES `m_generalsubsection` WRITE;
/*!40000 ALTER TABLE `m_generalsubsection` DISABLE KEYS */;
INSERT INTO `m_generalsubsection` VALUES (2,'Container >= 5 Gallons',NULL,43,'>=5'),(3,'Container < 5 Gallons',NULL,43,'<5'),(4,'ENVIRONMENTAL HAZARDS+','ENVIRONMENTAL HAZARDS',47,'>=5'),(5,'SPANISH ADVISORY STATEMENTS','{SPANISH ADVISORY STATEMENTS}',47,NULL),(6,'ENVIRONMENTAL HAZARDS-','ENVIRONMENTAL HAZARDS',47,'<5'),(7,'ENVIRONMENTAL HAZARDS','ENVIRONMENTAL HAZARDS',28,'>=5');
/*!40000 ALTER TABLE `m_generalsubsection` ENABLE KEYS */;
UNLOCK TABLES;

--
-- Table structure for table `m_humanhazardsection`
--

DROP TABLE IF EXISTS `m_humanhazardsection`;
/*!40101 SET @saved_cs_client     = @@character_set_client */;
/*!40101 SET character_set_client = utf8 */;
CREATE TABLE `m_humanhazardsection` (
  `ID` int(11) NOT NULL,
  `EPA_SIGNALWORD` varchar(32) DEFAULT NULL,
  `EPA_CHILDHAZARDWARNING` varchar(1) DEFAULT NULL,
  `PRECAUTIONARYSTATEMENT` longtext,
  `LOCATIONSEPARATOR` varchar(2) DEFAULT NULL,
  `ENCLOSEFIRSTLOCATION` varchar(1) DEFAULT NULL,
  `PANELLOC1` varchar(254) DEFAULT NULL,
  `PANELLOC2` varchar(254) DEFAULT NULL,
  `PANELLOC3` varchar(254) DEFAULT NULL,
  `PANELLOC4` varchar(254) DEFAULT NULL,
  `PANELLOC5` varchar(254) DEFAULT NULL,
  `PANELLOC6` varchar(254) DEFAULT NULL,
  `PANELLOC7` varchar(254) DEFAULT NULL,
  `PANELLOC8` varchar(254) DEFAULT NULL,
  `PANELLOC9` varchar(254) DEFAULT NULL,
  `LABELLOC1` varchar(254) DEFAULT NULL,
  `LABELLOC2` varchar(254) DEFAULT NULL,
  `LABELLOC3` varchar(254) DEFAULT NULL,
  `LABELLOC4` varchar(254) DEFAULT NULL,
  `LABELLOC5` varchar(254) DEFAULT NULL,
  `LABELLOC6` varchar(254) DEFAULT NULL,
  `LABELLOC7` varchar(254) DEFAULT NULL,
  `LABELLOC8` varchar(254) DEFAULT NULL,
  `LABELLOC9` varchar(254) DEFAULT NULL,
  `DELETEDFLAG` varchar(1) DEFAULT NULL,
  `AUTOSEQ` int(11) DEFAULT NULL,
  `FK_ID_MASTERLABELCONTENT` int(11) NOT NULL,
  `FK_ID_M_HUMANHAZARDSECTION` int(11) DEFAULT NULL,
  PRIMARY KEY (`ID`),
  KEY `MHUMANHAZARDSECTIONFKIDMA10391` (`FK_ID_MASTERLABELCONTENT`),
  KEY `MHUMANHAZARDSECTIONFKIDMH10415` (`FK_ID_M_HUMANHAZARDSECTION`)
) ENGINE=InnoDB DEFAULT CHARSET=utf8;
/*!40101 SET character_set_client = @saved_cs_client */;

--
-- Dumping data for table `m_humanhazardsection`
--

LOCK TABLES `m_humanhazardsection` WRITE;
/*!40000 ALTER TABLE `m_humanhazardsection` DISABLE KEYS */;
INSERT INTO `m_humanhazardsection` VALUES (9,'DANGER','U','See {{Precautionary Panel Location}} Panel for Precautionary Statements and First Aid','[]','Y','right','left','side','back',NULL,NULL,NULL,NULL,NULL,NULL,NULL,NULL,NULL,NULL,NULL,NULL,NULL,NULL,NULL,NULL,10,8),(10,'DANGER','U','See {{Precautionary Panel Location}} Panel {{Precautionary Label Location}} for additional Precautionary Statements','()',NULL,'Left','Back','Side','Right',NULL,NULL,NULL,NULL,NULL,'of label','below',NULL,NULL,NULL,NULL,NULL,NULL,NULL,NULL,NULL,11,NULL),(13,'DANGER','U','See {{Precautionary Panel Location}} Panel {{Precautionary Label Location}} for Precautionary Statements','[]','Y','Back','Side','Left','Right',NULL,NULL,NULL,NULL,NULL,'of Panel','below',NULL,NULL,NULL,NULL,NULL,NULL,NULL,NULL,NULL,16,NULL),(14,'DANGER {PELIGRO}','U','{See [{{Precautionary Panel Location}}] for {{Precautionary Label Location}}}.','{}','Y','left','back','side','right','panel','of label','below','','','additional','precautionary statements','and','or','first aid','','','','',NULL,NULL,17,NULL),(31,'DANGER','U','See {{Precautionary Panel Location}} Panel for Precautionary Statements and First Aid','[]','Y','right','left','side','back',NULL,NULL,NULL,NULL,NULL,NULL,NULL,NULL,NULL,NULL,NULL,NULL,NULL,NULL,NULL,NULL,34,9);
/*!40000 ALTER TABLE `m_humanhazardsection` ENABLE KEYS */;
UNLOCK TABLES;

--
-- Table structure for table `m_ingredientssection`
--

DROP TABLE IF EXISTS `m_ingredientssection`;
/*!40101 SET @saved_cs_client     = @@character_set_client */;
/*!40101 SET character_set_client = utf8 */;
CREATE TABLE `m_ingredientssection` (
  `ID` int(11) NOT NULL,
  `ACTIVETITLE` varchar(254) DEFAULT NULL,
  `ARSENICPRECAUTIONARYTEXT` varchar(254) DEFAULT NULL,
  `INERTTITLE` varchar(254) DEFAULT NULL,
  `REVIEWERNOTE` longtext,
  `GENERALINACTIVEPERCENT` double DEFAULT NULL,
  `DELETEDFLAG` varchar(1) DEFAULT NULL,
  `AUTOSEQ` int(11) DEFAULT NULL,
  `FK_ID_M_INGREDIENTSSECTION` int(11) DEFAULT NULL,
  `FK_ID_MASTERLABELCONTENT` int(11) NOT NULL,
  PRIMARY KEY (`ID`),
  KEY `MINGREDIENTSSECTIONFKIDMI10445` (`FK_ID_M_INGREDIENTSSECTION`),
  KEY `MINGREDIENTSSECTIONFKIDMA10452` (`FK_ID_MASTERLABELCONTENT`)
) ENGINE=InnoDB DEFAULT CHARSET=utf8;
/*!40101 SET character_set_client = @saved_cs_client */;

--
-- Dumping data for table `m_ingredientssection`
--

LOCK TABLES `m_ingredientssection` WRITE;
/*!40000 ALTER TABLE `m_ingredientssection` DISABLE KEYS */;
INSERT INTO `m_ingredientssection` VALUES (9,'Active Ingredients:',NULL,'Inert Ingredients:',NULL,95.78,NULL,NULL,8,10),(10,'Active Ingredients:',NULL,'INERT INGREDIENTS:',NULL,83.1,NULL,NULL,NULL,11),(12,'ACTIVE INGREDIENTS:',NULL,'OTHER INGREDIENTS:',NULL,95.77,NULL,NULL,NULL,16),(13,'ACTIVE INGREDIENTS:',NULL,'OTHER INGREDIENTS:',NULL,90,NULL,NULL,NULL,17),(31,'Active Ingredients:',NULL,'Inert Ingredients:',NULL,95.78,NULL,NULL,9,34);
/*!40000 ALTER TABLE `m_ingredientssection` ENABLE KEYS */;
UNLOCK TABLES;

--
-- Table structure for table `m_ingredientsstatement`
--

DROP TABLE IF EXISTS `m_ingredientsstatement`;
/*!40101 SET @saved_cs_client     = @@character_set_client */;
/*!40101 SET character_set_client = utf8 */;
CREATE TABLE `m_ingredientsstatement` (
  `ID` int(11) NOT NULL,
  `CHEMICALNAME` varchar(254) NOT NULL,
  `COMMONNAME` varchar(254) DEFAULT NULL,
  `ACTIVE` varchar(1) NOT NULL,
  `PROMPT` varchar(254) DEFAULT NULL,
  `z_PERCENT` double DEFAULT NULL,
  `DELETEDFLAG` varchar(1) DEFAULT NULL,
  `AUTOSEQ` int(11) DEFAULT NULL,
  `FK_ID_M_INGREDIENTSSECTION` int(11) DEFAULT NULL,
  `FK_ID_M_INGREDIENTSSTATEMENT` int(11) DEFAULT NULL,
  PRIMARY KEY (`ID`),
  KEY `MINGREDIENTSSTATEMENTFKID10442` (`FK_ID_M_INGREDIENTSSECTION`),
  KEY `MINGREDIENTSSTATEMENTFKID10448` (`FK_ID_M_INGREDIENTSSTATEMENT`)
) ENGINE=InnoDB DEFAULT CHARSET=utf8;
/*!40101 SET character_set_client = @saved_cs_client */;

--
-- Dumping data for table `m_ingredientsstatement`
--

LOCK TABLES `m_ingredientsstatement` WRITE;
/*!40000 ALTER TABLE `m_ingredientsstatement` DISABLE KEYS */;
INSERT INTO `m_ingredientsstatement` VALUES (17,'Didecyl dimethyl ammonium chloride',NULL,'A',NULL,2.535,NULL,1,9,15),(18,'n-Alkyll (C<sub>14</sub> 50%, C<sub>12</sub> 40%, C<sub>16</sub> 10%) dimethyl benzyl ammonium chloride',NULL,'A',NULL,1.69,NULL,2,9,16),(19,'Didecyl Dimethyl Ammonium Chloride',NULL,'A',NULL,10.14,NULL,1,10,NULL),(20,'n-Alkyl (C<sub>14</sub> 50%, C<sub>13</sub> 40%, C<sub>16</sub> 10%)\r\ndimethyl benzyl ammonium chloride',NULL,'A',NULL,6.76,NULL,2,10,NULL),(23,'Didecyl DimethyrAmmonium Chloride',NULL,'A',NULL,2.54,NULL,NULL,12,NULL),(24,'Alkyl (50% C<sub>14</sub>, 40% C<sub>12</sub>, 10% C<sub>16</sub>) Dimethyl Ethylbenzyi Ammonium Chloride',NULL,'A',NULL,1.69,NULL,2,12,NULL),(25,'\r\nAlkyl (50% C<sub>14</sub>, 40% C<sub>12</sub>, 10% C<sub>16</sub>) Dimethyl&nbsp;Benzyl&nbsp;Ammonium&nbsp;Chloride<br>\r\n',NULL,'A',NULL,4,NULL,1,13,NULL),(26,'Octyl Decyl Dimethyl Ammonium Chloride',NULL,'A',NULL,3,NULL,2,13,NULL),(27,'Didecyl Dimethyl Ammonium Chloride',NULL,'A',NULL,1.5,NULL,3,13,NULL),(28,'Dioctyl Dimethyl Ammonium Chloride',NULL,'A',NULL,1.5,NULL,4,13,NULL),(63,'Didecyl dimethyl ammonium chloride',NULL,'A',NULL,2.535,NULL,1,31,17),(64,'n-Alkyll (C<sub>14</sub> 50%, C<sub>12</sub> 40%, C<sub>16</sub> 10%) dimethyl benzyl ammonium chloride',NULL,'A',NULL,1.69,NULL,2,31,18);
/*!40000 ALTER TABLE `m_ingredientsstatement` ENABLE KEYS */;
UNLOCK TABLES;

--
-- Table structure for table `m_inserttext`
--

DROP TABLE IF EXISTS `m_inserttext`;
/*!40101 SET @saved_cs_client     = @@character_set_client */;
/*!40101 SET character_set_client = utf8 */;
CREATE TABLE `m_inserttext` (
  `ID` int(11) NOT NULL,
  `z_TEXT` longtext,
  `AUTOSEQ` int(11) DEFAULT NULL,
  `FK_ID_M_INSERTTEXTKEYWORD` int(11) DEFAULT NULL,
  PRIMARY KEY (`ID`),
  UNIQUE KEY `UM_INSERTTEXT_ID_580280` (`ID`),
  KEY `MINSERTTEXTFKIDMINSERTTEXTK59015` (`FK_ID_M_INSERTTEXTKEYWORD`)
) ENGINE=InnoDB DEFAULT CHARSET=utf8;
/*!40101 SET character_set_client = @saved_cs_client */;

--
-- Dumping data for table `m_inserttext`
--

LOCK TABLES `m_inserttext` WRITE;
/*!40000 ALTER TABLE `m_inserttext` DISABLE KEYS */;
INSERT INTO `m_inserttext` VALUES (1,'Hospitals',1,1),(2,'Nursing Homes',2,1),(3,'Dental Offices',3,1),(4,'Other Health Care Institutions',4,1),(5,'(660 ppm active)',1,2),(6,'Households',1,3),(7,'Schools',2,3),(8,'Restaurants',3,3),(9,'Food Services',4,3),(10,'(660 ppm active)',1,4),(11,'(ATCC 19003)',1,5),(12,'(ATCC 9957)',1,6),(13,'(ATCC 15309)',1,7),(14,'(ATCC 10580)',1,8),(15,'(VR-125)',1,9),(16,'(ATCC 8090)',1,10),(17,'(ATCC (13048)',1,11),(18,'(ATCC 27155)',1,12),(19,'(ATCC 13047)',1,13),(20,'(ATCC 19433)',1,14),(21,'(ATCC 51299)',1,15),(22,'(Vancomycin Resistant)',1,16),(23,'(VRE)',1,17),(24,'(CPV)',1,18),(25,'(Parvovirus)',1,19),(26,'(VR-1346)',1,20),(27,'(VR-742)',1,21),(28,'Athletic',1,22),(29,'This product can be used as an athletic',2,22),(30,'Can',1,23),(31,'This product can',2,23),(32,'Cleans',1,24),(33,'This product cleans',2,24),(34,'Cleans',1,25),(35,'This product cleans',2,25),(36,'Cleans',1,26),(37,'This product cleans',2,26),(38,'Cleans',1,27),(39,'This product cleans',2,27),(40,'Cleans',1,28),(41,'This product cleans',2,28),(42,'Cleans',1,29),(43,'This product cleans',2,29),(44,'Cleans',1,30),(45,'This product cleans',2,30),(46,'This product can be used to pre-clean or decontaminate critical or semi-critical medical devices prior to sterilization or high-level disinfection.',1,31),(47,'PESTICIDE',1,32),(48,'(or equivalent) ',1,33),(49,'(countertops)',1,34),(50,'(ATCC 23213)',1,35),(51,'(ATCC 6275)',1,36),(52,'(H5N1)',1,37),(53,'(H5N1)',1,38),(54,'(VR-798)',1,39),(55,'(ATCC 25416)',1,40),(56,'(ATCC 29428)',1,41),(57,'(VR-809)',1,42),(58,'(VR-128)',1,43),(59,'(ATCC 13124)',1,44),(60,'(ATCC 6871)',1,45),(61,'(ATCC 6872)',1,46),(62,'(ATCC 29544)',1,47),(63,'(Vancomycin Resistant)',1,48),(64,'(ATCC 51299)',1,49),(65,'(Vancomycin Resistant)',1,50),(66,'(VRE)',1,51),(68,'Households',2,52),(69,'Schools',3,52),(70,'Restaurants',4,52),(71,'Food Services',5,52),(72,'Beverage',6,52),(73,'Food Processing Plants',7,52),(74,'Other Non-medical Facilities',8,52),(75,'Hospitals',1,53),(76,'Dental Offices',2,53),(77,'Nursing Homes',3,53),(78,'Other Health Care Institutions',4,53),(79,'450 ppm active',1,54),(80,'(VR-2229)',1,55),(81,'(H3N8)',1,56),(82,'(ATCC 23982)',1,57),(83,'(ATCC BAA-184)',1,58),(84,'(ECL 39W)',1,59),(85,'(ATCC 35150)',1,60),(86,'(ATCC BAA-1653)',1,61),(87,'(ECL 1001)',1,62),(88,'(ATCC 11229)',1,63),(89,'(Strain IIIRF)',1,64),(90,'(HBV)',1,65),(91,'(HCV)',1,66),(92,'(VR-260)',1,67),(93,'(VR-734)',1,68),(94,'(VR-740)',1,69),(95,'(AIDS Virus)',1,70),(96,'(HIV-1)',1,71),(97,'(IBR)',1,72),(98,'(VR-188)',1,73),(99,'(H1N1)',1,74),(100,'(VR-1469)',1,75),(101,'(VR-544)',1,76),(102,'(VR-100)',1,77),(103,'(ATCC 13883)',1,78),(104,'(ATCC 4352)',1,79),(105,'(ATCC 984)',1,80),(106,'(VR-109)',1,81),(107,'(Norwalk-like Virus)',1,82),(108,'(Feline Calicivirus)',1,83),(109,'(PRRSV)',1,84),(110,'(VR-893)',1,85),(111,'(ATCC 15442)',1,86),(112,'(VR-135)',1,87),(113,'(ATCC 7699)',1,88),(114,'(ATCC 27869)',1,89),(115,'(ATCC 51957)',1,90),(116,'(ATCC 9270)',1,91),(117,'(ATCC 51741)',1,92),(118,'(ATCC 23564)',1,93),(119,'(ATCC 10708)',1,94),(120,'(ATCC 4931)',1,95),(121,'(ATCC 6539)',1,96),(122,'(ATCC 9361)',1,97),(123,'(ATCC 25931)',1,98),(124,'(ATCC 9290)',1,99),(125,'(ATCC 6538)',1,100),(126,'(Community Associated Methicillin Resistant)',1,101),(127,'(CA MRSA)',1,102),(128,'(Methicillin Resistant)',1,103),(129,'(MRSA)',1,104),(130,'(ATCC 33592)',1,105),(131,'(MRSA)',1,106),(132,'(ATCC 33591)',1,107),(133,'(ATCC 33398)',1,108),(134,'(ATCC 12344)',1,109),(135,'(TGE)',1,110),(136,'(Smallpox Vaccine Virus)',1,111),(137,'(VR-119)',1,112),(138,'(ATCC 23715)',1,113),(139,'(Strain A/PR/8/34)',1,114),(140,'(VR-782)',1,115),(141,'Households',1,116),(142,'Schools',2,116),(143,'Restaurants',3,116),(144,'Food Services',4,116),(145,'Dairies',5,116),(146,'Farm',6,116),(147,'Beverage and Food Processing Plants',7,116),(148,'Other Non-Medical Facilities',8,116),(149,'260 ppm active',1,117),(150,'450 ppm active',1,118),(151,'450 ppm active',1,119),(152,'450 ppm active',1,120),(153,'150 ppm active',1,121),(154,'200 ppm active',1,122),(155,'150 ppm active',1,123),(156,'400 ppm active',1,124),(157,'(MRSA)',1,125),(158,'equipment',1,127),(159,'furniture',2,127),(160,'plastic terrarium ornaments',3,127),(161,'heat caves',4,127),(162,'water dishes',5,127),(163,'hospital',1,128),(164,'medical',2,128),(165,'with no rinsing required',1,129),(166,'personal protective safety equipment',1,130),(167,'protective headgear',2,130),(168,'athletic helmets',3,130),(169,'wrestling/boxing headgear',4,130),(170,'athletic shoe soles',5,130),(171,'hard hats',6,130),(172,'headphones',7,130),(173,'half mask respirators',8,130),(174,'full face breathing apparatus',9,130),(175,'gas masks',10,130),(176,'goggles',11,130),(177,'spectacles',12,130),(178,'face shields',13,130),(179,'hearing protectors',14,130),(180,'ear muffs',15,130),(181,'{any disinfection organism listed}',1,131),(182,'{on hard, non-porous surfaces}',2,131),(183,'{common}',1,132),(184,'{household}',2,132),(185,'{institutional}',3,132),(186,'{kitchen}',4,132),(187,'germs',5,132),(188,'{on {the} floor{s}}',6,132),(189,'{household}',1,133),(190,'{institutional}',2,133),(191,'{kitchen}',3,133),(192,'bacteria and/or germs',4,133),(193,'{{that get} tracked into your home}',5,133),(194,'{by shoes and/or pets and/or kids}',6,133),(195,'{from outside}',7,133),(196,'{every day}',8,133),(197,'{kitchen}',1,134),(198,'{bathroom}',2,134),(199,'{household}',3,134),(200,'{institutional}',4,134),(201,'bacteria',5,134),(202,'{on {the} floor{s}}',6,134),(203,'{ordinary dish soap cant}',7,134),(204,'Diapers',1,135),(205,'Commercial linen, hotel/motel linen',1,136),(206,'Athletic apparel, athletic clothing',1,137),(207,'Napkins, tablecloths, curtains, draperies',1,138),(208,'Hospital and institutional linen',1,139),(209,'(or equivalent use dilution)',1,140),(214,'ONE-STEP',1,145),(215,'GENERAL',2,145),(216,'HOSPITAL',3,145),(217,'MEDICAL',4,145),(218,'VIRUCIDE*',1,146),(219,'CLEANER',2,146),(221,'(HIV-1)',1,148),(223,'(HBV)',1,149),(224,'(HCV)',1,150),(227,'{{SprayDevices}}',1,151),(228,'by immersion',1,152),(229,'auto scrubber',1,153),(230,'Wipe dry',1,154),(231,'with a clean cloth',2,154),(232,'allow to air dry',3,154),(233,'Rinsing of floors is not necessary unless they are to be waxed or polished.',1,155),(234,'{{Pump}}',2,151),(235,'{{HandPump}} coarse pump or trigger spray device',1,156),(236,'mechanical spray device',1,157),(237,'For spray applications, spray 6-8 inches from surface. Do not breathe spray.',3,151),(238,'hand pump',1,158),(239,'(associated with AIDS)',1,159),(240,'Wear protective latex gloves, gowns, masks and eye protection',1,160),(241,'Specific barrier protection items to be used when handling items soiled with blood or body fluids are disposable latex gloves, gowns, masks and eye protection',2,160),(242,'containing HIV-1, HBV & HCV',1,161),(243,'this product',1,162),(244,'Product name',2,162),(245,'the disinfectant',3,162),(246,'Add',1,163),(247,'Mix',2,163),(248,'(or equivalent use dilution)',1,164),(249,'(450 ppm active)',1,165),(250,'d',1,166),(251,'(insert value)',1,167),(252,'Gallons',1,168),(253,'Quarts',2,168),(254,'Containers',3,168),(255,'container',1,169),(256,'bottle',2,169),(257,'at least',1,170),(258,'x',1,171),(259,'abrasives',1,172),(260,'bleach',2,172),(261,'harsh acids',3,172),(262,'phosphates',4,172),(263,'so it wont scratch surfaces',1,173),(264,'wet misting',1,174),(265,'automated dilution systems',1,175),(266,'automated',2,175),(267,'dilution systems',3,175),(268,'(Dilution System trade name)',4,175),(269,'harm',1,176),(270,'scratch',2,176),(271,'3 oz.',1,177),(272,'one 3-oz. packet',2,177),(273,'(or equivalent use dilution)',1,178),(274,'(450 ppm active)',2,178),(275,'according to manufacturers use directions',1,179),(276,'remove body oils, dead tissue, soil and all other buildups',1,180),(277,'3 oz.',1,181),(278,'one 3-oz. packet',2,181),(279,'(450 ppm active)',1,182),(280,'(or equivalent use dilution)',1,183),(281,'(450 ppm active)',1,184),(282,'(or equivalent use dilution)',1,185),(283,'by immersion',1,186),(284,'auto scrubber',1,187),(285,'{{SprayDevices}}, {{Pump}}, For spray applications, spray 6-8 inches from surface. Do not breathe spray.',1,188),(286,'hand pump',1,189),(287,'{{HandPump}} coarse pump or trigger spray device',1,190),(288,'mechanical spray device',1,191),(289,'(RESPIRATORS)',1,192),(290,'TO KILL: Salmonella enterica {{ATCC10708}} and Staphylococcus aureus {{ATCC6538}}',1,193),(291,'(ATTC 10708)',1,194),(292,'(ATCC 6538)',1,195),(293,'(260 ppm active)',1,196),(294,'(or equivalent use dilution)',1,197),(295,'mechanical spray device',NULL,198),(296,'by immersion',NULL,199),(297,'auto scrubber',NULL,200),(298,'{{SprayDevices}}, {{Pump}}',NULL,201),(299,'{{HandPump}} coarse pump or trigger spray device',NULL,202),(300,'hand pump',NULL,203),(301,'{{WipeDry}}',1,204),(302,'Allow to air dry',2,204),(303,'wipe dry',1,205),(304,'with a clean cloth',2,205),(305,'(or equivalent use dilution)',NULL,206),(306,'{{SprayDevices}}, {{Pump}}. For spray applications, spray 6-8 inches from surface. Do not breathe spray.',NULL,207),(307,'by immersion',NULL,208),(308,'auto scrubber',NULL,209),(309,'mechanical spray device',NULL,210),(310,'{{HandPump}} coarse pump or trigger spray device',NULL,211),(311,'hand pump',NULL,212),(312,'{{WipeDry}}',1,214),(313,'Allow to air dry',2,214),(314,'Wipe dry, with a clean cloth',NULL,213),(315,'Rinsing of floors is not necessary unless they are to be waxed or polished.',NULL,215),(316,'AND TOBACCO PROCESSING EQUIPMENT',NULL,216),(317,'FOR FOOD CONTACT SURFACES, PUBLIC EATING PLACES, DAIRY PROCESSING EQUIPMENT FOOD PROCESSING EQUIPMENT AND UTENSILS',NULL,217),(318,'(0.19 oz. per gal. of water)',NULL,218),(319,'(150 ppm active quat)',NULL,219),(320,'(or equivalent use dilution)',NULL,220),(321,'(0.19 oz. per gal. of water)',NULL,221),(322,'(150 ppm active quat)',NULL,222),(323,'(or equivalent use dilution)',NULL,223),(324,'Before using this product {{FederallyInspected}}, food products and packaging materials must be removed from the room or carefully protected.',NULL,224),(325,'in federally inspected meat and poultry food processing plants and dairies',NULL,225),(326,'in federally inspected meat and poultry food processing plants and dairies',NULL,226),(327,'FOR USE AS A {{DISINFECTANT_ADJECTIVE}} DISINFECTANT {{DISINFECTANT_TYPE}}: ',NULL,227),(328,'SEALED FIBERGLASS',NULL,228),(329,'FOR FOOD CONTACT SURFACES, PUBLIC EATING PLACES, DAIRY PROCESSING EQUIPMENT FOOD PROCESSING EQUIPMENT AND UTENSILS',NULL,229),(330,'(0.25 oz. per gal. of water)',NULL,230),(331,'(200 ppm active quat)',NULL,231),(332,'(or equivalent use dilution)',NULL,232),(333,'(0.375 oz. per gal. of water)',NULL,233),(334,'(300 ppm active quat)',NULL,234),(335,'(or equivalent use dilution)',NULL,235),(336,'(0.5 oz. per gal. of water)',NULL,236),(337,'(400 ppm active quat)',NULL,237),(338,'(or equivalent use dilution)',NULL,238),(339,'(0.19-0.25 oz. of per gal. of water)',NULL,239),(340,'(150-200 ppm active quat)',NULL,240),(341,'(or equivalent use dilution)',NULL,241),(342,'(0.19-0.5 oz. per gal. of water)',NULL,242),(343,'(150-400 ppm active quat)',NULL,243),(344,'(or equivalent use dilution)',NULL,244),(345,'(0.25-0.5 oz. per gal. of water)',NULL,245),(346,'(200-400 ppm active quat)',NULL,246),(347,'(or equivalent use dilution)',NULL,247),(351,'FOOD CONTACT SANITIZING PERFORMANCE {{Public}} DIRECTIONS {{Regulated}}:  ',1,251),(352,'TO SANITIZE FOOD CONTACT SURFACES, {{FoodProcessing}} {{And}} {{OtherHardSurfaces}}, {{Dairies}}, {{Restaurants}} {{And}} {{Bars}} {{ThreeCompartmentSink}}: ',2,251),(353,'AND',NULL,252),(354,'OTHER HARD SURFACES IN FOOD PROCESSING LOCATIONS',NULL,253),(355,'FOOD PROCESSING EQUIPMENT',NULL,254),(356,'(REGULATED BY 40 CFR sec 180.940(a)(c))',NULL,255),(357,'FOR PUBLIC EATING PLACES, DAIRY PROCESSING EQUIPMENT AND FOOD PROCESSING EQUIPMENT, UTENSILS AND OTHER HARD, NON-POROUS FOOD CONTACT SURFACES IN FOOD PROCESSING LOCATIONS, MEAT PLANTS, DAIRIES, BAKERIES, CANNERIES, BEVERAGE PLANTS, RESTAURANTS AND BARS',NULL,256),(358,'BARS',NULL,257),(359,'IN A THREE COMPARTMENT SINK',NULL,258),(360,'RESTAURANTS',NULL,259),(361,'DAIRIES',NULL,260),(362,'(or equivalent use dilution)',NULL,261),(363,'and then air dry',NULL,262),(364,'so that little or no residue remains',NULL,263),(365,'(or equivalent use dilution)',NULL,264),(366,'{{SprayDevices}}, {{Pump}}. For spray applications, spray 6-8 inches from surface. Do not breathe spray.',NULL,265),(367,'hand pump',NULL,266),(368,'{{HandPump}} coarse pump or trigger spray device.',NULL,267),(369,'mechanical spray device',NULL,268),(370,'and then air dry',NULL,269),(371,'so that little or no residue remains',NULL,270),(372,'but may be used for other purposes such as cleaning',NULL,271),(373,'Allow sanitized surfaces to adequately drain {{AirDry}} before contact with food.',NULL,272),(374,'and then air dry',NULL,273),(375,'(or equivalent use dilution)',NULL,274),(376,'(Insert appropriate food contact dilution from table or list)',NULL,275),(377,'(or equivalent use dilution)',NULL,276),(378,'(Insert appropriate food contact dilution from table or list)',NULL,277),(379,'WISCONSIN STATE DIVISION OF HEALTH',NULL,278),(380,'(or equivalent use dilution)',NULL,279),(381,'(Insert appropriate food contact dilution of 200 ppm active or higher from table or list)',NULL,280),(382,'NOTE:  A potable water rinse following sanitization is not permitted under Section HFS 196.13 of the Wisconsin Administrative Code.',NULL,281),(383,'(or equivalent use dilution)',NULL,282),(384,'(150  400 ppm active)',NULL,283),(385,'FOR',NULL,284),(386,'DAIRY',NULL,285),(387,'DAIRY FARM',NULL,287),(388,'CIRCULATION',NULL,288),(389,'FOOD PROCESSNG EQUIPMENT FLOW/PRESSURE METHOD',NULL,289),(390,'AND',NULL,290),(391,'FOOD PROCESSING FACILITIES',NULL,291),(392,'REFRIGERATED',NULL,292),(393,'{{FoodProcessingEquipment}} {{DairyEquipment}} {{RefrigeratedStorageDisplayEquipment}} {{And}} {{Other}}',NULL,293),(394,'food processing equipment,',NULL,294),(395,'dairy equipment,',NULL,295),(396,'refrigerated storage and display equipment',NULL,296),(397,'and',NULL,297),(398,'other',NULL,298),(399,'(or equivalent use dilution)',NULL,299),(400,'coarse pump or trigger spray device,',NULL,300),(401,'Drain thoroughly before reuse',1,301),(402,'Allow sanitized surfaces to adequately drain',2,301),(403,'ICE MACHINES',NULL,302),(404,'WATER COOLERS',NULL,303),(405,'WATER HOLDING TANKS',NULL,304),(406,'AND',NULL,305),(407,'PRESSURE TANKS',NULL,306),(408,'{{ICEMACHINES}}, {{WATERCOOLERS}}, {{WATERHOLDINGTANKS}} {{And}} {{PRESSURETANKS}}:',NULL,307),(409,'(or equivalent use dilution)',NULL,308),(410,'and then air dry',NULL,309),(411,'{{WaterCoolers}}, {{WaterHoldingTanks}} {{And}} {{PressureTanks}}',NULL,310),(412,'Water Coolers',NULL,311),(413,'Water Holding Tanks',NULL,312),(414,'and',NULL,313),(415,'Pressure Tanks',NULL,314),(416,'(Insert appropriate food contact dilution from table or list) ',NULL,315),(417,'(or equivalent use dilution)',NULL,316),(418,'The brine tank must have water in it to permit the solution to be carried into the softener.',NULL,317),(419,'Note: Standard system capacity is 48 gal.',NULL,318),(420,'(or equivalent use dilution)',NULL,319),(421,'Note: Standard system capacity is 1 to 2 gal.',NULL,320),(422,'{{ProportionedIntoFinalRinse}} {{ExteriorApplication}}',NULL,321),(423,'to be proportioned into the final rinse water line of the container washer or rinser',NULL,322),(424,'for the exterior application for the filler and closing machine',NULL,323),(425,'(Insert appropriate food contact dilution from table or list)',NULL,324),(426,'(or equivalent use dilution)',NULL,325),(427,'and then air dry',NULL,326),(428,'BEER FERMENTATION AND',NULL,327),(429,'(or equivalent use dilution)',NULL,328),(430,'Follow manufacturers directions for use for application equipment.',NULL,329),(431,'food',1,330),(432,'liquid',2,330);
/*!40000 ALTER TABLE `m_inserttext` ENABLE KEYS */;
UNLOCK TABLES;

--
-- Table structure for table `m_inserttextkeyword`
--

DROP TABLE IF EXISTS `m_inserttextkeyword`;
/*!40101 SET @saved_cs_client     = @@character_set_client */;
/*!40101 SET character_set_client = utf8 */;
CREATE TABLE `m_inserttextkeyword` (
  `ID` int(11) NOT NULL,
  `NAME` varchar(254) DEFAULT NULL,
  `TYPE` varchar(1) DEFAULT NULL,
  `AUTOSEQ` int(11) DEFAULT NULL,
  `AUTOSEQ02` int(11) DEFAULT NULL,
  `AUTOSEQ03` int(11) DEFAULT NULL,
  `AUTOSEQ04` int(11) DEFAULT NULL,
  `AUTOSEQ05` int(11) DEFAULT NULL,
  `AUTOSEQ06` int(11) DEFAULT NULL,
  `AUTOSEQ07` int(11) DEFAULT NULL,
  `FK_ID_M_MARKETINGSTATEMENT` int(11) DEFAULT NULL,
  `FK_ID_M_DIRECTIONSFORUSESTATEMEN` int(11) DEFAULT NULL,
  `FK_ID_M_DIRECTIONSFORUSESECTION` int(11) DEFAULT NULL,
  `FK_ID_M_MARKETINGSECTION` int(11) DEFAULT NULL,
  `FK_ID_M_USAGE` int(11) DEFAULT NULL,
  `FK_ID_M_STORAGEDISPOSALSTATEMENT` int(11) DEFAULT NULL,
  `FK_ID_M_GENERALSTATEMENT` int(11) DEFAULT NULL,
  PRIMARY KEY (`ID`),
  KEY `MINSERTTEXTKEYWORDFKIDMMARK59014` (`FK_ID_M_MARKETINGSTATEMENT`),
  KEY `MINSERTTEXTKEYWORDFKIDMDIRE59016` (`FK_ID_M_DIRECTIONSFORUSESTATEMEN`),
  KEY `MINSERTTEXTKEYWORDFKIDMSTOR73514` (`FK_ID_M_STORAGEDISPOSALSTATEMENT`),
  KEY `MINSERTTEXTKEYWORDFKIDMGENE73515` (`FK_ID_M_GENERALSTATEMENT`)
) ENGINE=InnoDB DEFAULT CHARSET=utf8;
/*!40101 SET character_set_client = @saved_cs_client */;

--
-- Dumping data for table `m_inserttextkeyword`
--

LOCK TABLES `m_inserttextkeyword` WRITE;
/*!40000 ALTER TABLE `m_inserttextkeyword` DISABLE KEYS */;
INSERT INTO `m_inserttextkeyword` VALUES (1,'Institutions','R',1,1,1,1,1,1,1,113,NULL,NULL,NULL,NULL,NULL,NULL),(2,'660PPM','A',1,1,1,1,1,1,1,113,NULL,NULL,NULL,NULL,NULL,NULL),(3,'Non-Medical Facilities','R',1,1,1,1,1,1,1,113,NULL,NULL,NULL,NULL,NULL,NULL),(4,'660PPM','R',1,1,1,1,1,1,1,114,NULL,NULL,NULL,NULL,NULL,NULL),(5,'ATCC#','A',1,1,1,1,1,1,1,NULL,NULL,NULL,NULL,2318,NULL,NULL),(6,'ATCC#','A',1,1,1,1,1,1,1,NULL,NULL,NULL,NULL,2319,NULL,NULL),(7,'ATCC#','A',1,1,1,1,1,1,1,NULL,NULL,NULL,NULL,2320,NULL,NULL),(8,'ATCC#','A',1,1,1,1,1,1,1,NULL,NULL,NULL,NULL,2321,NULL,NULL),(9,'ATCC#','A',1,1,1,1,1,1,1,NULL,NULL,NULL,NULL,2323,NULL,NULL),(10,'ATCC#','A',1,1,1,1,1,1,1,NULL,NULL,NULL,NULL,2322,NULL,NULL),(11,'ATCC#','A',1,1,1,1,1,1,1,NULL,NULL,NULL,NULL,2325,NULL,NULL),(12,'ATCC#','A',1,1,1,1,1,1,1,NULL,NULL,NULL,NULL,2324,NULL,NULL),(13,'ATCC#','A',1,1,1,1,1,1,1,NULL,NULL,NULL,NULL,2326,NULL,NULL),(14,'ATCC#','A',1,1,1,1,1,1,1,NULL,NULL,NULL,NULL,2331,NULL,NULL),(15,'ATCC#','A',1,1,1,1,1,1,1,NULL,NULL,NULL,NULL,2371,NULL,NULL),(16,'Resistant','A',1,1,1,1,2,1,1,NULL,NULL,NULL,NULL,2371,NULL,NULL),(17,'VRE','A',1,1,1,1,3,1,1,NULL,NULL,NULL,NULL,2371,NULL,NULL),(18,'CPV','A',1,1,1,1,1,1,1,NULL,NULL,NULL,NULL,2399,NULL,NULL),(19,'Parvovirus','A',1,1,1,1,1,1,1,NULL,NULL,NULL,NULL,2400,NULL,NULL),(20,'VRE','A',1,1,1,1,2,1,1,NULL,NULL,NULL,NULL,2400,NULL,NULL),(21,'VRE','A',1,1,1,1,1,1,1,NULL,NULL,NULL,NULL,2402,NULL,NULL),(22,'Prefix Text','O',1,1,1,1,1,1,1,115,NULL,NULL,NULL,NULL,NULL,NULL),(23,'Prefix Text','O',1,1,1,1,1,1,1,116,NULL,NULL,NULL,NULL,NULL,NULL),(24,'Prefix Text','O',1,1,1,1,1,1,1,117,NULL,NULL,NULL,NULL,NULL,NULL),(25,'Prefix Text','O',1,1,1,1,1,1,1,118,NULL,NULL,NULL,NULL,NULL,NULL),(26,'Prefix Text','O',1,1,1,1,1,1,1,119,NULL,NULL,NULL,NULL,NULL,NULL),(27,'Prefix Text','O',1,1,1,1,1,1,1,120,NULL,NULL,NULL,NULL,NULL,NULL),(28,'Prefix Text','O',1,1,1,1,1,1,1,121,NULL,NULL,NULL,NULL,NULL,NULL),(29,'Prefix Text','O',1,1,1,1,1,1,1,122,NULL,NULL,NULL,NULL,NULL,NULL),(30,'Prefix Text','O',1,1,1,1,1,1,1,123,NULL,NULL,NULL,NULL,NULL,NULL),(31,'PreClean Text','A',1,1,1,1,1,1,1,NULL,192,NULL,NULL,NULL,NULL,NULL),(32,'PESTICIDE','A',1,1,1,1,1,1,1,NULL,NULL,NULL,NULL,NULL,56,NULL),(33,'Equivalent','A',1,1,1,1,1,1,1,NULL,NULL,NULL,NULL,NULL,61,NULL),(34,'Countertops','A',1,1,1,1,1,1,1,NULL,NULL,NULL,NULL,2418,NULL,NULL),(35,'ATCC','A',1,1,1,1,1,1,1,NULL,NULL,NULL,NULL,2498,NULL,NULL),(36,'ATCC','A',1,1,1,1,1,1,1,NULL,NULL,NULL,NULL,2483,NULL,NULL),(37,'H5N1',NULL,1,1,1,1,1,1,1,NULL,NULL,NULL,NULL,2484,NULL,NULL),(38,'H5N1',NULL,1,1,1,1,1,1,1,NULL,NULL,NULL,NULL,2470,NULL,NULL),(39,'VR',NULL,1,1,1,1,1,1,1,NULL,NULL,NULL,NULL,2471,NULL,NULL),(40,'ATCC#','A',1,1,1,1,1,1,1,NULL,NULL,NULL,NULL,2447,NULL,NULL),(41,'ATCC#','A',1,1,1,1,1,1,1,NULL,NULL,NULL,NULL,2499,NULL,NULL),(42,'VR#',NULL,1,1,1,1,1,1,1,NULL,NULL,NULL,NULL,2487,NULL,NULL),(43,'VR#',NULL,1,1,1,1,1,1,1,NULL,NULL,NULL,NULL,2486,NULL,NULL),(44,'ATCC#','A',1,1,1,1,1,1,1,NULL,NULL,NULL,NULL,2449,NULL,NULL),(45,'ATCC#','A',1,1,1,1,1,1,1,NULL,NULL,NULL,NULL,2450,NULL,NULL),(46,'ATCC#','A',1,1,1,1,1,1,1,NULL,NULL,NULL,NULL,2605,NULL,NULL),(47,'ATCC#','A',1,1,1,1,1,1,1,NULL,NULL,NULL,NULL,2509,NULL,NULL),(48,'Vanc Res',NULL,1,1,1,1,1,1,1,NULL,NULL,NULL,NULL,2508,NULL,NULL),(49,'ATCC#','A',1,1,1,1,2,1,1,NULL,NULL,NULL,NULL,2508,NULL,NULL),(50,'Vanc Res',NULL,1,1,1,1,1,1,1,NULL,NULL,NULL,NULL,2452,NULL,NULL),(51,'VRE','A',1,1,1,1,2,1,1,NULL,NULL,NULL,NULL,2452,NULL,NULL),(52,'Non-Medical Facilities','A',1,1,1,1,1,1,1,134,NULL,NULL,NULL,NULL,NULL,NULL),(53,'Institutions','A',1,1,1,1,1,1,1,134,NULL,NULL,NULL,NULL,NULL,NULL),(54,'450 PPM','A',1,1,1,1,1,1,1,134,NULL,NULL,NULL,NULL,NULL,NULL),(55,'VR#',NULL,1,1,1,1,1,1,1,NULL,NULL,NULL,NULL,2489,NULL,NULL),(56,'H3N8',NULL,1,1,1,1,1,1,1,NULL,NULL,NULL,NULL,2488,NULL,NULL),(57,'ATCC#',NULL,1,1,1,1,1,1,1,NULL,NULL,NULL,NULL,2505,NULL,NULL),(58,'ATCC#',NULL,1,1,1,1,1,1,1,NULL,NULL,NULL,NULL,2502,NULL,NULL),(59,'ECL#',NULL,1,1,1,1,1,1,1,NULL,NULL,NULL,NULL,2506,NULL,NULL),(60,'ATCC#',NULL,1,1,1,1,1,1,1,NULL,NULL,NULL,NULL,2503,NULL,NULL),(61,'ATCC#',NULL,1,1,1,1,1,1,1,NULL,NULL,NULL,NULL,2507,NULL,NULL),(62,'ECL#',NULL,1,1,1,1,1,1,1,NULL,NULL,NULL,NULL,2504,NULL,NULL),(63,'ATCC#',NULL,1,1,1,1,1,1,1,NULL,NULL,NULL,NULL,2501,NULL,NULL),(64,'Strain#',NULL,1,1,1,1,1,1,1,NULL,NULL,NULL,NULL,2606,NULL,NULL),(65,'HBV',NULL,1,1,1,1,1,1,1,NULL,NULL,NULL,NULL,2473,NULL,NULL),(66,'HCV',NULL,1,1,1,1,1,1,1,NULL,NULL,NULL,NULL,2474,NULL,NULL),(67,'VR-260',NULL,1,1,1,1,1,1,1,NULL,NULL,NULL,NULL,2475,NULL,NULL),(68,'VR-734',NULL,1,1,1,1,1,1,1,NULL,NULL,NULL,NULL,2476,NULL,NULL),(69,'VR-740',NULL,1,1,1,1,1,1,1,NULL,NULL,NULL,NULL,2472,NULL,NULL),(70,'AIDS#',NULL,1,1,1,1,1,1,1,NULL,NULL,NULL,NULL,2477,NULL,NULL),(71,'HIV-1',NULL,1,1,1,1,2,1,1,NULL,NULL,NULL,NULL,2477,NULL,NULL),(72,'IBR',NULL,1,1,1,1,1,1,1,NULL,NULL,NULL,NULL,2490,NULL,NULL),(73,'VR-188',NULL,1,1,1,1,2,1,1,NULL,NULL,NULL,NULL,2490,NULL,NULL),(74,'H1N1',NULL,1,1,1,1,1,1,1,NULL,NULL,NULL,NULL,2478,NULL,NULL),(75,'VR-1469',NULL,1,1,1,1,2,1,1,NULL,NULL,NULL,NULL,2478,NULL,NULL),(76,'VR-544',NULL,1,1,1,1,1,1,1,NULL,NULL,NULL,NULL,2479,NULL,NULL),(77,'VR-100',NULL,1,1,1,1,1,1,1,NULL,NULL,NULL,NULL,2480,NULL,NULL),(78,'ATCC#',NULL,1,1,1,1,1,1,1,NULL,NULL,NULL,NULL,2453,NULL,NULL),(79,'ATCC#',NULL,1,1,1,1,1,1,1,NULL,NULL,NULL,NULL,2497,NULL,NULL),(80,'ATCC#',NULL,1,1,1,1,1,1,1,NULL,NULL,NULL,NULL,2454,NULL,NULL),(81,'VR-109',NULL,1,1,1,1,1,1,1,NULL,NULL,NULL,NULL,2492,NULL,NULL),(82,'Norwalk-like#',NULL,1,1,1,1,1,1,1,NULL,NULL,NULL,NULL,2481,NULL,NULL),(83,'Feline#',NULL,1,1,1,1,2,1,1,NULL,NULL,NULL,NULL,2481,NULL,NULL),(84,'PRRSV',NULL,1,1,1,1,1,1,1,NULL,NULL,NULL,NULL,2493,NULL,NULL),(85,'VR-893',NULL,1,1,1,1,1,1,1,NULL,NULL,NULL,NULL,2494,NULL,NULL),(86,'ATCC#',NULL,1,1,1,1,1,1,1,NULL,NULL,NULL,NULL,2455,NULL,NULL),(87,'VR-135',NULL,1,1,1,1,1,1,1,NULL,NULL,NULL,NULL,2495,NULL,NULL),(88,'ATCC#',NULL,1,1,1,1,1,1,1,NULL,NULL,NULL,NULL,2456,NULL,NULL),(89,'ATCC#',NULL,1,1,1,1,1,1,1,NULL,NULL,NULL,NULL,2461,NULL,NULL),(90,'ATCC#',NULL,1,1,1,1,1,1,1,NULL,NULL,NULL,NULL,2458,NULL,NULL),(91,'ATCC#',NULL,1,1,1,1,1,1,1,NULL,NULL,NULL,NULL,2459,NULL,NULL),(92,'ATCC#',NULL,1,1,1,1,1,1,1,NULL,NULL,NULL,NULL,2460,NULL,NULL),(93,'ATCC#',NULL,1,1,1,1,1,1,1,NULL,NULL,NULL,NULL,2462,NULL,NULL),(94,'ATCC#',NULL,1,1,1,1,1,1,1,NULL,NULL,NULL,NULL,2512,NULL,NULL),(95,'ATCC#',NULL,1,1,1,1,1,1,1,NULL,NULL,NULL,NULL,2513,NULL,NULL),(96,'ATCC#',NULL,1,1,1,1,1,1,1,NULL,NULL,NULL,NULL,2463,NULL,NULL),(97,'ATCC#',NULL,1,1,1,1,1,1,1,NULL,NULL,NULL,NULL,2515,NULL,NULL),(98,'ATCC#',NULL,1,1,1,1,1,1,1,NULL,NULL,NULL,NULL,2516,NULL,NULL),(99,'ATCC#',NULL,1,1,1,1,1,1,1,NULL,NULL,NULL,NULL,2464,NULL,NULL),(100,'ATCC#',NULL,1,1,1,1,1,1,1,NULL,NULL,NULL,NULL,2607,NULL,NULL),(101,'Community#',NULL,1,1,1,1,1,1,1,NULL,NULL,NULL,NULL,2468,NULL,NULL),(102,'CA#',NULL,1,1,1,1,2,1,1,NULL,NULL,NULL,NULL,2468,NULL,NULL),(103,'Methicillin#',NULL,1,1,1,1,1,1,1,NULL,NULL,NULL,NULL,2466,NULL,NULL),(104,'MRSA',NULL,1,1,1,1,2,1,1,NULL,NULL,NULL,NULL,2466,NULL,NULL),(105,'ATCC#',NULL,1,1,1,1,1,1,1,NULL,NULL,NULL,NULL,2518,NULL,NULL),(106,'MRSA',NULL,1,1,1,1,1,1,1,NULL,NULL,NULL,NULL,2608,NULL,NULL),(107,'ATCC#',NULL,1,1,1,1,2,1,1,NULL,NULL,NULL,NULL,2608,NULL,NULL),(108,'ATCC#',NULL,1,1,1,1,1,1,1,NULL,NULL,NULL,NULL,2469,NULL,NULL),(109,'ATCC#',NULL,1,1,1,1,1,1,1,NULL,NULL,NULL,NULL,2519,NULL,NULL),(110,'TGE',NULL,1,1,1,1,1,1,1,NULL,NULL,NULL,NULL,2496,NULL,NULL),(111,'Smallpox#',NULL,1,1,1,1,1,1,1,NULL,NULL,NULL,NULL,2482,NULL,NULL),(112,'VR-119',NULL,1,1,1,1,2,1,1,NULL,NULL,NULL,NULL,2482,NULL,NULL),(113,'ATCC#',NULL,1,1,1,1,1,1,1,NULL,NULL,NULL,NULL,2520,NULL,NULL),(114,'Strain#',NULL,1,1,1,1,3,1,1,NULL,NULL,NULL,NULL,2478,NULL,NULL),(115,'VR-782',NULL,1,1,1,1,3,1,1,NULL,NULL,NULL,NULL,2481,NULL,NULL),(116,'Non-Medical Facilities','A',1,1,1,1,2,1,1,133,NULL,NULL,NULL,NULL,NULL,NULL),(117,'260 ppm','A',1,1,1,1,1,1,1,133,NULL,NULL,NULL,NULL,NULL,NULL),(118,'450 ppm','A',1,1,1,1,1,1,1,135,NULL,NULL,NULL,NULL,NULL,NULL),(119,'450 ppm','A',1,1,1,1,1,1,1,136,NULL,NULL,NULL,NULL,NULL,NULL),(120,'450 ppm','A',1,1,1,1,1,1,1,137,NULL,NULL,NULL,NULL,NULL,NULL),(121,'150 ppm','A',1,1,1,1,1,1,1,138,NULL,NULL,NULL,NULL,NULL,NULL),(122,'200 ppm','A',1,1,1,1,1,1,1,139,NULL,NULL,NULL,NULL,NULL,NULL),(123,'150 ppm','A',1,1,1,1,1,1,1,140,NULL,NULL,NULL,NULL,NULL,NULL),(124,'400 ppm','A',1,1,1,1,1,1,1,141,NULL,NULL,NULL,NULL,NULL,NULL),(125,'MRSA','A',1,1,1,1,2,1,1,NULL,NULL,NULL,NULL,2518,NULL,NULL),(126,'{{Surface}}','R',1,1,1,1,1,1,1,291,NULL,NULL,NULL,NULL,NULL,NULL),(127,'cage_accessories','A',1,1,1,1,1,1,1,295,NULL,NULL,NULL,NULL,NULL,NULL),(128,'medical_facility','R',1,1,1,1,1,1,1,300,NULL,NULL,NULL,NULL,NULL,NULL),(129,'no_rinse','O',1,1,1,1,1,1,1,300,NULL,NULL,NULL,NULL,NULL,NULL),(130,'protective_equipment','A',1,1,1,1,1,1,1,303,NULL,NULL,NULL,NULL,NULL,NULL),(131,'DisinfectionList','A',1,1,1,1,1,1,1,331,NULL,NULL,NULL,NULL,NULL,NULL),(132,'GermList','A',1,1,1,1,1,1,1,331,NULL,NULL,NULL,NULL,NULL,NULL),(133,'BacteriaGermList','A',1,1,1,1,1,1,1,331,NULL,NULL,NULL,NULL,NULL,NULL),(134,'BacteriaList','A',1,1,1,1,1,1,1,331,NULL,NULL,NULL,NULL,NULL,NULL),(135,'Diapers','A',1,1,1,1,1,1,1,375,NULL,NULL,NULL,NULL,NULL,NULL),(136,'CommercialLinens','A',1,1,1,1,1,1,1,375,NULL,NULL,NULL,NULL,NULL,NULL),(137,'AthleticClothing','A',1,1,1,1,1,1,1,375,NULL,NULL,NULL,NULL,NULL,NULL),(138,'HouseholdLinens','A',1,1,1,1,1,1,1,375,NULL,NULL,NULL,NULL,NULL,NULL),(139,'InstitutionalLinens','A',1,1,1,1,1,1,1,375,NULL,NULL,NULL,NULL,NULL,NULL),(140,'EquivalentDilution','A',1,1,1,1,1,1,1,NULL,315,NULL,NULL,NULL,NULL,NULL),(145,'DISINFECTANT_ADJECTIVE','R',1,1,1,1,1,1,1,NULL,NULL,57,NULL,NULL,NULL,NULL),(146,'DISINFECTANT_TYPE','A',1,1,2,1,1,1,1,NULL,NULL,57,NULL,NULL,NULL,NULL),(148,'HIV-1','A',1,1,1,1,1,1,1,NULL,319,NULL,NULL,NULL,NULL,NULL),(149,'HBV','A',1,1,1,1,1,1,3,NULL,319,NULL,NULL,NULL,NULL,NULL),(150,'HCV','A',1,1,1,1,1,1,4,NULL,319,NULL,NULL,NULL,NULL,NULL),(151,'CleaningEquipment','A',1,1,1,1,1,1,1,NULL,315,NULL,NULL,NULL,NULL,NULL),(152,'Immersion','A',1,1,1,1,1,1,1,NULL,315,NULL,NULL,NULL,NULL,NULL),(153,'AutoScrubber','A',1,1,1,1,1,1,1,NULL,315,NULL,NULL,NULL,NULL,NULL),(154,'Dry','O',1,1,1,1,1,1,1,NULL,317,NULL,NULL,NULL,NULL,NULL),(155,'Rinsing','A',1,1,1,1,1,1,1,NULL,317,NULL,NULL,NULL,NULL,NULL),(156,'Pump','A',1,1,1,1,1,1,1,NULL,315,NULL,NULL,NULL,NULL,NULL),(157,'SprayDevices','A',1,1,1,1,1,1,1,NULL,315,NULL,NULL,NULL,NULL,NULL),(158,'HandPump','A',1,1,1,1,1,1,1,NULL,315,NULL,NULL,NULL,NULL,NULL),(159,'AIDS','A',1,1,1,1,1,1,2,NULL,319,NULL,NULL,NULL,NULL,NULL),(160,'ProtectiveWearOrBarrier','R',1,1,1,1,1,1,1,NULL,321,NULL,NULL,NULL,NULL,NULL),(161,'HIV-1','A',1,1,1,1,1,1,1,NULL,322,NULL,NULL,NULL,NULL,NULL),(162,'ThisDisinfectant','R',1,1,1,1,1,1,1,NULL,322,NULL,NULL,NULL,NULL,NULL),(163,'AddMix','R',1,1,1,1,1,1,1,NULL,NULL,60,NULL,NULL,NULL,NULL),(164,'EquivalentDilution','A',1,1,2,1,1,1,1,NULL,NULL,60,NULL,NULL,NULL,NULL),(165,'450PPM','A',1,1,3,1,1,1,1,NULL,NULL,60,NULL,NULL,NULL,NULL),(166,'d','A',1,1,1,1,1,1,1,469,NULL,NULL,NULL,NULL,NULL,NULL),(167,'##','X',1,1,1,1,1,1,1,474,NULL,NULL,NULL,NULL,NULL,NULL),(168,'Size','X',1,1,1,1,1,1,1,474,NULL,NULL,NULL,NULL,NULL,NULL),(169,'ContainerBottle','R',1,1,1,1,1,1,1,475,NULL,NULL,NULL,NULL,NULL,NULL),(170,'AtLeast','A',1,1,1,1,1,1,1,475,NULL,NULL,NULL,NULL,NULL,NULL),(171,'##','X',1,1,1,1,1,1,1,475,NULL,NULL,NULL,NULL,NULL,NULL),(172,'Harsh','R',1,1,1,1,1,1,1,401,NULL,NULL,NULL,NULL,NULL,NULL),(173,'NonScratch','A',1,1,1,1,1,1,1,401,NULL,NULL,NULL,NULL,NULL,NULL),(174,'WetMisting','A',1,1,1,1,1,1,1,399,NULL,NULL,NULL,NULL,NULL,NULL),(175,'AutomatedDilution','R',1,1,1,1,1,1,1,417,NULL,NULL,NULL,NULL,NULL,NULL),(176,'HarmScratch','R',1,1,1,1,1,1,1,422,NULL,NULL,NULL,NULL,NULL,NULL),(177,'3oz','X',1,1,1,1,1,1,1,NULL,NULL,62,NULL,NULL,NULL,NULL),(178,'EquivalentUse','A',1,1,2,1,1,1,1,NULL,NULL,62,NULL,NULL,NULL,NULL),(179,'ManufacturersDirections','A',1,1,3,1,1,1,1,NULL,NULL,62,NULL,NULL,NULL,NULL),(180,'RemoveBuildups','A',1,1,1,1,1,1,1,NULL,NULL,63,NULL,NULL,NULL,NULL),(181,'3oz','X',1,1,2,1,1,1,1,NULL,NULL,63,NULL,NULL,NULL,NULL),(182,'450PPM','A',1,1,3,1,1,1,1,NULL,NULL,63,NULL,NULL,NULL,NULL),(183,'EquivalentUse','A',1,1,4,1,1,1,1,NULL,NULL,63,NULL,NULL,NULL,NULL),(184,'450PPM','A',1,1,3,1,1,1,1,NULL,NULL,64,NULL,NULL,NULL,NULL),(185,'EquivalentDilution','A',1,1,2,1,1,1,1,NULL,NULL,64,NULL,NULL,NULL,NULL),(186,'Immersion','A',1,1,4,1,1,1,1,NULL,NULL,64,NULL,NULL,NULL,NULL),(187,'AutoScrubber','A',1,1,5,1,1,1,1,NULL,NULL,64,NULL,NULL,NULL,NULL),(188,'CleaningEquipment','A',1,1,6,1,1,1,1,NULL,NULL,64,NULL,NULL,NULL,NULL),(189,'HandPump','A',1,1,8,1,1,1,1,NULL,NULL,64,NULL,NULL,NULL,NULL),(190,'Pump','A',1,1,9,1,1,1,1,NULL,NULL,64,NULL,NULL,NULL,NULL),(191,'SprayDevices','A',1,1,7,1,1,1,1,NULL,NULL,64,NULL,NULL,NULL,NULL),(192,'Respirators','A',1,1,1,1,1,1,1,NULL,NULL,64,NULL,NULL,NULL,NULL),(193,'KILL','A',1,1,1,1,1,1,1,NULL,NULL,65,NULL,NULL,NULL,NULL),(194,'ATCC10708','A',1,1,2,1,1,1,1,NULL,NULL,65,NULL,NULL,NULL,NULL),(195,'ATCC6538','A',1,1,3,1,1,1,1,NULL,NULL,65,NULL,NULL,NULL,NULL),(196,'260PPM','A',1,1,1,1,1,1,1,NULL,326,NULL,NULL,NULL,NULL,NULL),(197,'EquivalentDilution','A',1,1,1,1,1,1,1,NULL,326,NULL,NULL,NULL,NULL,NULL),(198,'SprayDevices',NULL,NULL,NULL,NULL,NULL,NULL,NULL,6,NULL,326,NULL,NULL,NULL,NULL,NULL),(199,'Immersion',NULL,NULL,NULL,NULL,NULL,NULL,NULL,3,NULL,326,NULL,NULL,NULL,NULL,NULL),(200,'AutoScrubber','A',NULL,NULL,NULL,NULL,NULL,NULL,4,NULL,326,NULL,NULL,NULL,NULL,NULL),(201,'CleaningEquipment','A',NULL,NULL,NULL,NULL,NULL,NULL,5,NULL,326,NULL,NULL,NULL,NULL,NULL),(202,'Pump','A',NULL,NULL,NULL,NULL,NULL,NULL,7,NULL,326,NULL,NULL,NULL,NULL,NULL),(203,'HandPump','A',NULL,NULL,NULL,NULL,NULL,NULL,8,NULL,326,NULL,NULL,NULL,NULL,NULL),(204,'WipeOrAirDry','X',NULL,NULL,NULL,NULL,NULL,NULL,1,NULL,328,NULL,NULL,NULL,NULL,NULL),(205,'WipeDry','R',NULL,NULL,NULL,NULL,NULL,NULL,2,NULL,328,NULL,NULL,NULL,NULL,NULL),(206,'EquivalentDilution','A',NULL,NULL,NULL,NULL,NULL,NULL,1,NULL,331,NULL,NULL,NULL,NULL,NULL),(207,'CleaningEquipment','A',NULL,NULL,NULL,NULL,NULL,NULL,4,NULL,331,NULL,NULL,NULL,NULL,NULL),(208,'Immersion','A',NULL,NULL,NULL,NULL,NULL,NULL,2,NULL,331,NULL,NULL,NULL,NULL,NULL),(209,'AutoScrubber','A',NULL,NULL,NULL,NULL,NULL,NULL,3,NULL,331,NULL,NULL,NULL,NULL,NULL),(210,'SprayDevices','A',NULL,NULL,NULL,NULL,NULL,NULL,5,NULL,331,NULL,NULL,NULL,NULL,NULL),(211,'Pump','A',NULL,NULL,NULL,NULL,NULL,NULL,7,NULL,331,NULL,NULL,NULL,NULL,NULL),(212,'HandPump','A',NULL,NULL,NULL,NULL,NULL,NULL,6,NULL,331,NULL,NULL,NULL,NULL,NULL),(213,'WipeDry','A',NULL,NULL,NULL,NULL,NULL,NULL,2,NULL,333,NULL,NULL,NULL,NULL,NULL),(214,'WipeOrAirDry','X',NULL,NULL,NULL,NULL,NULL,NULL,1,NULL,333,NULL,NULL,NULL,NULL,NULL),(215,'Rinsing','A',NULL,NULL,NULL,NULL,NULL,NULL,3,NULL,333,NULL,NULL,NULL,NULL,NULL),(216,'TobaccoEquipment','A',NULL,NULL,NULL,NULL,NULL,NULL,NULL,NULL,NULL,66,NULL,NULL,NULL,NULL),(217,'FoodContactSurfaces','A',NULL,NULL,NULL,NULL,NULL,NULL,NULL,NULL,335,NULL,NULL,NULL,NULL,NULL),(218,'0.19OzPerGal','A',NULL,NULL,NULL,NULL,NULL,NULL,1,NULL,336,NULL,NULL,NULL,NULL,NULL),(219,'150PPM','A',NULL,NULL,NULL,NULL,NULL,NULL,2,NULL,336,NULL,NULL,NULL,NULL,NULL),(220,'EquivalentUseDilution','A',NULL,NULL,NULL,NULL,NULL,NULL,3,NULL,336,NULL,NULL,NULL,NULL,NULL),(221,'0.19OzPerGal','A',NULL,NULL,NULL,NULL,NULL,NULL,1,NULL,338,NULL,NULL,NULL,NULL,NULL),(222,'150PPM','A',NULL,NULL,NULL,NULL,NULL,NULL,2,NULL,338,NULL,NULL,NULL,NULL,NULL),(223,'EquivalentDilution','A',NULL,NULL,NULL,NULL,NULL,NULL,3,NULL,338,NULL,NULL,NULL,NULL,NULL),(224,'BeforeUsing','A',NULL,NULL,1,NULL,NULL,NULL,NULL,NULL,NULL,53,NULL,NULL,NULL,NULL),(225,'FederallyInspected','A',NULL,NULL,2,NULL,NULL,NULL,NULL,NULL,NULL,53,NULL,NULL,NULL,NULL),(226,'FederallyInspected','A',NULL,NULL,NULL,NULL,NULL,NULL,NULL,NULL,305,NULL,NULL,NULL,NULL,NULL),(227,'DILUTION_TABLE','A',NULL,NULL,2,NULL,NULL,NULL,NULL,NULL,NULL,57,NULL,NULL,NULL,NULL),(228,'SealedFiberglass','A',NULL,NULL,2,NULL,NULL,NULL,NULL,NULL,NULL,63,NULL,NULL,NULL,NULL),(229,'FoodContactSurfaces','A',NULL,NULL,NULL,NULL,NULL,NULL,NULL,NULL,NULL,67,NULL,NULL,NULL,NULL),(230,'0.25OzPerGal','A',NULL,NULL,NULL,NULL,NULL,NULL,1,NULL,339,NULL,NULL,NULL,NULL,NULL),(231,'200PPM','A',NULL,NULL,NULL,NULL,NULL,NULL,2,NULL,339,NULL,NULL,NULL,NULL,NULL),(232,'EquivalentDilution','A',NULL,NULL,NULL,NULL,NULL,NULL,3,NULL,339,NULL,NULL,NULL,NULL,NULL),(233,'0.375OzPerGal','A',NULL,NULL,NULL,NULL,NULL,NULL,1,NULL,340,NULL,NULL,NULL,NULL,NULL),(234,'300PPM','A',NULL,NULL,NULL,NULL,NULL,NULL,2,NULL,340,NULL,NULL,NULL,NULL,NULL),(235,'EquivalentDilution','A',NULL,NULL,NULL,NULL,NULL,NULL,3,NULL,340,NULL,NULL,NULL,NULL,NULL),(236,'0.5OzPerGal','A',NULL,NULL,NULL,NULL,NULL,NULL,1,NULL,341,NULL,NULL,NULL,NULL,NULL),(237,'400PPM','A',NULL,NULL,NULL,NULL,NULL,NULL,2,NULL,341,NULL,NULL,NULL,NULL,NULL),(238,'EquivalentDilution','A',NULL,NULL,NULL,NULL,NULL,NULL,3,NULL,341,NULL,NULL,NULL,NULL,NULL),(239,'0.19-0.25OzPerGal','A',NULL,NULL,NULL,NULL,NULL,NULL,1,NULL,342,NULL,NULL,NULL,NULL,NULL),(240,'150-200PPM','A',NULL,NULL,NULL,NULL,NULL,NULL,2,NULL,342,NULL,NULL,NULL,NULL,NULL),(241,'EquivalentDilution','A',NULL,NULL,NULL,NULL,NULL,NULL,3,NULL,342,NULL,NULL,NULL,NULL,NULL),(242,'0.19-0.5OzPerGal','A',NULL,NULL,NULL,NULL,NULL,NULL,1,NULL,343,NULL,NULL,NULL,NULL,NULL),(243,'150-400PPM','A',NULL,NULL,NULL,NULL,NULL,NULL,2,NULL,343,NULL,NULL,NULL,NULL,NULL),(244,'EquivalentDilution','A',NULL,NULL,NULL,NULL,NULL,NULL,3,NULL,343,NULL,NULL,NULL,NULL,NULL),(245,'0.25-0.5OzPerGal','A',NULL,NULL,NULL,NULL,NULL,NULL,1,NULL,344,NULL,NULL,NULL,NULL,NULL),(246,'200-400PPM','A',NULL,NULL,NULL,NULL,NULL,NULL,2,NULL,344,NULL,NULL,NULL,NULL,NULL),(247,'EquivalentDilution','A',NULL,NULL,NULL,NULL,NULL,NULL,3,NULL,344,NULL,NULL,NULL,NULL,NULL),(251,'FoodContactSurfaces','X',NULL,NULL,1,NULL,NULL,NULL,NULL,NULL,NULL,68,NULL,NULL,NULL,NULL),(252,'And','A',NULL,NULL,2,NULL,NULL,NULL,NULL,NULL,NULL,68,NULL,NULL,NULL,NULL),(253,'OtherHardSurfaces',NULL,NULL,NULL,3,NULL,NULL,NULL,NULL,NULL,NULL,68,NULL,NULL,NULL,NULL),(254,'FoodProcessing','A',NULL,NULL,4,NULL,NULL,NULL,NULL,NULL,NULL,68,NULL,NULL,NULL,NULL),(255,'Regulated','A',NULL,NULL,5,NULL,NULL,NULL,NULL,NULL,NULL,68,NULL,NULL,NULL,NULL),(256,'Public','A',NULL,NULL,10,NULL,NULL,NULL,NULL,NULL,NULL,68,NULL,NULL,NULL,NULL),(257,'Bars','A',NULL,NULL,2,NULL,NULL,NULL,NULL,NULL,NULL,68,NULL,NULL,NULL,NULL),(258,'ThreeCompartmentSink','A',NULL,NULL,3,NULL,NULL,NULL,NULL,NULL,NULL,68,NULL,NULL,NULL,NULL),(259,'Restaurants','A',NULL,NULL,4,NULL,NULL,NULL,NULL,NULL,NULL,68,NULL,NULL,NULL,NULL),(260,'Dairies','A',NULL,NULL,5,NULL,NULL,NULL,NULL,NULL,NULL,68,NULL,NULL,NULL,NULL),(261,'EquivalentDilution','A',NULL,NULL,NULL,NULL,NULL,NULL,1,NULL,345,NULL,NULL,NULL,NULL,NULL),(262,'AirDry','A',NULL,NULL,NULL,NULL,NULL,NULL,2,NULL,345,NULL,NULL,NULL,NULL,NULL),(263,'NoResidueRemains','A',NULL,NULL,NULL,NULL,NULL,NULL,3,NULL,345,NULL,NULL,NULL,NULL,NULL),(264,'EquivalentDilution','A',NULL,NULL,NULL,NULL,NULL,NULL,1,NULL,346,NULL,NULL,NULL,NULL,NULL),(265,'CleaningEquipment','A',NULL,NULL,NULL,NULL,NULL,NULL,2,NULL,346,NULL,NULL,NULL,NULL,NULL),(266,'HandPump','A',NULL,NULL,NULL,NULL,NULL,NULL,5,NULL,346,NULL,NULL,NULL,NULL,NULL),(267,'Pump','A',NULL,NULL,NULL,NULL,NULL,NULL,4,NULL,346,NULL,NULL,NULL,NULL,NULL),(268,'SprayDevices','A',NULL,NULL,NULL,NULL,NULL,NULL,3,NULL,346,NULL,NULL,NULL,NULL,NULL),(269,'AirDry','A',NULL,NULL,NULL,NULL,NULL,NULL,6,NULL,346,NULL,NULL,NULL,NULL,NULL),(270,'NoResidueRemains','A',NULL,NULL,NULL,NULL,NULL,NULL,7,NULL,346,NULL,NULL,NULL,NULL,NULL),(271,'OtherPurposes','A',NULL,NULL,NULL,NULL,NULL,NULL,NULL,NULL,348,NULL,NULL,NULL,NULL,NULL),(272,'AdequatelyDrain','A',NULL,NULL,NULL,NULL,NULL,NULL,1,NULL,352,NULL,NULL,NULL,NULL,NULL),(273,'AirDry','A',NULL,NULL,NULL,NULL,NULL,NULL,2,NULL,352,NULL,NULL,NULL,NULL,NULL),(274,'EquivalentDilution','A',NULL,NULL,NULL,NULL,NULL,NULL,1,NULL,350,NULL,NULL,NULL,NULL,NULL),(275,'#AppropriateDilution','A',NULL,NULL,NULL,NULL,NULL,NULL,2,NULL,350,NULL,NULL,NULL,NULL,NULL),(276,'EquivalentDilution','A',NULL,NULL,NULL,NULL,NULL,NULL,1,NULL,351,NULL,NULL,NULL,NULL,NULL),(277,'#AppropriateDilution','A',NULL,NULL,NULL,NULL,NULL,NULL,2,NULL,351,NULL,NULL,NULL,NULL,NULL),(278,'WisconsinHealth','A',NULL,NULL,NULL,NULL,NULL,NULL,NULL,NULL,NULL,70,NULL,NULL,NULL,NULL),(279,'EquivalentDilution','A',NULL,NULL,NULL,NULL,NULL,NULL,1,NULL,357,NULL,NULL,NULL,NULL,NULL),(280,'#AppropriateDilution','A',NULL,NULL,NULL,NULL,NULL,NULL,2,NULL,357,NULL,NULL,NULL,NULL,NULL),(281,'PotableWaterRinse','A',NULL,NULL,NULL,NULL,NULL,NULL,NULL,NULL,360,NULL,NULL,NULL,NULL,NULL),(282,'EquivalentDilution','A',NULL,NULL,NULL,NULL,NULL,NULL,1,NULL,363,NULL,NULL,NULL,NULL,NULL),(283,'150400PPM','A',NULL,NULL,NULL,NULL,NULL,NULL,2,NULL,363,NULL,NULL,NULL,NULL,NULL),(284,'For','A',NULL,NULL,1,NULL,NULL,NULL,NULL,NULL,NULL,72,NULL,NULL,NULL,NULL),(285,'Dairy','A',NULL,NULL,2,NULL,NULL,NULL,NULL,NULL,NULL,72,NULL,NULL,NULL,NULL),(287,'DairyFarm','A',NULL,NULL,2,NULL,NULL,NULL,NULL,NULL,NULL,72,NULL,NULL,NULL,NULL),(288,'Circulation','A',NULL,NULL,1,NULL,NULL,NULL,NULL,NULL,NULL,71,NULL,NULL,NULL,NULL),(289,'FoodProcessing','A',NULL,NULL,2,NULL,NULL,NULL,NULL,NULL,NULL,71,NULL,NULL,NULL,NULL),(290,'And','A',NULL,NULL,4,NULL,NULL,NULL,NULL,NULL,NULL,72,NULL,NULL,NULL,NULL),(291,'FoodProcessing','A',NULL,NULL,5,NULL,NULL,NULL,NULL,NULL,NULL,72,NULL,NULL,NULL,NULL),(292,'Refrigerated','A',NULL,NULL,NULL,NULL,NULL,NULL,NULL,NULL,NULL,73,NULL,NULL,NULL,NULL),(293,'NonPorousSurfaces','A',NULL,NULL,2,NULL,NULL,NULL,NULL,NULL,NULL,73,NULL,NULL,NULL,NULL),(294,'FoodProcessingEquipment','A',NULL,NULL,3,NULL,NULL,NULL,NULL,NULL,NULL,73,NULL,NULL,NULL,NULL),(295,'DairyEquipment','A',NULL,NULL,4,NULL,NULL,NULL,NULL,NULL,NULL,73,NULL,NULL,NULL,NULL),(296,'RefrigeratedStorageDisplayEquipment','A',NULL,NULL,5,NULL,NULL,NULL,NULL,NULL,NULL,73,NULL,NULL,NULL,NULL),(297,'And','A',NULL,NULL,6,NULL,NULL,NULL,NULL,NULL,NULL,73,NULL,NULL,NULL,NULL),(298,'Other','A',NULL,NULL,7,NULL,NULL,NULL,NULL,NULL,NULL,73,NULL,NULL,NULL,NULL),(299,'EquivalentDilution','A',NULL,NULL,NULL,NULL,NULL,NULL,1,NULL,367,NULL,NULL,NULL,NULL,NULL),(300,'CoarsePumpTriggerSprayDevice','A',NULL,NULL,NULL,NULL,NULL,NULL,2,NULL,367,NULL,NULL,NULL,NULL,NULL),(301,'Drain','X',NULL,NULL,NULL,NULL,NULL,NULL,NULL,NULL,368,NULL,NULL,NULL,NULL,NULL),(302,'ICEMACHINES','A',NULL,NULL,2,NULL,NULL,NULL,NULL,NULL,NULL,74,NULL,NULL,NULL,NULL),(303,'WATERCOOLERS','A',NULL,NULL,2,NULL,NULL,NULL,NULL,NULL,NULL,74,NULL,NULL,NULL,NULL),(304,'WATERHOLDINGTANKS','A',NULL,NULL,3,NULL,NULL,NULL,NULL,NULL,NULL,74,NULL,NULL,NULL,NULL),(305,'And','A',NULL,NULL,5,NULL,NULL,NULL,NULL,NULL,NULL,74,NULL,NULL,NULL,NULL),(306,'PRESSURETANKS','A',NULL,NULL,5,NULL,NULL,NULL,NULL,NULL,NULL,74,NULL,NULL,NULL,NULL),(307,'InteriorNonPorousSurfaces','X',NULL,NULL,1,NULL,NULL,NULL,NULL,NULL,NULL,74,NULL,NULL,NULL,NULL),(308,'EquivalentDilution','A',NULL,NULL,NULL,NULL,NULL,NULL,NULL,NULL,372,NULL,NULL,NULL,NULL,NULL),(309,'AirDry','A',NULL,NULL,NULL,NULL,NULL,NULL,NULL,NULL,373,NULL,NULL,NULL,NULL,NULL),(310,'Tanks','R',NULL,NULL,1,NULL,NULL,NULL,NULL,NULL,NULL,75,NULL,NULL,NULL,NULL),(311,'WaterCoolers','A',NULL,NULL,2,NULL,NULL,NULL,NULL,NULL,NULL,75,NULL,NULL,NULL,NULL),(312,'WaterHoldingTanks','A',NULL,NULL,3,NULL,NULL,NULL,NULL,NULL,NULL,75,NULL,NULL,NULL,NULL),(313,'And','A',NULL,NULL,4,NULL,NULL,NULL,NULL,NULL,NULL,75,NULL,NULL,NULL,NULL),(314,'PressureTanks','A',NULL,NULL,5,NULL,NULL,NULL,NULL,NULL,NULL,75,NULL,NULL,NULL,NULL),(315,'#AppropriateDilution','X',NULL,NULL,NULL,NULL,NULL,NULL,1,NULL,376,NULL,NULL,NULL,NULL,NULL),(316,'EquivalentDilution','A',NULL,NULL,NULL,NULL,NULL,NULL,2,NULL,376,NULL,NULL,NULL,NULL,NULL),(317,'BrineTank','A',NULL,NULL,NULL,NULL,NULL,NULL,3,NULL,376,NULL,NULL,NULL,NULL,NULL),(318,'Note','A',NULL,NULL,NULL,NULL,NULL,NULL,4,NULL,376,NULL,NULL,NULL,NULL,NULL),(319,'EquivalentDilution','A',NULL,NULL,NULL,NULL,NULL,NULL,1,NULL,381,NULL,NULL,NULL,NULL,NULL),(320,'Note','A',NULL,NULL,NULL,NULL,NULL,NULL,2,NULL,381,NULL,NULL,NULL,NULL,NULL),(321,'ProportionedExteriorApplication','X',NULL,NULL,1,NULL,NULL,NULL,NULL,NULL,NULL,77,NULL,NULL,NULL,NULL),(322,'ProportionedIntoFinalRinse','A',NULL,NULL,2,NULL,NULL,NULL,NULL,NULL,NULL,77,NULL,NULL,NULL,NULL),(323,'ExteriorApplication','A',NULL,NULL,3,NULL,NULL,NULL,NULL,NULL,NULL,77,NULL,NULL,NULL,NULL),(324,'#AppropriateDilution','X',NULL,NULL,4,NULL,NULL,NULL,NULL,NULL,NULL,77,NULL,NULL,NULL,NULL),(325,'EquivalentDilution','A',NULL,NULL,5,NULL,NULL,NULL,NULL,NULL,NULL,77,NULL,NULL,NULL,NULL),(326,'AirDry','A',NULL,NULL,6,NULL,NULL,NULL,NULL,NULL,NULL,77,NULL,NULL,NULL,NULL),(327,'BeerFermentation','A',NULL,NULL,1,NULL,NULL,NULL,NULL,NULL,NULL,78,NULL,NULL,NULL,NULL),(328,'EquivalentDilution','A',NULL,NULL,2,NULL,NULL,NULL,NULL,NULL,NULL,78,NULL,NULL,NULL,NULL),(329,'ManufacturersDirections','A',NULL,NULL,3,NULL,NULL,NULL,NULL,NULL,NULL,78,NULL,NULL,NULL,NULL),(330,'FoodLiquid','R',NULL,NULL,4,NULL,NULL,NULL,NULL,NULL,NULL,78,NULL,NULL,NULL,NULL);
/*!40000 ALTER TABLE `m_inserttextkeyword` ENABLE KEYS */;
UNLOCK TABLES;

--
-- Table structure for table `m_marketingsection`
--

DROP TABLE IF EXISTS `m_marketingsection`;
/*!40101 SET @saved_cs_client     = @@character_set_client */;
/*!40101 SET character_set_client = utf8 */;
CREATE TABLE `m_marketingsection` (
  `ID` int(11) NOT NULL,
  `NAME` varchar(254) DEFAULT NULL,
  `TITLE` varchar(254) DEFAULT NULL,
  `REVIEWERNOTE` longtext,
  `SUBTITLE` longtext,
  `SUBREVIEWERNOTE` longtext,
  `EXCLUSIVESTATEMENTS` varchar(1) DEFAULT NULL,
  `DELETEDFLAG` varchar(1) DEFAULT NULL,
  `AUTOSEQ` int(11) DEFAULT NULL,
  `FK_ID_MASTERLABELCONTENT` int(11) NOT NULL,
  `FK_ID_M_MARKETINGSECTION` int(11) DEFAULT NULL,
  PRIMARY KEY (`ID`),
  KEY `MMARKETINGSECTIONFKIDMAST10392` (`FK_ID_MASTERLABELCONTENT`),
  KEY `MMARKETINGSECTIONFKIDMMAR10421` (`FK_ID_M_MARKETINGSECTION`)
) ENGINE=InnoDB DEFAULT CHARSET=utf8;
/*!40101 SET character_set_client = @saved_cs_client */;

--
-- Dumping data for table `m_marketingsection`
--

LOCK TABLES `m_marketingsection` WRITE;
/*!40000 ALTER TABLE `m_marketingsection` DISABLE KEYS */;
INSERT INTO `m_marketingsection` VALUES (33,'For Use Areas / Surfaces',NULL,NULL,NULL,NULL,NULL,NULL,2,10,28),(34,'Recommended Use','Recommended for use in:',NULL,NULL,NULL,NULL,NULL,5,10,29),(35,'Germicidal Detergent',NULL,NULL,NULL,NULL,NULL,NULL,1,10,32),(36,'Bactericidal Claims',NULL,NULL,NULL,NULL,NULL,NULL,6,10,30),(37,'For Use Areas Only','',NULL,NULL,NULL,NULL,NULL,3,10,NULL),(38,'Multi-Purpose Detergent',NULL,NULL,NULL,NULL,NULL,NULL,4,10,NULL),(39,'Fungicidal',NULL,NULL,NULL,NULL,NULL,NULL,7,10,NULL),(40,'Virucidal',NULL,NULL,NULL,NULL,NULL,NULL,8,10,NULL),(41,'optional marketing language','Marketing Title',NULL,NULL,NULL,NULL,NULL,NULL,11,NULL),(43,'DISINFECTION PERFORMANCE',NULL,NULL,NULL,NULL,NULL,NULL,NULL,16,NULL),(44,'LOCATIONS AND SURFACES','',NULL,NULL,NULL,NULL,NULL,2,16,NULL),(45,'DISINFECTION MARKETING CLAIMS','DISINFECTION MARKETING CLAIMS',NULL,NULL,NULL,NULL,NULL,3,16,NULL),(47,'ORGANISM LIST','ORGANISM LIST','The list of organisms can be formatted into paragraph form using a comma to separate organisms.',NULL,NULL,NULL,NULL,1,17,NULL),(48,'LOCATIONS/SURFACES','{LOCATIONS/SURFACES}','The locations/surfaces have been grouped for space purposes only; they can be used individually or grouped together in any order. In the case where one or more location/surface is chosen, an and & or may be used to link locations/surfaces.',NULL,NULL,NULL,NULL,2,17,NULL),(173,'Germicidal Detergent',NULL,NULL,NULL,NULL,NULL,NULL,1,34,35),(174,'For Use Areas / Surfaces',NULL,NULL,NULL,NULL,NULL,NULL,2,34,33),(175,'For Use Areas Only',NULL,NULL,NULL,NULL,NULL,NULL,3,34,37),(176,'Multi-Purpose Detergent',NULL,NULL,NULL,NULL,NULL,NULL,4,34,38),(177,'Recommended Use','Recommended for use in:',NULL,NULL,NULL,NULL,NULL,5,34,34),(178,'Bactericidal Claims',NULL,NULL,NULL,NULL,NULL,NULL,6,34,36),(179,'Fungicidal',NULL,NULL,NULL,NULL,NULL,NULL,7,34,39),(180,'Virucidal',NULL,NULL,NULL,NULL,NULL,NULL,8,34,40),(181,'DISINFECTION MARKETING CLAIMS','DISINFECTION MARKETING CLAIMS','The following marketing claims may be used with the prefix This product.',NULL,NULL,NULL,NULL,3,17,NULL),(182,'SANITIZATION MARKETING CLAIMS','SANITIZATION MARKETING CLAIMS','The following marketing claims may be used with the prefix This product.',NULL,NULL,NULL,NULL,4,17,NULL),(183,'HOUSEHOLD MARKETING CLAIMS','HOUSEHOLD MARKETING CLAIMS','The following marketing claims may be used with the prefix This product.',NULL,NULL,NULL,NULL,5,17,NULL),(184,'LAUNDRY MARKETING CLAIMS','LAUNDRY MARKETING CLAIMS','The following marketing claims may be used with the prefix This product.',NULL,NULL,NULL,NULL,6,17,NULL),(185,'WATER TREATMENT MARKETING CLAIMS','WATER TREATMENT MARKETING CLAIMS (Not for use in CA.)','The following marketing claims may be used with the prefix This product.',NULL,NULL,NULL,NULL,7,17,NULL),(186,'GENERAL MARKETING CLAIMS','GENERAL MARKETING CLAIMS','The following marketing claims may be used with the prefix This product or This product is {a} {an}.',NULL,NULL,NULL,NULL,8,17,NULL),(187,'CLEANING AND DEODORIZATION MARKETING CLAIMS','CLEANING AND DEODORIZATION MARKETING CLAIMS','The following marketing claims may be used with the prefix This product.',NULL,NULL,NULL,NULL,9,17,NULL),(188,'PACKAGING CLAIMS','PACKAGING CLAIMS',NULL,NULL,NULL,NULL,NULL,10,17,NULL);
/*!40000 ALTER TABLE `m_marketingsection` ENABLE KEYS */;
UNLOCK TABLES;

--
-- Table structure for table `m_marketingstatement`
--

DROP TABLE IF EXISTS `m_marketingstatement`;
/*!40101 SET @saved_cs_client     = @@character_set_client */;
/*!40101 SET character_set_client = utf8 */;
CREATE TABLE `m_marketingstatement` (
  `ID` int(11) NOT NULL,
  `TITLE` varchar(254) DEFAULT NULL,
  `z_TEXT` longtext,
  `REVIEWERNOTE` longtext,
  `EXCLUSIVESTATEMENTS` varchar(1) DEFAULT NULL,
  `DELETEDFLAG` varchar(1) DEFAULT NULL,
  `AUTOSEQ` int(11) DEFAULT NULL,
  `FK_ID_M_MARKETINGSECTION` int(11) NOT NULL,
  `FK_ID_M_MARKETINGSTATEMENT` int(11) DEFAULT NULL,
  PRIMARY KEY (`ID`),
  KEY `MMARKETINGSTATEMENTFKIDMM10337` (`FK_ID_M_MARKETINGSECTION`),
  KEY `MMARKETINGSTATEMENTFKIDMM10412` (`FK_ID_M_MARKETINGSTATEMENT`)
) ENGINE=InnoDB DEFAULT CHARSET=utf8;
/*!40101 SET character_set_client = @saved_cs_client */;

--
-- Dumping data for table `m_marketingstatement`
--

LOCK TABLES `m_marketingstatement` WRITE;
/*!40000 ALTER TABLE `m_marketingstatement` DISABLE KEYS */;
INSERT INTO `m_marketingstatement` VALUES (101,NULL,'For use in: {{Area Of Use}}. Disinfects, cleans, and deodorizes the following hard nonporous\r\ninanimate surfaces: {{Surface}}, etc.).',NULL,NULL,NULL,NULL,33,94),(102,NULL,'Federally inspected meat and poultry plants as a disinfectant agent for use in all departments. Food products and packaging materials must be removed from the room or carefully protected. Use product in accordance with its label. All surfaces must be thoroughly rinsed with potable water.',NULL,NULL,NULL,NULL,34,95),(103,NULL,'Germicidal Detergent and Deordorant',NULL,NULL,NULL,NULL,35,100),(104,NULL,'For use in {{Area Of Use}}.',NULL,NULL,NULL,NULL,37,NULL),(105,NULL,'Bactericidal against the following pathogenic bacteria according to the AOAC Use-Dilution Test method, current edition, modified in the presence of 400 ppm synthetic hard water (calculated as CaCO<sub>3</sub>) plus 5% organic serum:',NULL,NULL,NULL,NULL,36,NULL),(106,NULL,'A multi-purpose germicidal detergent and deodorant effective in hard waters up to 400 ppm hard water (calculated as CaCO<sub>3</sub>) plus 5 % organic serum. Disinfects, cleans, and deodorizes in one labor saving step.',NULL,NULL,NULL,NULL,38,NULL),(107,NULL,'Fungicidal against {{Claims}} albicans according to the AOAC fungicidal test, modified in the presense of 400 ppm hard water (calculated as CaCO<sub>3</sub>) plus 5% organic serum.',NULL,NULL,NULL,NULL,39,NULL),(108,NULL,'Virucidal against {{Claims}} according to the virucidal qualification, modified in the presence of 400 ppm hard water (calculated as CaCO3) plus 5 % organic serum.',NULL,NULL,NULL,NULL,40,NULL),(109,'optional marketing language','Concentrate (Concentrated)\r\nNeutral (Neutral pH)\r\nDisinfects (Disinfectant)\r\nCleans (Cleaner)\r\nDeodorizes (Deodorizer)\r\n\r\nA multi-purpose, neutral pH, germicidal detergent and deodorant effective in hard water up to 400 ppm (calculated as CaCO3) in the presence of a moderate amount of soil (5% organic serum) according to the AOAC Use-dilution Test.  Disinfects, cleans, and deodorizes in one labor-saving step.\r\n\r\nRecommended for use in hospitals, nursing homes, schools, colleges, commercial and industrial institutions, office buildings, veterinary clinics, animal life science laboratories, zoos, federally inspected meat and poultry plants, equine farms, tack shops, pet shops, airports, kennels, hotels, motels, poultry farms, turkey farms, dairy farms, hog farms, breeding establishments, grooming establishments, funeral homes, and households.  Use to clean and disinfect non-medical (i.e. industrial and fire-fighting) respirators in industrial, commercial and institutional premises.\r\n\r\nDisinfects, cleans, and deodorizes the following hard nonporous inanimate surfaces: floors, walls, (non-medical) metal surfaces, (non-medical) stainless steel surfaces, glazed porcelain, plastic surfaces (such as polypropylene, polystyrene, etc.).\r\n\r\nUse [on] [to clean and disinfect] nonporous athletic mats, wrestling mats, gymnastic mats, exercise equipment and training tables.\r\nUse [on] [to clean and disinfect] nonporous personal protective safety equipment, wrestling headgear, boxing headgear, protective headgear, athletic helmets, hard hats, half mask respirators, full face breathing apparatus, gas masks, goggles, spectacles, face shields, hearing protectors, and ear muffs.  Rinse all equipment that comes in prolonged contact with skin with warm water and allow to air dry before reuse.  [Caution: Cleaning at the recommended 120F. temperature will avoid overheating and distortion of the personal safety equipment that would necessitate replacement.]',NULL,NULL,NULL,NULL,41,NULL),(113,'DISINFECTION PERFORMANCE IN INSTITUTIONS ({{Institutions}}) AND NON-MEDICAL FACILITIES ({{Non-Medical Facilities}}):','This product kills the following bacteria in 10 minutes at 2 oz. per gal. of water {{660PPM}} and 5% soil on hard, non-porous surfaces:',NULL,NULL,NULL,1,43,NULL),(114,'DISINFECTION PERFORMANCE:','This product kills the following bacteria in 10 minutes at 2 oz. per gal. of water {{660PPM}} and 5% soil on hard, non-porous surfaces:',NULL,NULL,NULL,2,43,NULL),(115,'','{{Prefix Text}} surface disinfectant.',NULL,NULL,NULL,1,45,NULL),(116,NULL,'{{Prefix Text}} be used to disinfect, clean and deodorize terrarium and small animal cages, hot rock, substrate and other hard non-porous cage [{equipment} {furniture} {plastic terrarium ornaments} { heat caves} {and } {water dishes}]. (Do not use on porous rocks, hot rocks, driftwood.)',NULL,NULL,NULL,2,45,NULL),(117,NULL,'{{Prefix Text}}, disinfects, and deodorizes hard, non-porous surfaces.',NULL,NULL,NULL,3,45,NULL),(118,NULL,'{{Prefix Text}}, disinfects and deodorizes {hard, non-porous hospital {medical} surfaces} in one step {with no rinsing required}.',NULL,NULL,NULL,4,45,NULL),(119,NULL,'{{Prefix Text}}, disinfects and eliminates odors leaving surfaces smelling clean and fresh.',NULL,NULL,NULL,5,45,NULL),(120,NULL,'{{Prefix Text}}, disinfects,and deodorizes surfaces by killing many odor-causing microorganisms and mold and mildew.',NULL,NULL,NULL,6,45,NULL),(121,NULL,'{{Prefix Text}}, disinfects and deodorizes surfaces by killing odor causing microorganisms and mold and mildew.',NULL,NULL,NULL,7,45,NULL),(122,NULL,'{{Prefix Text}} and disinfects non-medical {i.e. industrial and fire-fighting} respirators in industrial, commercial and institutional premises.',NULL,NULL,NULL,8,45,NULL),(123,NULL,'{{Prefix Text}}, disinfects and deodorizes hard, non-porous surfaces such as flower buckets,- walls, floors of coolers, shippers, greenhouse packing areas, garbage pails, design and packing benches, and countertops, and other areas where obnoxious odors develop.',NULL,NULL,NULL,9,45,NULL),(124,NULL,'Cleans, sanitizes and disinfects hard non-porous surfaces of personal protective safety equipment, protective headgear, athletic helmets, wrestling/boxing headgear, athletic shoe soles, hard hats, headphones, half mask respirators, full face breathing apparatus, gas masks, goggles, spectacles, face shields, hearing protectors and ear muffs. Rinse all equipment that comes in prolonged contact with skin before reuse with clean warm water (about 120^), and allow to air dry. (Precaution: Cleaning at 120F temperature will avoid overheating and distortion of the personal safety equipment that would necessitate replacement.)',NULL,NULL,NULL,10,45,NULL),(125,NULL,'Cleans, sanitizes and disinfectants non-porous ambulance equipment and surfaces by rinsing all equipment that comes in prolonged contact with skin before reuse with clean warm water (about 120F), and allow to air dry. (Precaution: Cleaning at 120F temperature will avoid overheating and distortion of the ambulance equipment and surfaces that would necessitate replacement.)',NULL,NULL,NULL,11,45,NULL),(126,NULL,'Cleans, shines, deodorizes and disinfects all hard, non-porous {household} surfaces listed on the label.',NULL,NULL,NULL,12,45,NULL),(127,NULL,'Delivers non-acid disinfection performance in an economical concentrate.',NULL,NULL,NULL,13,45,NULL),(128,NULL,'Disinfects {and sanitizes} hard, non-porous kitchen surfaces {bathroom surfaces and floors}.',NULL,NULL,NULL,14,45,NULL),(129,NULL,'Disinfects {Disinfectant}.',NULL,NULL,NULL,15,45,NULL),(130,NULL,'Effective in hard water up to 400 ppm hardness {calculated as Ca CO3} in the presence of 5% soil.',NULL,NULL,NULL,16,45,NULL),(131,NULL,'Has been designed for veterinarians, animal groomers, hair stylists, barbers and beauticians, for use in. disinfecting and maintaining clippers.',NULL,NULL,NULL,17,45,NULL),(132,NULL,'This product is for use on hard, non-porous surfaces in {{Surface}}.',NULL,NULL,NULL,NULL,44,NULL),(133,'GENERAL DISINFECTION PERFORMANCE ?IN? {NON-MEDICAL Facilities} {(Non-Medical Facilities)}:','This product ?is? kills the following bacteria in 10 minutes at 1.75 oz. per 5 gal. of water {(260 ppm)} on hard, non-porous surfaces:',NULL,NULL,NULL,1,47,NULL),(134,'DISINFECTION PERFORMANCE ?IN? {INSTITUTIONS} {(Institutions)} {AND} {NON-MEDICAL FACILITIES} {(Non-Medical Facilities)} ','This product kills the following bacteria in 10 minutes at 3 oz. per 5 gal. of water {(450 PPM)} and 5% soil on hard, non-porous surfaces against:',NULL,NULL,NULL,2,47,NULL),(135,'VIRUCIDAL* PERFORMANCE:  ','This product kills the following viruses in 10 minutes at 3 oz. per 5 gal. of water {(450 ppm)} and 5% soil on hard, non-porous surfaces:',NULL,NULL,NULL,3,47,NULL),(136,'MILDEWSTATIC PERFORMANCE:  ','This product controls the following mold in 10 minutes at 3 oz. per 5 gal. of water {(450 ppm)} and 5% soil on hard, non-porous surfaces:',NULL,NULL,NULL,4,47,NULL),(137,'ANIMAL PREMISE VIRUCIDAL* PERFORMANCE:  ','This product kills the following viruses in 10 minutes at 3 oz. per 5 gal. of water {(450 ppm)} and 5% soil on hard, non-porous surfaces:',NULL,NULL,NULL,5,47,NULL),(138,'NON-FOOD CONTACT SANITIZING PERFORMANCE:  ','This product is an effective one-step non-food contact sanitizer in 3 minutes at 1 oz. per 5 gal. of water {(150 ppm)} and 5% soil on hard, non-porous surfaces against:',NULL,NULL,NULL,6,47,NULL),(139,'FOOD CONTACT SANITIZING PERFORMANCE: ','This product is an effective food contact sanitizer in 1 minute at 1 oz. per 4 gal. of 500 ppm hard water {(200 ppm)} on hard, non-porous surfaces: ',NULL,NULL,NULL,7,47,NULL),(140,NULL,'This product is an effective food contact sanitizer in 1 minute at 0.75 oz. per 4 gal. of 300 ppm hard water {(150 ppm)} on hard, non-porous surfaces: ',NULL,NULL,NULL,8,47,NULL),(141,NULL,'This product is an effective food contact sanitizer in 1 minute at 2 oz. per 4 gal. of 1000 ppm hard water {(400 ppm)} on hard, non-porous surfaces:',NULL,NULL,NULL,9,47,NULL),(279,NULL,'Germicidal Detergent and Deordorant',NULL,NULL,NULL,NULL,173,103),(280,NULL,'For use in: {{Area Of Use}}. Disinfects, cleans, and deodorizes the following hard nonporous\r\ninanimate surfaces: {{Surface}}, etc.).',NULL,NULL,NULL,NULL,174,101),(281,NULL,'For use in {{Area Of Use}}.',NULL,NULL,NULL,NULL,175,104),(282,NULL,'A multi-purpose germicidal detergent xxxxxxxxxxxxxxup to 400 ppm hard water (calculated as CaCO<sub>3</sub>) plus 5 % organic serum. Disinfects, cleans, and deodorizes in one labor saving step.',NULL,NULL,NULL,NULL,176,106),(283,NULL,'Federally inspected meat and poultry plants as a disinfectant agent for use in all departments. Food products and packaging materials must be removed from the room or carefully protected. Use product in accordance with its label. All surfaces must be thoroughly rinsed with potable water.',NULL,NULL,NULL,NULL,177,102),(284,NULL,'Bactericidal against the following pathogenic bacteria according to the AOAC Use-Dilution Test method, current edition, modified in the presence of 400 ppm synthetic hard water (calculated as CaCO<sub>3</sub>) plus 5% organic serum:',NULL,NULL,NULL,NULL,178,105),(285,NULL,'Fungicidal against {{Claims}} albicans according to the AOAC fungicidal test, modified in the presense of 400 ppm hard water (calculated as CaCO<sub>3</sub>) plus 5% organic serum.',NULL,NULL,NULL,NULL,179,107),(286,NULL,'Virucidal against {{Claims}} according to the virucidal qualification, modified in the presence of 400 ppm hard water (calculated as CaCO3) plus 5 % organic serum.',NULL,NULL,NULL,NULL,180,108),(287,'LAUNDRY BACTERIOSTATIC PERFORMANCE:','This product is an effective laundry bacteriostat in 5 minutes at 0.9 oz. per gal. of water against the following organisms:',NULL,NULL,NULL,10,47,NULL),(288,'LAUNDRY SANITIZER PERFORMANCE:','This product is an effective laundry sanitizer in 5 minutes at 1 oz. per gal. of 200 ppm hard water against the following organisms:',NULL,NULL,NULL,11,47,NULL),(290,NULL,'This product is for use on hard, non-porous surfaces in {{Location}}',NULL,NULL,NULL,2,48,NULL),(291,NULL,'This product [{when used as directed} {can be used} {is formulated to [{disinfect} {clean} {sanitize} {deodorize}] {is formulated for use}] on {washable} hard, non-porous surfaces such as: {{Surface}}',NULL,NULL,NULL,3,48,NULL),(292,NULL,'For use {in} {on} [{{Location}} {{Surface}}].',NULL,NULL,NULL,4,48,NULL),(293,NULL,'{With Organic Soil {Load} {Tolerance}{For} {{Location}}}',NULL,NULL,NULL,5,48,NULL),(294,NULL,'Athletic surface disinfectant.',NULL,NULL,NULL,1,181,NULL),(295,NULL,'Can be used to disinfect, clean and deodorize terrarium and small animal cages, substrate and other hard, non-porous cage [{(cage_accessories)}]. (Do not use on porous rocks, driftwood and hot rocks)',NULL,NULL,NULL,2,181,NULL),(296,NULL,'Cleans, disinfects and deodorizes on hard, non-porous surfaces.',NULL,NULL,NULL,3,181,NULL),(297,NULL,'Cleans, disinfects and deodorizes hard, non-porous surfaces by killing many odor-causing microorganisms and mold and mildew.',NULL,NULL,NULL,4,181,NULL),(298,NULL,'Cleans, disinfects and eliminates odors leaving hard, non-porous surfaces smelling clean and fresh.',NULL,NULL,NULL,5,181,NULL),(299,NULL,'Cleans, disinfects and deodorizes hard, non-porous surfaces by killing odor causing microorganisms and mold and mildew.',NULL,NULL,NULL,6,181,NULL),(300,NULL,'Cleans, disinfects and deodorizes hard, non-porous {{(medical_facility)} surfaces} in one step {(no_rinse)}.',NULL,NULL,NULL,7,181,NULL),(301,NULL,'Cleans, disinfects and deodorizes hard, non-porous surfaces such as flower buckets, walls, floors of coolers, shippers, greenhouse packing areas, garbage pails, design and packing benches, and countertops, and other areas where obnoxious odors develop.',NULL,NULL,NULL,8,181,NULL),(302,NULL,'Cleans and disinfects non-medical {(i.e. industrial and firefighting)} respirators in industrial, commercial and institutional premises.',NULL,NULL,NULL,9,181,NULL),(303,NULL,'Cleans, sanitizes and disinfects hard, non-porous surfaces of {(protective_equipment)}. Rinse all equipment that comes in prolonged contact with skin before reuse with clean warm water (about 120F), and allow to air dry. (Precaution: Cleaning at 120F temperature will avoid overheating and distortion of the personal safety equipment that would necessitate replacement.)',NULL,NULL,NULL,10,181,NULL),(304,NULL,'Cleans, shines, deodorizes and disinfects all hard, non-porous {household} surfaces {listed on the label}.',NULL,NULL,NULL,11,181,NULL),(305,NULL,'Delivers non-acid disinfection performance in an economical concentrate.',NULL,NULL,NULL,12,181,NULL),(306,NULL,'Disinfects {Disinfectant}.',NULL,NULL,NULL,13,181,NULL),(307,NULL,'Disinfects {and sanitizes} hard, non-porous kitchen surfaces {bathroom surfaces and floors}.',NULL,NULL,NULL,14,181,NULL),(308,NULL,'Has been designed for veterinarians, animal groomers, hair stylists, barbers and beauticians, for use in disinfecting and maintaining clippers.',NULL,NULL,NULL,15,181,NULL),(309,NULL,'Has demonstrated effectiveness against Influenza A {(H1N1)} Virus.',NULL,NULL,NULL,16,181,NULL),(310,NULL,'Is a broad-spectrum hard surface disinfectant that has been shown to be effective against Influenza A {(H1N1)} and other similar viruses*.',NULL,NULL,NULL,17,181,NULL),(311,NULL,'Is a concentrated hospital use disinfectant that is effective against a broad spectrum of bacteria, is virucidal*, {and} mildewstatic, and eliminates odor causing bacteria when used as directed.',NULL,NULL,NULL,18,181,NULL),(312,NULL,'Is a {concentrated} non-acid {bowl and} bathroom cleaner, which cleans, disinfects and deodorizes',NULL,NULL,NULL,19,181,NULL),(313,NULL,'Is a disinfectant and non-food contact surface sanitizer for cleanroom and laboratory areas to disinfect washable, hard, non-porous non-food contact surfaces such as: laminar-airflow equipment and BioSafety cabinet work surfaces and exterior surfaces of the following: countertops, sinks, plumbing fixture surfaces, and incubators, refrigerators and centrifuge surfaces of metal, stainless steel, glass, plastic {such as polystyrene or polypropylene}, Formica&#61650;, and vinyl.',NULL,NULL,NULL,20,181,NULL),(314,NULL,'Is a one-step {hospital-use} germicidal {disinfectant} cleaner and deodorant {odor-counteractant} {odor neutralizer} designed for general cleaning, {and} disinfecting, {deodorizing} {and controlling mold and mildew on} {of} hard, non-porous surfaces.',NULL,NULL,NULL,21,181,NULL),(315,NULL,'Is a multi-surface cleaner, deodorizer and disinfectant.',NULL,NULL,NULL,22,181,NULL),(316,NULL,'Is a one-step disinfectant that is effective against a broad spectrum of bacteria, is virucidal* {including HIV-1, HCV & HBV} and inhibits the growth of mold and mildew and their odors when used as directed.',NULL,NULL,NULL,23,181,NULL),(317,NULL,'Is a phosphate-free formulation designed to provide effective cleaning, deodorizing and disinfection in areas where housekeeping is of prime importance in controlling the hazard of cross-contamination on treated surfaces.',NULL,NULL,NULL,24,181,NULL),(318,NULL,'Is a proven disinfectant, cleaner, sanitizer, mildewstat, and virucide*.',NULL,NULL,NULL,25,181,NULL),(319,NULL,'Is a versatile cleaner, sanitizer and broad-spectrum disinfectant formulated for use on bath and therapy equipment {(Whirlpools)}.',NULL,NULL,NULL,26,181,NULL),(320,NULL,'Is a versatile Disinfectant & Sanitizer for Veterinarian, Veterinary Practice, Animal Care, Animal Laboratory, and Agricultural and Farm Premise applications.',NULL,NULL,NULL,27,181,NULL),(321,NULL,'Is an effective [{bactericide} {and} {virucide*} {disinfectant} {non-food contact sanitizer}] in the presence of [{organic soil} {5% {blood} serum}].',NULL,NULL,NULL,28,181,NULL),(322,NULL,'Is designed to provide both general cleaning and disinfection.',NULL,NULL,NULL,29,181,NULL),(323,NULL,'Is for use as a disinfectant on hard, non-porous surfaces {at {450} {260} ppm active}.',NULL,NULL,NULL,30,181,NULL),(324,NULL,'Is for use as a disinfectant on hard, non-porous surfaces {at [{450} {260}] ppm active} and as a sanitizer on dishes, glassware and utensils, public eating places, dairy processing equipment, and food processing equipment {at 150-400 ppm active}.',NULL,NULL,NULL,31,181,NULL),(325,NULL,'Is for use in federally inspected meat and poultry plants on all hard, non-porous surfaces in inedible product processing areas, non-processing areas and/or exterior areas, federally inspected meat and poultry plants as a floor and wall cleaner for use in all departments, and federally inspected meat and poultry plants as a disinfectant agent for use in all departments.',NULL,NULL,NULL,32,181,NULL),(326,NULL,'Is used to clean, sanitize and disinfect non-porous ambulance equipment and surfaces by rinsing all equipment that comes in prolonged contact with skin before reuse with clean warm water (about 120F), and allow to air dry. (Precaution: Cleaning at 120F temperature will avoid overheating and distortion of the ambulance equipment and surfaces that would necessitate replacement.)',NULL,NULL,NULL,33,181,NULL),(327,NULL,'Is used to disinfect and sanitize non-porous salon/barber tools and instruments such as combs, clippers, plastic rollers, brushes, trimmers, razors, scissors, blades, tweezers, baths and manicure instruments, and pedicure instruments.',NULL,NULL,NULL,34,181,NULL),(328,NULL,'Is used to disinfect non-porous salon/barber tools and instruments such as combs, clippers, plastic rollers, brushes, trimmers, razors, scissors, blades, tweezers, baths, manicure instruments, pedicure instruments, and footbath surfaces.',NULL,NULL,NULL,35,181,NULL),(329,NULL,'Is a versatile sanitizer and broad-spectrum disinfectant formulated for use in Ultrasonic Baths {Ultrasonic cleaning units}.',NULL,NULL,NULL,36,181,NULL),(330,NULL,'Kills (insert virus name from approved organism listing for this product).',NULL,NULL,NULL,37,181,NULL),(331,NULL,'Kills {99.9% of}:\r\n    {(DisinfectionList)}\r\n    {(GermList)}\r\n    {(BacteriaGermList)}\r\n   {(BacteriaList)}',NULL,NULL,NULL,38,181,NULL),(336,NULL,'Kills {Avian} Influenza A {Flu} Virus {(H5N1)} {(H1N1)} {(H3N2)}.',NULL,NULL,NULL,43,181,NULL),(337,NULL,'Kills bacteria and helps prevent cross-contamination on {treated} non-food contact kitchen surfaces listed on this label.',NULL,NULL,NULL,44,181,NULL),(338,NULL,'Kills {common} {kitchen} {bathroom} {household} [{germs} {bacteria} {and} {viruses*}].',NULL,NULL,NULL,45,181,NULL),(339,NULL,'Kills germs.',NULL,NULL,NULL,46,181,NULL),(340,NULL,'Respiratory illnesses attributable Pandemic 2009 H1N1 {(formerly called Swine Flu)} are caused by Influenza A Virus.',NULL,NULL,NULL,47,181,NULL),(341,NULL,'When used as directed, will disinfect metal clipper blades as well as many other hard, non-porous surfaces.',NULL,NULL,NULL,48,181,NULL),(342,NULL,'At 0.75 ounce of this product per 4 gal. of water, this sanitizer fulfills the criteria of Appendix F of the Grade A Pasteurized Milk, Ordinance 1978 Recommendations of the U.S. Public Health Services in waters up to 500 ppm of hardness calculated as CaCO3 when evaluated by the AOAC Germicidal and Detergent Sanitizer Method against Escherichia coli and Staphylococcus aureus.',NULL,NULL,NULL,1,182,NULL),(343,NULL,'Escherichia coli {(E. coli)}, Salmonella enterica {(Salmonella)}, and Staphylococcus aureus {(Staph)} are common germs found where food is prepared and stored.',NULL,NULL,NULL,2,182,NULL),(344,NULL,'[{Eliminates} {kills}] 99.999% of bacteria commonly found on kitchen surfaces {in 60 seconds}.',NULL,NULL,NULL,3,182,NULL),(345,NULL,'For use as a food contact surface sanitizer at {0.25 oz. per gal. {(200 ppm active)}} {0.50 oz. per gal. {(400 ppm active)}} {0.19-0.25 oz. per gal. {(150-200 ppm active)}} {0.19-0.50 oz. per gal. {(150-400 ppm active)}} {0.25-0.50 oz. per gal. {(200-400 ppm active)}}.',NULL,NULL,NULL,4,182,NULL),(346,NULL,'Has been cleared by the EPA in 40 CFR 180.940 for use on hard, non-porous food processing equipment, utensils, and other hard, non-porous food-contact articles at a concentration of 150-400 ppm active.',NULL,NULL,NULL,5,182,NULL),(347,NULL,'Is a non-food contact surface sanitizer.',NULL,NULL,NULL,6,182,NULL),(348,NULL,'Is a food contact surface sanitizer.',NULL,NULL,NULL,7,182,NULL),(349,NULL,'Is an effective non-food contact sanitizer {in the presence of {{soils} {5% serum contamination}}} on hard, non-porous non-food contact surfaces.',NULL,NULL,NULL,8,182,NULL),(350,NULL,'Is [{for use as a} {an effective one-step}] non-food contact sanitizer {and cleaner} on hard, non-porous, non-food contact surfaces {(150 ppm active)}.',NULL,NULL,NULL,9,182,NULL),(351,NULL,'Is for use as a sanitizer in bottling and beverage dispensing equipment, beer fermentation and holding tanks, sanitary filling of bottles and cans {in the final rinse application}, and for external spraying of filling and closing machines and in wineries for use on holding tanks, floors and processing equipment.',NULL,NULL,NULL,10,182,NULL),(352,NULL,'Is for use as a food grade egg shell sanitizer, with best results achieved in water temperatures ranging from 78-110F.',NULL,NULL,NULL,11,182,NULL),(353,NULL,'Kills 99.999% of bacteria like Escherichia coli, Campylobacter jejuni, Escherichia coli O157:H7, Staphylococcus aureus, Listeria monocytogenes, Yersinia enterocolitica and Shigella dysenteriae on food contact kitchen surfaces in 60 seconds.',NULL,NULL,NULL,12,182,NULL),(354,NULL,'Meets efficacy standards for hard, non-porous, non-food contact surface sanitizers.',NULL,NULL,NULL,13,182,NULL),(355,NULL,'Regular, effective cleaning and sanitizing of equipment utensils and work or dining surfaces which could harbor food poisoning microorganisms minimizes the probability of contaminating food during preparation, storage or service. Effective cleaning will remove soil and prevent the accumulation of food residues, which may decompose or support the rapid development of food poisoning organisms or toxins. Application of effective sanitizing procedures reduces the number of those microorganisms that {which} are present on equipment and utensils after cleaning, and reduces the potential for the transfer, either directly through tableware such as glasses, cups and flatware or indirectly through food.',NULL,NULL,NULL,14,182,NULL),(356,NULL,'Sanitizes hard, non-porous [{kitchen} {bathroom}] surfaces {and floors}.',NULL,NULL,NULL,15,182,NULL),(357,NULL,'Sanitizing ice machines.',NULL,NULL,NULL,16,182,NULL),(358,NULL,'To prevent cross contamination, kitchenware and food contact surfaces of equipment must be washed, rinsed with potable water and sanitized after each use and following any interruption of operation during which time contamination may have occurred.',NULL,NULL,NULL,17,182,NULL),(359,NULL,'Use this product to sanitize hard, non-porous surfaces of food processing equipment, dairy equipment, food utensils, dishes, silverware, glasses, sink tops, countertops, refrigerated storage areas and display equipment and other hard surfaces.',NULL,NULL,NULL,18,182,NULL),(360,NULL,'Where equipment and utensils are used for preparation of foods on a continuous or production line basis, utensils and the food contact surfaces of equipment must be washed, rinsed and sanitized at intervals throughout the day on a schedule based on food temperature, type of food and amount of food particle accumulation.',NULL,NULL,NULL,19,182,NULL),(361,NULL,'Is effective against household [{germs} {bacteria}].',NULL,NULL,NULL,1,183,NULL),(362,NULL,'Is great for use [{on} {in the}] [{kitchen}, {bathroom}, {floors} {and} {other household areas}].',NULL,NULL,NULL,2,183,NULL),(363,NULL,'For a cleaner, fresher household.',NULL,NULL,NULL,3,183,NULL),(364,NULL,'At 10 oz. of this product per 100 lbs. of dry laundry, this product imparts to the fabric a residual self-sanitizing and residual bacteriostatic finish under humid or wet contamination conditions {(i.e. diapers and bed linens of incontinent persons)} during normal conditions of use and storage. When added in the final rinse cycle, this formulation provides fabric with residual self-sanitizing activity under conditions of high relative humidity or wet contamination.',NULL,NULL,NULL,1,184,NULL),(365,NULL,'At 11.75 oz. of this product per 100 lbs. of dry laundry, this product provides sanitization against Staphylococcus aureus, Klebsiella pneumoniae, Pseudomonas aeruginosa, Methicillin-resistant Staphylococcus aureus {(MRSA)}, and is effective against HIV. This product is effective in rinse water up to 200 ppm hard water. For HIV, this product is effective in 400 ppm hard water when presoaked for 4 minutes before normal washing.',NULL,NULL,NULL,2,184,NULL),(366,NULL,'Eliminates bad odor found on wet and soiled laundry.',NULL,NULL,NULL,3,184,NULL),(367,NULL,'Eliminates discoloration, pinholing and tensile strength loss caused by mildew growth.',NULL,NULL,NULL,4,184,NULL),(368,NULL,'Eliminates the bad odor normal laundry detergent cant do.',NULL,NULL,NULL,5,184,NULL),(369,NULL,'Fabric mildew inhibitor & sanitizer.',NULL,NULL,NULL,6,184,NULL),(370,NULL,'Fabric treated with this product which has become contaminated or soiled through use will inhibit the growth of many organisms not only at the time of exposure, but also through the handling and transportation until the garments are again laundered and treated with this product.',NULL,NULL,NULL,7,184,NULL),(371,NULL,'For residual bacteriostatic or self-sanitizing activity, conditions of high relative humidity or wet contamination are required.',NULL,NULL,NULL,8,184,NULL),(372,NULL,'Is a concentrate formulation designed for use in commercial, institutional and industrial laundry operations.',NULL,NULL,NULL,9,184,NULL),(373,NULL,'Is a highly concentrated, ready to use liquid fabric sanitizer & mildewstat.',NULL,NULL,NULL,10,184,NULL),(374,NULL,'Is a laundry sanitizer designed for use in commercial, institutional and industrial laundry operations.',NULL,NULL,NULL,11,184,NULL),(375,NULL,'Is for use as a laundry sanitizer/bacteriostatic/deodorizer on washable fabrics such as:\r\n    {(Diapers)}\r\n    {(HouseholdLinens)}\r\n    {(InstitutionalLinens)}\r\n    {(CommercialLinens)}\r\n    {(AthleticClothing)}',NULL,NULL,NULL,12,184,NULL),(381,NULL,'Is for use on fabrics, such as: diapers, athletic apparel, table linens, bedding & towels and hospital and institutional linen.',NULL,NULL,NULL,18,184,NULL),(382,NULL,'Is perfect for table linens, aprons, towels, coats and diapers.',NULL,NULL,NULL,19,184,NULL),(383,NULL,'Laundered fabric must be treated by soaking in a solution of this product.',NULL,NULL,NULL,20,184,NULL),(384,NULL,'Laundry bacteriostat.',NULL,NULL,NULL,21,184,NULL),(385,NULL,'Laundry sanitizer.',NULL,NULL,NULL,22,184,NULL),(386,NULL,'Residual bacteriostat and self-sanitizing agent under humid or wet contamination conditions.',NULL,NULL,NULL,23,184,NULL),(387,NULL,'Sanitizes fabrics, reducing bacterial count by 99.9%.',NULL,NULL,NULL,24,184,NULL),(388,NULL,'Used as directed, this product provides effective residual bacteriostatic and self-sanitizing properties for laundered items such as diapers, hospital and institutional linens, and athletic apparel.',NULL,NULL,NULL,25,184,NULL),(389,NULL,'When used in slug doses, no other microbiocide is required.',NULL,NULL,NULL,26,184,NULL),(390,NULL,'Works as a laundry sanitizer against bacteria and is effective against HIV.',NULL,NULL,NULL,27,184,NULL),(391,NULL,'Aids in the control of bacterial, fungal and algal slimes in evaporative condensers, heat exchange water systems, industrial and commercial cooling towers.',NULL,NULL,NULL,1,185,NULL),(392,NULL,'A water treatment microbiocide for industrial and/or commercial recirculating cooling water towers, retort water systems and oil field water flood/salt water disposal systems and fracturing fluids.',NULL,NULL,NULL,2,185,NULL),(393,NULL,'Controls algae and algal slime growth in industrial and/or commercial recirculating cooling water towers and once through freshwater cooling systems.',NULL,NULL,NULL,3,185,NULL),(394,NULL,'For thermal processing/pasteurizing operations within farms, soft drink and food canning plants to reduce the number of living algae, bacteria and fungi. Do not use in any system which may come in contact with food.',NULL,NULL,NULL,4,185,NULL),(395,NULL,'Is a microbiocide that helps clean and loosen slime debris from cooling and flooding system surfaces.',NULL,NULL,NULL,5,185,NULL),(396,NULL,'Is a water treatment microbiocide that will control algae and bacterial slimes found in recirculating cooling tower waters and oil field water flood.',NULL,NULL,NULL,6,185,NULL),(397,NULL,'To control algae and bacterial slimes, use this water treatment microbiocide as directed.',NULL,NULL,NULL,7,185,NULL),(398,NULL,'Antibacterial.',NULL,NULL,NULL,1,186,NULL),(399,NULL,'Can be applied through foaming apparatus, low-pressure sprayers and fogging {{WetMisting}} systems. Follow manufacturers instructions when using this equipment.',NULL,NULL,NULL,2,186,NULL),(400,NULL,'Clear formula. (Note to Reviewer:: To be used only when no dyes are present)',NULL,NULL,NULL,3,186,NULL),(401,NULL,'Contains no {{Harsh}} {{NonScratch}}.',NULL,NULL,NULL,4,186,NULL),(402,NULL,'Contains no fragrances. (Note to Reviewer: to be used only with non-fragrance formulas)',NULL,NULL,NULL,5,186,NULL),(403,NULL,'Contains no phosphorous.',NULL,NULL,NULL,6,186,NULL),(404,NULL,'Cross-contamination is of major housekeeping concern not only in hospitals, but also in schools, institutions and industry.',NULL,NULL,NULL,7,186,NULL),(405,NULL,'Formulated for effective mushroom farm sanitation.',NULL,NULL,NULL,8,186,NULL),(406,NULL,'Formulated for effective poultry sanitation.',NULL,NULL,NULL,9,186,NULL),(407,NULL,'Formulated for effective swine premise sanitation.',NULL,NULL,NULL,10,186,NULL),(408,NULL,'Has been designed specifically where housekeeping is of prime importance.',NULL,NULL,NULL,11,186,NULL),(409,NULL,'Has been formulated to aid in the reduction of cross-contamination on treated surfaces not only in hospitals, but also in schools, institutions and industry.',NULL,NULL,NULL,12,186,NULL),(410,NULL,'Helps to maintain blades that operate with reduced friction and with smoother clipping action.',NULL,NULL,NULL,13,186,NULL),(411,NULL,'Is an economical concentrate that can be used with a mop and bucket, trigger sprayers, sponge or by soaking.',NULL,NULL,NULL,14,186,NULL),(412,NULL,'Is designed for use in pet salons, animal hospitals, barber and beauty shops.',NULL,NULL,NULL,15,186,NULL),(413,NULL,'Is efficient and stable in use dilution.',NULL,NULL,NULL,16,186,NULL),(414,NULL,'Is especially useful for colored textiles that cannot be bleached.',NULL,NULL,NULL,17,186,NULL),(415,NULL,'Is effective against the control of small flies on non-food contact surfaces such as floors, walls, drains, countertops, metal surfaces, painted surfaces, glazed porcelain, glazed tile, glass, chrome, rubber, and plastic in restaurants, kitchens, dishwashing areas, and bar and wait station areas.',NULL,NULL,NULL,18,186,NULL),(416,NULL,'Is for larger areas such as operating rooms and patient care facilities.',NULL,NULL,NULL,19,186,NULL),(417,NULL,'Is for use in {{AutomatedDilution}}.',NULL,NULL,NULL,20,186,NULL),(418,NULL,'Is for use on rugs, floors, walls, tile, cages, crates, mats, litter boxes, floor coverings, or any hard, non-porous surfaces soiled by a pet.',NULL,NULL,NULL,21,186,NULL),(419,NULL,'Is for use on hard, non-porous surfaces in household and commercial humidifiers. (Not for use in CA.)',NULL,NULL,NULL,22,186,NULL),(420,NULL,'Is fragrance-free.','To be used only with non-fragrance formulas',NULL,NULL,23,186,NULL),(421,NULL,'Is non-staining.',NULL,NULL,NULL,24,186,NULL),(422,NULL,'Non-abrasive formula will not {{HarmScratch}} surfaces.',NULL,NULL,NULL,25,186,NULL),(423,NULL,'Non-dulling formula eliminates the time and labor normally required for rinsing floors.',NULL,NULL,NULL,26,186,NULL),(424,NULL,'Small {Fruit} Fly Ovicidal Treatment.',NULL,NULL,NULL,27,186,NULL),(425,NULL,'Soiled and contaminated fabrics, such as diapers, hospital and institutional linen, and athletic apparel, is of major housekeeping concern, not only in hospitals, but in institutions, hotels, restaurants and schools.',NULL,NULL,NULL,28,186,NULL),(426,NULL,'Use this product on the multi-touch surfaces responsible for cross-contamination.',NULL,NULL,NULL,29,186,NULL),(427,NULL,'Will not harm sealed stone, sealed grout, or glazed tile.',NULL,NULL,NULL,30,186,NULL),(428,NULL,'Will not harm most surfaces.',NULL,NULL,NULL,31,186,NULL),(429,NULL,'Will not leave grit or soap scum.',NULL,NULL,NULL,32,186,NULL),(430,NULL,'{Also} eliminates odors leaving surfaces smelling clean and fresh.',NULL,NULL,NULL,1,187,NULL),(431,NULL,'{Also} [{removes} {eliminates}] odors {caused by} {{bacteria} {and} {mildew} {mold and mildew} {and} {non-fresh foods}} {leaving {restroom} {kitchen} surfaces smelling clean and fresh}.',NULL,NULL,NULL,2,187,NULL),(432,NULL,'Can be used where odors are a problem.',NULL,NULL,NULL,3,187,NULL),(433,NULL,'Can be used as a general purpose antimicrobial detergent in florist shops, wholesale florist, shippers, greenhouse packing areas and other commercial floriculture places for efficient cleaning and antimicrobial action against certain bacteria which cause: 1. Plugging of stems with slime, which reduces uptake of water for various flowers including roses, chrysanthemums, gladioli and tulips. 2. Production of ethylene gas, which can injure blooms of the various sensitive flowers including carnations, snapdragons, some orchids, babys breath, sweet peas, freesia and alstroemeria. (Not for use in CA.)',NULL,NULL,NULL,4,187,NULL),(434,NULL,'Cleans {Cleaner}.',NULL,NULL,NULL,5,187,NULL),(435,NULL,'Cleans {and shines} {without bleaching} {by removing dirt, grime and food soils in food preparation and processing areas} {everyday kitchen messes} {non-food contact kitchen surfaces and food preparation areas} {like dirt, grease and food stains}.',NULL,NULL,NULL,6,187,NULL),(436,NULL,'Cleans by removing dirt, grime, mold, mildew, blood, urine, fecal matter and other common soils found in animal housing facilities, livestock, swine or poultry facilities, grooming facilities, farms, kennels, pet stores, veterinary clinics, laboratories or other small animal facilities.',NULL,NULL,NULL,7,187,NULL),(437,NULL,'Cleans rodent soiled areas.',NULL,NULL,NULL,8,187,NULL),(438,NULL,'Cleans without bleaching.',NULL,NULL,NULL,9,187,NULL),(439,NULL,'Cleans quickly by removing dirt, grime, mold, mildew, food residue, body oils, dead skin, blood and other organic matter commonly found in (insert site from Locations).',NULL,NULL,NULL,10,187,NULL),(440,NULL,'Controls musty odors and discoloration on all fabrics due to molds and mildew.',NULL,NULL,NULL,11,187,NULL),(441,NULL,'Controls odors caused by bacteria found in waterbed uses (Not for use in CA.)',NULL,NULL,NULL,12,187,NULL),(442,NULL,'[{Controls} {reduces} {eliminates} {neutralizes} {destroys}] odors to make your [{home} {kitchen} {bathroom}] sanitary.',NULL,NULL,NULL,13,187,NULL),(443,NULL,'Controls the build-up of bacteria and algae in water tanks of portable, {evaporative} humidifiers. (Not for use in CA.)',NULL,NULL,NULL,14,187,NULL),(444,NULL,'Cuts through tough grease and grime.',NULL,NULL,NULL,15,187,NULL),(445,NULL,'Deodorizes {Deodorizer} {Deodorant}.',NULL,NULL,NULL,16,187,NULL),(446,NULL,'Effectively inhibits the growth of mold and mildew {Aspergillus niger} and the odors caused by them when applied to hard, non-porous surfaces {leaving bathrooms and kitchens clean and fresh smelling}.',NULL,NULL,NULL,17,187,NULL),(447,NULL,'Is a cleaner and [{deodorant} {odor-counteractant} {odor-neutralizer}] designed for [{general cleaning}, {and} {disinfecting}, {deodorizing} {and controlling mold and mildew}] on hard, non-porous surfaces.',NULL,NULL,NULL,18,187,NULL),(448,NULL,'Is a floor cleaner.',NULL,NULL,NULL,19,187,NULL),(449,NULL,'Is a one-step cleaner.',NULL,NULL,NULL,20,187,NULL),(450,NULL,'Is an effective antimicrobial cleaner designed for use by wholesale and retail florists, shippers and greenhouses.',NULL,NULL,NULL,21,187,NULL),(451,NULL,'Is effective against odors caused by animal waste, septic tank or sewage backup, smoke, bathroom and kitchen odors. (Not for use in CA.)',NULL,NULL,NULL,22,187,NULL),(452,NULL,'Is effective against odors caused by smoke, bathroom and kitchen odors.',NULL,NULL,NULL,23,187,NULL),(453,NULL,'Is effective at controlling [{mold and mildew} {odor}] on shower curtains.',NULL,NULL,NULL,24,187,NULL),(454,NULL,'Is formulated to provide effective cleaning strength that will not dull high gloss floor finishes with repeated use.',NULL,NULL,NULL,25,187,NULL),(455,NULL,'Is for non-scratch cleaning of showers and tubs, shower doors and shower curtains, fixtures and toilet bowls.',NULL,NULL,NULL,26,187,NULL),(456,NULL,'Is for use in work areas such as tool rooms and garages for odor control and light duty cleaning.',NULL,NULL,NULL,27,187,NULL),(457,NULL,'Is particularly effective in inhibiting the growth of ammonia producing organisms, such as Corynebacterium ammoniagenes, which acts on urine in the diapers to produce ammonia.',NULL,NULL,NULL,28,187,NULL),(458,NULL,'Kills odor causing bacteria in the [{kitchen} {bathroom} {household}].',NULL,NULL,NULL,29,187,NULL),(459,NULL,'[{Malodor Activity} {Odor} {Counteract}]  [{eliminates} {destroys}] odors {and odor-causing bacteria on hard, non-porous surfaces in restroom areas, behind and under sinks and counters, and storage areas {and other {hard, non-porous} surfaces} where bacterial growth can cause malodors.}',NULL,NULL,NULL,30,187,NULL),(460,NULL,'[{Maximizes} {improves}] labor results by effectively controlling odors.',NULL,NULL,NULL,31,187,NULL),(461,NULL,'Neutralizes musty odors and tough odors from smoke, pet accidents, and spills on contact.',NULL,NULL,NULL,32,187,NULL),(462,NULL,'Non-Acid Bathroom Cleaner.',NULL,NULL,NULL,33,187,NULL),(463,NULL,'Provides effective cleaning strength that will not dull most metal-interlock floor finishes, and does not require a rinse prior to recoat.',NULL,NULL,NULL,34,187,NULL),(464,NULL,'Provides long lasting freshness against tough {pet} odors such as odors from litter boxes and pet accidents.',NULL,NULL,NULL,35,187,NULL),(465,NULL,'Removes dirt.',NULL,NULL,NULL,36,187,NULL),(466,NULL,'Removes stains.',NULL,NULL,NULL,37,187,NULL),(467,NULL,'Will control unpleasant [{malodors} {odors}].',NULL,NULL,NULL,38,187,NULL),(468,NULL,'Use where odors are a problem.',NULL,NULL,NULL,39,187,NULL),(469,NULL,'Concentrate{{d}}.',NULL,NULL,NULL,1,188,NULL),(470,NULL,'Convenient Trigger Spray.','(Note to Reviewer: To be used on applicable container)',NULL,NULL,2,188,NULL),(471,NULL,'Easy to Use.',NULL,NULL,NULL,3,188,NULL),(472,NULL,'Economy size.','(Note to Reviewer: To be used on applicable container)',NULL,NULL,4,188,NULL),(473,NULL,'Fewer products  no need for separate deodorizer.',NULL,NULL,NULL,5,188,NULL),(474,NULL,'Makes {{##}} {{Size}}.',NULL,NULL,NULL,6,188,NULL),(475,NULL,'This {{ContainerBottle}} is made of {{AtLeast}} {{##}} % post-consumer recycled plastic.',NULL,NULL,NULL,7,188,NULL);
/*!40000 ALTER TABLE `m_marketingstatement` ENABLE KEYS */;
UNLOCK TABLES;

--
-- Table structure for table `m_reviewernote`
--

DROP TABLE IF EXISTS `m_reviewernote`;
/*!40101 SET @saved_cs_client     = @@character_set_client */;
/*!40101 SET character_set_client = utf8 */;
CREATE TABLE `m_reviewernote` (
  `ID` int(11) NOT NULL,
  `TITLE` varchar(254) DEFAULT NULL,
  `z_TEXT` longtext,
  `FK_ID_M_MARKETINGSECTION` int(11) DEFAULT NULL,
  `FK_ID_M_DIRECTIONSFORUSESECTION` int(11) DEFAULT NULL,
  `FK_ID_M_GENERALSECTION` int(11) DEFAULT NULL,
  `FK_ID_M_INGREDIENTSSECTION` int(11) DEFAULT NULL,
  PRIMARY KEY (`ID`),
  UNIQUE KEY `UM_REVIEWERNOTE_ID_704150` (`ID`),
  KEY `MREVIEWERNOTEFKIDMMARKETING71067` (`FK_ID_M_MARKETINGSECTION`),
  KEY `MREVIEWERNOTEFKIDMDIRECTION71068` (`FK_ID_M_DIRECTIONSFORUSESECTION`),
  KEY `MREVIEWERNOTEFKIDMGENERALSE71069` (`FK_ID_M_GENERALSECTION`),
  KEY `MREVIEWERNOTEFKIDMINGREDIEN71070` (`FK_ID_M_INGREDIENTSSECTION`)
) ENGINE=InnoDB DEFAULT CHARSET=utf8;
/*!40101 SET character_set_client = @saved_cs_client */;

--
-- Dumping data for table `m_reviewernote`
--

LOCK TABLES `m_reviewernote` WRITE;
/*!40000 ALTER TABLE `m_reviewernote` DISABLE KEYS */;
INSERT INTO `m_reviewernote` VALUES (1,'Note to Reviewer (General Considerations):','Numbered Instructions will be used if label space permits, otherwise may appear In paragraph format. The list of organisms can be formatted into paragraph form using a comma to separate organisms. Unit abbreviations can be spelled out. When choosing optional text, appropriate punctuation can be Inserted or deleted.',NULL,36,NULL,NULL),(9,'Note to Reviewer: ','For labels that list medical premises and metal and/or stainless steel surfaces, one of the following FDA/EPA Memorandum of Understanding statements must be used.',NULL,54,NULL,NULL);
/*!40000 ALTER TABLE `m_reviewernote` ENABLE KEYS */;
UNLOCK TABLES;

--
-- Table structure for table `m_storagedisposaldrivingconvol`
--

DROP TABLE IF EXISTS `m_storagedisposaldrivingconvol`;
/*!40101 SET @saved_cs_client     = @@character_set_client */;
/*!40101 SET character_set_client = utf8 */;
CREATE TABLE `m_storagedisposaldrivingconvol` (
  `ID` int(11) NOT NULL,
  `CONTAINERVOLUME` varchar(3) DEFAULT NULL,
  `FK_ID_M_STORAGEDISPOSALSECTION` int(11) NOT NULL,
  UNIQUE KEY `UMSTORAGEDISPOSALDRIVINGCON62604` (`ID`),
  KEY `MSTORAGEDISPOSALDRIVINGCONV63194` (`FK_ID_M_STORAGEDISPOSALSECTION`)
) ENGINE=InnoDB DEFAULT CHARSET=utf8;
/*!40101 SET character_set_client = @saved_cs_client */;

--
-- Dumping data for table `m_storagedisposaldrivingconvol`
--

LOCK TABLES `m_storagedisposaldrivingconvol` WRITE;
/*!40000 ALTER TABLE `m_storagedisposaldrivingconvol` DISABLE KEYS */;
INSERT INTO `m_storagedisposaldrivingconvol` VALUES (1,'1',18),(2,'5',18),(3,'1',20),(4,'1',21),(8,NULL,22),(9,NULL,23),(10,NULL,24);
/*!40000 ALTER TABLE `m_storagedisposaldrivingconvol` ENABLE KEYS */;
UNLOCK TABLES;

--
-- Table structure for table `m_storagedisposalsection`
--

DROP TABLE IF EXISTS `m_storagedisposalsection`;
/*!40101 SET @saved_cs_client     = @@character_set_client */;
/*!40101 SET character_set_client = utf8 */;
CREATE TABLE `m_storagedisposalsection` (
  `ID` int(11) NOT NULL,
  `NAME` varchar(254) DEFAULT NULL,
  `CONTAINERVOLUME` varchar(3) DEFAULT NULL,
  `CONTAINERTYPE` varchar(30) DEFAULT NULL,
  `SDSECTIONTYPE` varchar(20) DEFAULT NULL,
  `TITLE` varchar(254) DEFAULT NULL,
  `SUBTITLE` longtext,
  `NUMBEREACHSTATEMENT` varchar(1) DEFAULT NULL,
  `REVIEWERNOTE` longtext,
  `EXCLUSIVESTATEMENTS` varchar(1) DEFAULT NULL,
  `DELETEDFLAG` varchar(1) DEFAULT NULL,
  `AUTOSEQ` int(11) DEFAULT NULL,
  `FK_ID_MASTERLABELCONTENT` int(11) NOT NULL,
  `FK_ID_M_STORAGEDISPOSALSECTION` int(11) DEFAULT NULL,
  PRIMARY KEY (`ID`),
  KEY `MSTORAGEDISPOSALSECTIONFK10387` (`FK_ID_MASTERLABELCONTENT`),
  KEY `MSTORAGEDISPOSALSECTIONFK10390` (`FK_ID_M_STORAGEDISPOSALSECTION`)
) ENGINE=InnoDB DEFAULT CHARSET=utf8;
/*!40101 SET character_set_client = @saved_cs_client */;

--
-- Dumping data for table `m_storagedisposalsection`
--

LOCK TABLES `m_storagedisposalsection` WRITE;
/*!40000 ALTER TABLE `m_storagedisposalsection` DISABLE KEYS */;
INSERT INTO `m_storagedisposalsection` VALUES (18,NULL,'>1',NULL,'StorageDisposal1','STORAGE AND DISPOSAL',NULL,NULL,'<p>Note to reviewer: If the container size is greater than one gallon, the following Storage and Disposal directions will be used:)</p>',NULL,NULL,2,10,16),(20,NULL,NULL,NULL,NULL,'STORAGE AND DISPOSAL > 1 gallon','Do not contaminate water, food or feed by storage and disposal.',NULL,NULL,NULL,NULL,1,11,NULL),(21,NULL,NULL,NULL,NULL,'STORAGE AND DISPOSAL <= 1 gallon',NULL,NULL,NULL,NULL,NULL,2,11,NULL),(22,NULL,NULL,NULL,NULL,'STORAGE AND DISPOSAL - 2 FLUID OZ.',NULL,NULL,NULL,NULL,NULL,3,11,NULL),(24,'General',NULL,NULL,NULL,NULL,NULL,NULL,NULL,NULL,NULL,NULL,16,NULL),(25,'Residential',NULL,NULL,NULL,'',NULL,NULL,NULL,NULL,NULL,3,16,NULL),(26,'Non-refillable Container',NULL,'Non-refillable',NULL,NULL,NULL,NULL,NULL,NULL,NULL,3,16,NULL),(27,'Non-refillable Container <= 1 Gallon','<=1','Non-refillable',NULL,NULL,NULL,NULL,NULL,NULL,NULL,5,16,NULL),(28,'Non-refillable Container > 1 Gallons','>1','Non-refillable',NULL,NULL,NULL,NULL,NULL,NULL,NULL,6,16,NULL),(29,'Non-refillable Sealed Containers',NULL,'Sealed Containers',NULL,NULL,NULL,NULL,NULL,NULL,NULL,6,16,NULL),(30,'Refillable Containers',NULL,'Refillable',NULL,NULL,NULL,NULL,NULL,NULL,NULL,7,16,NULL),(31,'Container Handling Title',NULL,NULL,NULL,'CONTAINER HANDLING',NULL,NULL,NULL,NULL,NULL,2,16,NULL),(32,'STORAGE AND DISPOSAL',NULL,NULL,NULL,'STORAGE AND DISPOSAL','Do not contaminate water, food, or feed by storage and disposal.',NULL,NULL,NULL,NULL,NULL,17,NULL),(49,NULL,'>1',NULL,'StorageDisposal1','STORAGE AND DISPOSAL',NULL,NULL,'<p>Note to reviewer: If the container size is greater than one gallon, the following Storage and Disposal directions will be used:)</p>',NULL,NULL,NULL,34,18);
/*!40000 ALTER TABLE `m_storagedisposalsection` ENABLE KEYS */;
UNLOCK TABLES;

--
-- Table structure for table `m_storagedisposalstatement`
--

DROP TABLE IF EXISTS `m_storagedisposalstatement`;
/*!40101 SET @saved_cs_client     = @@character_set_client */;
/*!40101 SET character_set_client = utf8 */;
CREATE TABLE `m_storagedisposalstatement` (
  `ID` int(11) NOT NULL,
  `z_ORDER` int(11) DEFAULT NULL,
  `TITLE` varchar(254) DEFAULT NULL,
  `z_TEXT` longtext,
  `NOTFORUSETEXT` longtext,
  `NOTFORUSETYPE` varchar(2) NOT NULL,
  `REVIEWERNOTE` longtext,
  `EXCLUSIVESTATEMENTS` varchar(1) DEFAULT NULL,
  `DELETEDFLAG` varchar(1) DEFAULT NULL,
  `AUTOSEQ` int(11) DEFAULT NULL,
  `SUBID_M_STORAGEDISPOSALSTATEMENT` int(11) DEFAULT NULL,
  `FK_ID_M_STORAGEDISPOSALSECTION` int(11) DEFAULT NULL,
  `FK_ID_M_STORAGEDISPOSALSTATEMENT` int(11) DEFAULT NULL,
  PRIMARY KEY (`ID`),
  KEY `MSTORAGEDISPOSALSTATEMENT10373` (`FK_ID_M_STORAGEDISPOSALSECTION`),
  KEY `MSTORAGEDISPOSALSTATEME0210376` (`FK_ID_M_STORAGEDISPOSALSTATEMENT`),
  KEY `MSTORAGEDISPOSALSTATEMENTSUB19785` (`SUBID_M_STORAGEDISPOSALSTATEMENT`)
) ENGINE=InnoDB DEFAULT CHARSET=utf8;
/*!40101 SET character_set_client = @saved_cs_client */;

--
-- Dumping data for table `m_storagedisposalstatement`
--

LOCK TABLES `m_storagedisposalstatement` WRITE;
/*!40000 ALTER TABLE `m_storagedisposalstatement` DISABLE KEYS */;
INSERT INTO `m_storagedisposalstatement` VALUES (42,NULL,'Storage and Disposal','(containers for household/residential use) Store in original container in areas inaccessible to children. Nonrefillable container. Do not reuse or refill this container. Offer for recycling if available.',NULL,'NA','',NULL,NULL,1,NULL,18,37),(43,NULL,'Storage and Disposal','(containers for commercial, industrial, and institutional use) Do not contaminate water, food, or feed by storage or disposal.',NULL,'NA',NULL,NULL,NULL,2,NULL,18,38),(44,NULL,'Pesticide Disposal','Store in original container in areas inaccessible to children. Open dumping is prohibited. Do not reuse empty container.',NULL,'NA',NULL,NULL,NULL,3,NULL,18,39),(45,NULL,'Pesticide Disposal','Pesticide wastes are acutely hazardous. Improper disposal of excess pesticide, spray mixture or rinsate is a violation of Federal Law. If these wastes cannot be disposed of by use according to label instruction, contact your local State Pesticide or Environmental Control Agency, or the Hazardous Waste representative at the nearest EPA Regional Office for guidance.',NULL,'NA',NULL,NULL,NULL,4,NULL,18,40),(46,NULL,'Container Handling','(Plastic containers:) Nonrefillable container. Do not reuse or refill this container. Triple rinse container (or equivalent) promptly after emptying. Triple rinse as follows: Fill container 1/4 full with water. Tip container on side and roll it back and forth, ensuring at least one complete revolution for 30 seconds. Stand container on its end and tip it back and forth several times. Turn the container over its other end and tip it back and forth several times. Follow Pesticide Disposal instructions for rinsate disposal. Repeat two more times.',NULL,'NA',NULL,NULL,NULL,5,NULL,18,NULL),(48,NULL,NULL,NULL,NULL,'NA',NULL,NULL,NULL,NULL,NULL,20,NULL),(49,NULL,'PESTICIDE STORAGE:','Open dumping is prohibited.  Store only in original container. Do not reuse empty container. Keep this product under locked storage sufficient to make it inaccessible to children or persons unfamiliar with its proper use.',NULL,'NA',NULL,NULL,NULL,2,NULL,20,NULL),(50,NULL,'Pesticide Disposal','Pesticide wastes are acutely hazardous.  Improper disposal of excess pesticide, spray mixture, or rinsate is a violation of Federal law.  If these wastes cannot be disposed of by use according to label instructions, contact your State Pesticide or Environmental Control Agency, or the Hazardous Waste representative at the nearest EPA Regional Office for guidance.',NULL,'NA',NULL,NULL,NULL,3,NULL,20,NULL),(51,NULL,'Container Disposal','(Plastic containers:) Triple rinse (or equivalent).  Then offer for recycling or reconditioning, or puncture and dispose of in a sanitary landfill, or incinerate, or if allowed by state and local authorities, burn.  If burned, stay out of smoke.\r\n(Fiber Drums With Liner:) Completely empty liner by shaking and tapping sides and bottom to loosen clinging particles.  Empty residue into application equipment.  Then dispose of liner in a sanitary landfill or by incineration if allowed by state and local authorities.  If drum is contaminated and cannot by reused, dispose of in the same manner.\r\n(Metal Container:) Triple rinse (or equivalent).  Then offer for recycling or reconditioning or puncture and dispose of in a sanitary landfill, or dispose of by other procedures approved by state and local authorities.\r\n(For Bag-in-Box Containers:) Completely empty bag into application equipment. Dispose of empty bag in a sanitary landfill or by incineration, or if allowed by state and local authorities by burning or dispose of by other procedures approved by state and local authorities.  If burned, stay out of smoke.',NULL,'NA',NULL,NULL,NULL,4,NULL,20,NULL),(52,NULL,'STORAGE AND DISPOSAL','Store in original container in areas inaccessible to children. Do not reuse empty container.  Wrap and discard in trash (or recycle).',NULL,'NA',NULL,NULL,NULL,NULL,NULL,21,NULL),(53,NULL,'DISPOSAL:','Do not reuse container.  Wrap and put in trash collection.',NULL,'NA',NULL,NULL,NULL,NULL,NULL,22,NULL),(55,NULL,NULL,'Do not contaminate water, food, or feed by storage and disposal.',NULL,'NA',NULL,NULL,NULL,1,NULL,24,NULL),(56,NULL,'{{PESTICIDE}}STORAGE:','Store oniy in original container Keep this product under locked storage sufficient to make it inaccessible to children or persons unfamiliar with its proper use.',NULL,'NA',NULL,NULL,NULL,2,NULL,24,NULL),(57,NULL,'PESTICIDE DISPOSAL','Pesticide wastes are acutely hazardous. Improper disposal of excess pesticide, spray mixture or rinsate is a violation of Federal Law. If these wastes cannot be disposed of by use according to label instructions, contact your State Pesticide or Environmental Control Agency, or the Hazardous Waste Representative at the nearest EPA Regional Office for guidance.',NULL,'NA',NULL,NULL,NULL,3,NULL,24,NULL),(58,NULL,NULL,'(For residential/household use ONLY)',NULL,'NA',NULL,NULL,NULL,NULL,NULL,25,NULL),(59,NULL,NULL,'Non-refillable container. Do not reuse or refill this container. Offer for recycling if available or place in trash.',NULL,'NA',NULL,NULL,NULL,NULL,NULL,26,NULL),(60,NULL,'Non-Refillable Container','Do not reuse or refill this container. Triple rinse container {(or equivalent)} promptly after emptying. Triple rinse as follows: Fill the container % full with water and recap. Shake for 10 seconds; Drain for 10 seconds after the flow begins to drip. Follow Pesticide Disposal instructions for rinsate disposal. Repeat this procedure two more times. Then offer for recycling if available or puncture and dispose of in a sanitary landfill, or by incineration.',NULL,'NA',NULL,NULL,NULL,NULL,NULL,27,NULL),(61,NULL,'Non-Refillable Container','Do not reuse or refill this container. Triple rinse container {{Equivalent}}promptly after emptying. Triple rinse as follows; Fill the container % full with water. Replace and tighten closures. Tip container on its side and roll it back and forth, ensuring at least one complete revolution, for 30 seconds. Stand the container on its end and tip back and forth several times. Turn the container over onto its other end and tip back and forth several times. Follow Pesticide Disposal instructions for rinsate disposal. Repeat this procedure two more times. Then offer for recycling if available or puncture and dispose of in a sanitary landfill, or by incineration.',NULL,'NA',NULL,NULL,NULL,NULL,NULL,28,NULL),(62,NULL,'Non-Refillable Container','Do not reuse or refill this container. Wrap empty container and put in trash or offer for recycling.',NULL,'NA',NULL,NULL,NULL,NULL,NULL,29,NULL),(63,NULL,'Refillable Containter','Refill this container with this product only. Do not reuse this container for any other purpose. Cleaning the container before final disposal is the responsibility of the person disposing of the container. Cleaning before refilling is the responsibility of the refiller. To dean the container before final disposal empty the remaining contents from this container into application equipment, or a mix tank. Fill container about 10 percent full with water. Agitate vigorously or recirculate water with the pump for 2 minutes. Pour or pump rinsate into application equipment or rinsate collection system. Repeat this rinsing procedure two more times.',NULL,'NA',NULL,NULL,NULL,NULL,NULL,30,NULL),(64,NULL,'{PESTICIDE} STORAGE','Store only in original container. Keep this product under locked storage sufficient to make it inaccessible to children or persons unfamiliar with its proper use.',NULL,'NA',NULL,NULL,NULL,1,NULL,32,NULL),(65,NULL,'PESTICIDE DISPOSAL:','Pesticide wastes are acutely hazardous. Improper disposal of excess pesticide, spray mixture or rinsate is a violation of Federal Law. If these wastes cannot be disposed of by use according to label instructions, contact your State Pesticide or Environmental Control Agency, or the Hazardous Waste Representative at the nearest EPA Regional Office for guidance.',NULL,'NA',NULL,NULL,NULL,2,NULL,32,NULL),(66,NULL,'CONTAINER HANDLING:','Non-Refillable Container. Do not reuse or refill this container. Wrap empty container and put in trash or offer for recycling.',NULL,'NA',NULL,NULL,NULL,3,NULL,32,NULL),(145,NULL,'Storage and Disposal','(containers for household/residential use) Store in original container in areas inaccessible to children. Nonrefillable container. Do not reuse or refill this container. Offer for recycling if available.',NULL,'NA',NULL,NULL,NULL,1,NULL,49,42),(146,NULL,'Storage and Disposal','(containers for commercial, industrial, and institutional use) Do not contaminate water, food, or feed by storage or disposal.',NULL,'NA',NULL,NULL,NULL,2,NULL,49,43),(147,NULL,'Pesticide Disposal','Store in original container in areas inaccessible to children. Open dumping is prohibited. Do not reuse empty container.',NULL,'NA',NULL,NULL,NULL,3,NULL,49,44),(148,NULL,'Pesticide Disposal','Pesticide wastes are acutely hazardous. Improper disposal of excess pesticide, spray mixture or rinsate is a violation of Federal Law. If these wastes cannot be disposed of by use according to label instruction, contact your local State Pesticide or Environmental Control Agency, or the Hazardous Waste representative at the nearest EPA Regional Office for guidance.',NULL,'NA',NULL,NULL,NULL,4,NULL,49,45),(149,NULL,'Container Handling','(Plastic containers:) Nonrefillable container. Do not reuse or refill this container. Triple rinse container (or equivalent) promptly after emptying. Triple rinse as follows: Fill container 1/4 full with water. Tip container on side and roll it back and forth, ensuring at least one complete revolution for 30 seconds. Stand container on its end and tip it back and forth several times. Turn the container over its other end and tip it back and forth several times. Follow Pesticide Disposal instructions for rinsate disposal. Repeat two more times.',NULL,'NA',NULL,NULL,NULL,5,NULL,49,46),(151,NULL,'SD Substatement tt','SD Substatement x',NULL,'NA','SD Substatement r',NULL,NULL,NULL,66,NULL,NULL),(152,NULL,'Sub2 t','Sub2 x',NULL,'NA','Sub2 r',NULL,NULL,NULL,66,NULL,NULL),(153,NULL,'xxx','yyy',NULL,'NA','zzz',NULL,NULL,NULL,66,NULL,NULL);
/*!40000 ALTER TABLE `m_storagedisposalstatement` ENABLE KEYS */;
UNLOCK TABLES;

--
-- Table structure for table `m_usage`
--

DROP TABLE IF EXISTS `m_usage`;
/*!40101 SET @saved_cs_client     = @@character_set_client */;
/*!40101 SET character_set_client = utf8 */;
CREATE TABLE `m_usage` (
  `ID` int(11) NOT NULL,
  `USAGETYPE` varchar(1) NOT NULL,
  `CLAIMSCLASSIFICATION` varchar(16) DEFAULT NULL,
  `NAME` varchar(254) NOT NULL,
  `REVIEWERNOTE` longtext,
  `DELETEDFLAG` varchar(1) DEFAULT NULL,
  `GROUPSEQUENCENUMBER` int(11) DEFAULT NULL,
  `AUTOSEQ` int(11) DEFAULT NULL,
  `AUTOSEQ02` int(11) DEFAULT NULL,
  `PARENTFK_ID_M_USAGE` int(11) DEFAULT NULL,
  `FK_ID_M_USAGE` int(11) DEFAULT NULL,
  `FK_ID_M_USAGEGROUP` int(11) DEFAULT NULL,
  `FK_ID_M_USAGEFOOTNOTE` int(11) DEFAULT NULL,
  `FK_ID_M_USAGETYPE` int(11) DEFAULT NULL,
  `FK_ID_M_USAGE02` int(11) DEFAULT NULL,
  `FK_ID_MASTERLABELCONTENT` int(11) DEFAULT NULL,
  PRIMARY KEY (`ID`),
  KEY `M_USAGE_FK_ID_M_USAGE_104170` (`FK_ID_M_USAGE`),
  KEY `M_USAGEFKIDMASTERLABELCON10453` (`FK_ID_MASTERLABELCONTENT`),
  KEY `M_USAGE_FK_ID_M_USAGETYPE41481` (`FK_ID_M_USAGETYPE`),
  KEY `M_USAGE_FK_IDMUSAGEFOOTNOTE63182` (`FK_ID_M_USAGEFOOTNOTE`),
  KEY `M_USAGE_FK_ID_M_USAGEGROUP_69850` (`FK_ID_M_USAGEGROUP`),
  KEY `M_USAGE_PARENTFK_ID_M_USAGE_15821` (`PARENTFK_ID_M_USAGE`),
  KEY `M_USAGE_FK_ID_M_USAGE02_1658440` (`FK_ID_M_USAGE02`)
) ENGINE=InnoDB DEFAULT CHARSET=utf8;
/*!40101 SET character_set_client = @saved_cs_client */;

--
-- Dumping data for table `m_usage`
--

LOCK TABLES `m_usage` WRITE;
/*!40000 ALTER TABLE `m_usage` DISABLE KEYS */;
INSERT INTO `m_usage` VALUES (1683,'C','Bacteria','Acinetobacter calcoaceticus',NULL,NULL,NULL,NULL,NULL,NULL,NULL,NULL,NULL,1,NULL,NULL),(1684,'C','Bacteria','Bordetella bronchiseptica',NULL,NULL,NULL,NULL,NULL,NULL,NULL,NULL,NULL,1,NULL,NULL),(1685,'C','Bacteria','Chlamydia psittaci',NULL,NULL,NULL,NULL,NULL,NULL,NULL,NULL,NULL,1,NULL,NULL),(1686,'C','Bacteria','Enterobacter aerogenes',NULL,NULL,NULL,NULL,NULL,NULL,NULL,NULL,NULL,1,NULL,NULL),(1687,'C','Bacteria','Enterobacter cloacae',NULL,NULL,NULL,NULL,NULL,NULL,NULL,NULL,NULL,1,NULL,NULL),(1688,'C','Bacteria','Enterococcus faecalis- Vancomycin Resistant (VRE)',NULL,NULL,NULL,NULL,NULL,NULL,NULL,NULL,NULL,1,NULL,NULL),(1689,'C','Bacteria','Escherichi',NULL,NULL,NULL,NULL,NULL,NULL,NULL,NULL,4,1,NULL,NULL),(1690,'C','Bacteria','Fusobacterium necrophorum',NULL,NULL,NULL,NULL,NULL,NULL,NULL,NULL,5,1,NULL,NULL),(1691,'C','Bacteria','Kiebsiella pneumoniae',NULL,NULL,NULL,NULL,NULL,NULL,NULL,NULL,4,1,NULL,NULL),(1692,'C','Bacteria','Legionella pneumophilia',NULL,NULL,NULL,NULL,NULL,NULL,NULL,NULL,NULL,1,NULL,NULL),(1693,'C','Bacteria','Listeria monocytogenes',NULL,NULL,NULL,NULL,NULL,NULL,NULL,NULL,NULL,1,NULL,NULL),(1694,'C','Bacteria','Pasteurella multocida ',NULL,NULL,NULL,NULL,NULL,NULL,NULL,NULL,NULL,1,NULL,NULL),(1695,'C','Bacteria','Proteus mirabilis',NULL,NULL,NULL,NULL,NULL,NULL,NULL,NULL,NULL,1,NULL,NULL),(1696,'C','Bacteria','Proteus vulgaris',NULL,NULL,NULL,NULL,NULL,NULL,NULL,NULL,NULL,1,NULL,NULL),(1697,'C','Bacteria','Pseudomonas aeruginosa',NULL,NULL,NULL,NULL,NULL,NULL,NULL,NULL,4,1,NULL,NULL),(1698,'C','Bacteria','Salmonella choleraesuis',NULL,NULL,NULL,NULL,NULL,NULL,NULL,NULL,NULL,1,NULL,NULL),(1699,'C','Bacteria','Salmonella enteritidis',NULL,NULL,NULL,NULL,NULL,NULL,NULL,NULL,NULL,1,NULL,NULL),(1700,'C','Bacteria','Salmonella typhi',NULL,NULL,NULL,NULL,NULL,NULL,NULL,NULL,NULL,1,NULL,NULL),(1701,'C','Bacteria','Salmonella typhimurium',NULL,NULL,NULL,NULL,NULL,NULL,NULL,NULL,NULL,1,NULL,NULL),(1702,'C','Bacteria','Serratia marcescens',NULL,NULL,NULL,NULL,NULL,NULL,NULL,NULL,NULL,1,NULL,NULL),(1703,'C','Bacteria','Shigella fiexneri',NULL,NULL,NULL,NULL,NULL,NULL,NULL,NULL,NULL,1,NULL,NULL),(1704,'C','Bacteria','Shigella sonnei',NULL,NULL,NULL,NULL,NULL,NULL,NULL,NULL,NULL,1,NULL,NULL),(1705,'C','Bacteria','Staphylococcus aureus- Methicillin resistant (MRSA)',NULL,NULL,NULL,NULL,NULL,NULL,NULL,NULL,NULL,1,NULL,NULL),(1706,'C','Bacteria','Staphylococcus aureus- Vancomycin Intermediate Resistant (VISA)',NULL,NULL,NULL,NULL,NULL,NULL,NULL,NULL,NULL,1,NULL,NULL),(1707,'C','Bacteria','Staphylococcus aureus',NULL,NULL,NULL,NULL,NULL,NULL,NULL,NULL,4,1,NULL,NULL),(1708,'C','Bacteria','Staphylococcus epidermidis',NULL,NULL,NULL,NULL,NULL,NULL,NULL,NULL,NULL,1,NULL,NULL),(1709,'C','Bacteria','Streptococcus faecalis',NULL,NULL,NULL,NULL,NULL,NULL,NULL,NULL,4,1,NULL,NULL),(1710,'C','Fungi','Aspergillus niger',NULL,NULL,NULL,NULL,NULL,NULL,NULL,NULL,NULL,1,NULL,NULL),(1711,'C','Fungi','Candida albicans',NULL,NULL,NULL,NULL,NULL,NULL,NULL,NULL,NULL,1,NULL,NULL),(1712,'C','Fungi','Trichophyton mentagrophytes [Athlete\'s Foot Fungus]',NULL,NULL,NULL,NULL,NULL,NULL,NULL,NULL,NULL,1,NULL,NULL),(1713,'C','Fungi','[a cause of Ringworm] [a cause of Ringworm of the foot]',NULL,NULL,NULL,NULL,NULL,NULL,NULL,NULL,NULL,1,NULL,NULL),(1714,'C','Viruses','*Adenovirus Type 4',NULL,NULL,NULL,NULL,NULL,NULL,NULL,NULL,NULL,1,NULL,NULL),(1715,'C','Viruses','*Avian polyomavirus',NULL,NULL,NULL,NULL,NULL,NULL,NULL,NULL,NULL,1,NULL,NULL),(1716,'C','Viruses','*Canine distemper',NULL,NULL,NULL,NULL,NULL,NULL,NULL,NULL,NULL,1,NULL,NULL),(1717,'C','Viruses','*Canine parvovirus- at 2 oz. per gallon',NULL,NULL,NULL,NULL,NULL,NULL,NULL,NULL,NULL,1,NULL,NULL),(1718,'C','Viruses','*Feline leukemia',NULL,NULL,NULL,NULL,NULL,NULL,NULL,NULL,NULL,1,NULL,NULL),(1719,'C','Viruses','*Feline picomavirus',NULL,NULL,NULL,NULL,NULL,NULL,NULL,NULL,NULL,1,NULL,NULL),(1720,'C','Viruses','*HIV-1 (AIDS virus)',NULL,NULL,NULL,NULL,NULL,NULL,NULL,NULL,NULL,1,NULL,NULL),(1721,'C','Viruses','*Hepatitis B Virus (HBV)',NULL,NULL,NULL,NULL,NULL,NULL,NULL,NULL,NULL,1,NULL,NULL),(1722,'C','Viruses','*Hepatitis C Virus (HCV)',NULL,NULL,NULL,NULL,NULL,NULL,NULL,NULL,NULL,1,NULL,NULL),(1723,'C','Viruses','*Herpes Simplex Type 1',NULL,NULL,NULL,NULL,NULL,NULL,NULL,NULL,NULL,1,NULL,NULL),(1724,'C','Viruses','*Herpes Simplex Type 2',NULL,NULL,NULL,NULL,NULL,NULL,NULL,NULL,NULL,1,NULL,NULL),(1725,'C','Viruses','*Human coronavirus ',NULL,NULL,NULL,NULL,NULL,NULL,NULL,NULL,NULL,1,NULL,NULL),(1726,'C','Viruses','*Infectious bovine rhinotracheitis',NULL,NULL,NULL,NULL,NULL,NULL,NULL,NULL,NULL,1,NULL,NULL),(1727,'C','Viruses','*Infectious bronchitis (Avian IBV)',NULL,NULL,NULL,NULL,NULL,NULL,NULL,NULL,NULL,1,NULL,NULL),(1728,'C','Viruses','*Influenza A/ Hong Kong',NULL,NULL,NULL,NULL,NULL,NULL,NULL,NULL,NULL,1,NULL,NULL),(1729,'C','Viruses','*Pseudorabies (PRV)',NULL,NULL,NULL,NULL,NULL,NULL,NULL,NULL,NULL,1,NULL,NULL),(1730,'C','Viruses','*Rabies',NULL,NULL,NULL,NULL,NULL,NULL,NULL,NULL,NULL,1,NULL,NULL),(1731,'C','Viruses','*Respiratory Syncytial Virus (RSV)',NULL,NULL,NULL,NULL,NULL,NULL,NULL,NULL,NULL,1,NULL,NULL),(1732,'C','Viruses','*Rubella (German Measles)',NULL,NULL,NULL,NULL,NULL,NULL,NULL,NULL,NULL,1,NULL,NULL),(1733,'C','Viruses','*Transmissible gastroenteritis virus (TGE)\Z',NULL,NULL,NULL,NULL,NULL,NULL,NULL,NULL,NULL,1,NULL,NULL),(1734,'C','Viruses','*Vaccinia [Pox virus]',NULL,NULL,NULL,NULL,NULL,NULL,NULL,NULL,NULL,1,NULL,NULL),(1735,'S',NULL,'Appliances',NULL,NULL,NULL,NULL,NULL,NULL,NULL,NULL,NULL,2,NULL,NULL),(1736,'S',NULL,'Bathroom fixtures',NULL,NULL,NULL,NULL,NULL,NULL,NULL,NULL,NULL,2,NULL,NULL),(1737,'S',NULL,'Bathtubs (Fiberglass)',NULL,NULL,NULL,NULL,NULL,NULL,NULL,NULL,NULL,2,NULL,NULL),(1738,'S',NULL,'Cabinets',NULL,NULL,NULL,NULL,NULL,NULL,NULL,NULL,NULL,2,NULL,NULL),(1739,'S',NULL,'Cages',NULL,NULL,NULL,NULL,NULL,NULL,NULL,NULL,NULL,2,NULL,NULL),(1740,'S',NULL,'Chairs',NULL,NULL,NULL,NULL,NULL,NULL,NULL,NULL,NULL,2,NULL,NULL),(1741,'S',NULL,'Coils and drain pans',NULL,NULL,NULL,NULL,NULL,NULL,NULL,NULL,NULL,2,NULL,NULL),(1742,'S',NULL,'Conductive flooring',NULL,NULL,NULL,NULL,NULL,NULL,NULL,NULL,NULL,2,NULL,NULL),(1743,'S',NULL,'Counters (countertops)',NULL,NULL,NULL,NULL,NULL,NULL,NULL,NULL,NULL,2,NULL,NULL),(1744,'S',NULL,'Countertop laminates',NULL,NULL,NULL,NULL,NULL,NULL,NULL,NULL,NULL,2,NULL,NULL),(1745,'S',NULL,'Desks',NULL,NULL,NULL,NULL,NULL,NULL,NULL,NULL,NULL,2,NULL,NULL),(1746,'S',NULL,'Doorknobs',NULL,NULL,NULL,NULL,NULL,NULL,NULL,NULL,NULL,2,NULL,NULL),(1747,'S',NULL,'Floors',NULL,NULL,NULL,NULL,NULL,NULL,NULL,NULL,NULL,2,NULL,NULL),(1748,'S',NULL,'Garbage cans',NULL,NULL,NULL,NULL,NULL,NULL,NULL,NULL,NULL,2,NULL,NULL),(1749,'S',NULL,'Glazed ceramic',NULL,NULL,NULL,NULL,NULL,NULL,NULL,NULL,NULL,2,NULL,NULL),(1750,'S',NULL,'Glazed enameled surfaces',NULL,NULL,NULL,NULL,NULL,NULL,NULL,NULL,NULL,2,NULL,NULL),(1751,'S',NULL,'Highchairs',NULL,NULL,NULL,NULL,NULL,NULL,NULL,NULL,NULL,2,NULL,NULL),(1752,'S',NULL,'Kennel runs',NULL,NULL,NULL,NULL,NULL,NULL,NULL,NULL,NULL,2,NULL,NULL),(1753,'S',NULL,'Laminated surfaces',NULL,NULL,NULL,NULL,NULL,NULL,NULL,NULL,NULL,2,NULL,NULL),(1754,'S',NULL,'Metal',NULL,NULL,NULL,NULL,NULL,NULL,NULL,NULL,NULL,2,NULL,NULL),(1755,'S',NULL,'Microwave ovens',NULL,NULL,NULL,NULL,NULL,NULL,NULL,NULL,NULL,2,NULL,NULL),(1756,'S',NULL,'Non-medical metal surfaces',NULL,NULL,NULL,NULL,NULL,NULL,NULL,NULL,NULL,2,NULL,NULL),(1757,'S',NULL,'Non-medical stainless steel surfaces',NULL,NULL,NULL,NULL,NULL,NULL,NULL,NULL,NULL,2,NULL,NULL),(1758,'S',NULL,'Other hard nonporous surfaces made of:',NULL,NULL,NULL,NULL,NULL,NULL,NULL,NULL,NULL,2,NULL,NULL),(1759,'S',NULL,'Outdoor furniture',NULL,NULL,NULL,NULL,NULL,NULL,NULL,NULL,NULL,2,NULL,NULL),(1760,'S',NULL,'Plastic (such as polystyrene or polypropylene)',NULL,NULL,NULL,NULL,NULL,NULL,NULL,NULL,NULL,2,NULL,NULL),(1761,'S',NULL,'Refrigerated storage and display equipment',NULL,NULL,NULL,NULL,NULL,NULL,NULL,NULL,NULL,2,NULL,NULL),(1762,'S',NULL,'Refrigerators',NULL,NULL,NULL,NULL,NULL,NULL,NULL,NULL,NULL,2,NULL,NULL),(1763,'S',NULL,'Sealed granite',NULL,NULL,NULL,NULL,NULL,NULL,NULL,NULL,NULL,2,NULL,NULL),(1764,'S',NULL,'Sealed limestone',NULL,NULL,NULL,NULL,NULL,NULL,NULL,NULL,NULL,2,NULL,NULL),(1765,'S',NULL,'Sealed marble',NULL,NULL,NULL,NULL,NULL,NULL,NULL,NULL,NULL,2,NULL,NULL),(1766,'S',NULL,'Sealed slate',NULL,NULL,NULL,NULL,NULL,NULL,NULL,NULL,NULL,2,NULL,NULL),(1767,'S',NULL,'Sealed stone',NULL,NULL,NULL,NULL,NULL,NULL,NULL,NULL,NULL,2,NULL,NULL),(1768,'S',NULL,'Sealed terra cotta',NULL,NULL,NULL,NULL,NULL,NULL,NULL,NULL,NULL,2,NULL,NULL),(1769,'S',NULL,'Sealed terrazzo',NULL,NULL,NULL,NULL,NULL,NULL,NULL,NULL,NULL,2,NULL,NULL),(1770,'S',NULL,'Stainless steel',NULL,NULL,NULL,NULL,NULL,NULL,NULL,NULL,NULL,2,NULL,NULL),(1771,'S',NULL,'Tanning Beds',NULL,NULL,NULL,NULL,NULL,NULL,NULL,NULL,NULL,2,NULL,NULL),(1772,'S',NULL,'Tanning Equipment',NULL,NULL,NULL,NULL,NULL,NULL,NULL,NULL,NULL,2,NULL,NULL),(1773,'S',NULL,'Telephones',NULL,NULL,NULL,NULL,NULL,NULL,NULL,NULL,NULL,2,NULL,NULL),(1774,'S',NULL,'Upholstery',NULL,NULL,NULL,NULL,NULL,NULL,NULL,NULL,NULL,2,NULL,NULL),(1775,'S',NULL,'Walls',NULL,NULL,NULL,NULL,NULL,NULL,NULL,NULL,NULL,2,NULL,NULL),(1776,'S',NULL,'Woodwork',NULL,NULL,NULL,NULL,NULL,NULL,NULL,NULL,NULL,2,NULL,NULL),(1777,'T',NULL,'Algaecide',NULL,NULL,NULL,NULL,NULL,NULL,NULL,NULL,NULL,3,NULL,NULL),(1778,'T',NULL,'Disinfectant',NULL,NULL,NULL,NULL,NULL,NULL,NULL,NULL,NULL,3,NULL,NULL),(1779,'T',NULL,'Fungicide',NULL,NULL,NULL,NULL,NULL,NULL,NULL,NULL,NULL,3,NULL,NULL),(1780,'T',NULL,'General Purpose Anti-microbial',NULL,NULL,NULL,NULL,NULL,NULL,NULL,NULL,NULL,3,NULL,NULL),(1781,'T',NULL,'Sanitizer',NULL,NULL,NULL,NULL,NULL,NULL,NULL,NULL,NULL,3,NULL,NULL),(1782,'T',NULL,'Tuberculocide',NULL,NULL,NULL,NULL,NULL,NULL,NULL,NULL,NULL,3,NULL,NULL),(1783,'T',NULL,'Viruscide',NULL,NULL,NULL,NULL,NULL,NULL,NULL,NULL,NULL,3,NULL,NULL),(1784,'L',NULL,'Airplanes',NULL,NULL,NULL,NULL,NULL,NULL,NULL,NULL,NULL,4,NULL,NULL),(1785,'L',NULL,'Airports',NULL,NULL,NULL,NULL,NULL,NULL,NULL,NULL,NULL,4,NULL,NULL),(1786,'L',NULL,'Animal Care',NULL,NULL,NULL,NULL,NULL,NULL,NULL,NULL,NULL,4,NULL,NULL),(1787,'L',NULL,'Animal Laboratories',NULL,NULL,NULL,NULL,NULL,NULL,NULL,NULL,NULL,4,NULL,NULL),(1788,'L',NULL,'Animal Life Science Laboratories',NULL,NULL,NULL,NULL,NULL,NULL,NULL,NULL,NULL,4,NULL,NULL),(1789,'L',NULL,'Athletic Facilities',NULL,NULL,NULL,NULL,NULL,NULL,NULL,NULL,NULL,4,NULL,NULL),(1790,'L',NULL,'Automotive Industy',NULL,NULL,NULL,NULL,NULL,NULL,NULL,NULL,NULL,4,NULL,NULL),(1791,'L',NULL,'Barber Shops',NULL,NULL,NULL,NULL,NULL,NULL,NULL,NULL,NULL,4,NULL,NULL),(1792,'L',NULL,'Bars',NULL,NULL,NULL,NULL,NULL,NULL,NULL,NULL,NULL,4,NULL,NULL),(1793,'L',NULL,'Bathrooms',NULL,NULL,NULL,NULL,NULL,NULL,NULL,NULL,NULL,4,NULL,NULL),(1794,'L',NULL,'Beverage Plants',NULL,NULL,NULL,NULL,NULL,NULL,NULL,NULL,NULL,4,NULL,NULL),(1795,'L',NULL,'Boats',NULL,NULL,NULL,NULL,NULL,NULL,NULL,NULL,NULL,4,NULL,NULL),(1796,'L',NULL,'Breeding and Grooming Establishments',NULL,NULL,NULL,NULL,NULL,NULL,NULL,NULL,NULL,4,NULL,NULL),(1797,'L',NULL,'Breweries',NULL,NULL,NULL,NULL,NULL,NULL,NULL,NULL,NULL,4,NULL,NULL),(1798,'L',NULL,'Buses',NULL,NULL,NULL,NULL,NULL,NULL,NULL,NULL,NULL,4,NULL,NULL),(1799,'L',NULL,'Business and Office Buildings',NULL,NULL,NULL,NULL,NULL,NULL,NULL,NULL,NULL,4,NULL,NULL),(1800,'L',NULL,'Cafeterias',NULL,NULL,NULL,NULL,NULL,NULL,NULL,NULL,NULL,4,NULL,NULL),(1801,'L',NULL,'Camp Grounds',NULL,NULL,NULL,NULL,NULL,NULL,NULL,NULL,NULL,4,NULL,NULL),(1802,'L',NULL,'Campers',NULL,NULL,NULL,NULL,NULL,NULL,NULL,NULL,NULL,4,NULL,NULL),(1803,'L',NULL,'Carpeting',NULL,NULL,NULL,NULL,NULL,NULL,NULL,NULL,NULL,4,NULL,NULL),(1804,'L',NULL,'Cars',NULL,NULL,NULL,NULL,NULL,NULL,NULL,NULL,NULL,4,NULL,NULL),(1805,'L',NULL,'Citus Plants ',NULL,NULL,NULL,NULL,NULL,NULL,NULL,NULL,NULL,4,NULL,NULL),(1806,'L',NULL,'Colleges',NULL,NULL,NULL,NULL,NULL,NULL,NULL,NULL,NULL,4,NULL,NULL),(1807,'L',NULL,'Commercial Institutions',NULL,NULL,NULL,NULL,NULL,NULL,NULL,NULL,NULL,4,NULL,NULL),(1808,'L',NULL,'Convenience Stores',NULL,NULL,NULL,NULL,NULL,NULL,NULL,NULL,NULL,4,NULL,NULL),(1809,'L',NULL,'Correctional Facilities',NULL,NULL,NULL,NULL,NULL,NULL,NULL,NULL,NULL,4,NULL,NULL),(1810,'L',NULL,'Dairy Farms',NULL,NULL,NULL,NULL,NULL,NULL,NULL,NULL,NULL,4,NULL,NULL),(1811,'L',NULL,'Day Care Centers',NULL,NULL,NULL,NULL,NULL,NULL,NULL,NULL,NULL,4,NULL,NULL),(1812,'L',NULL,'Dental Offices',NULL,NULL,NULL,NULL,NULL,NULL,NULL,NULL,NULL,4,NULL,NULL),(1813,'L',NULL,'Emergency Vehicles',NULL,NULL,NULL,NULL,NULL,NULL,NULL,NULL,NULL,4,NULL,NULL),(1814,'L',NULL,'Equine Farms',NULL,NULL,NULL,NULL,NULL,NULL,NULL,NULL,NULL,4,NULL,NULL),(1815,'L',NULL,'Factories',NULL,NULL,NULL,NULL,NULL,NULL,NULL,NULL,NULL,4,NULL,NULL),(1816,'L',NULL,'Farms',NULL,NULL,NULL,NULL,NULL,NULL,NULL,NULL,NULL,4,NULL,NULL),(1817,'L',NULL,'Federally Inspected Meat and Poultry Plants',NULL,NULL,NULL,NULL,NULL,NULL,NULL,NULL,NULL,4,NULL,NULL),(1818,'L',NULL,'Food Processing Plants',NULL,NULL,NULL,NULL,NULL,NULL,NULL,NULL,NULL,4,NULL,NULL),(1819,'L',NULL,'Food Storage Areas',NULL,NULL,NULL,NULL,NULL,NULL,NULL,NULL,NULL,4,NULL,NULL),(1820,'L',NULL,'Funeral Homes',NULL,NULL,NULL,NULL,NULL,NULL,NULL,NULL,NULL,4,NULL,NULL),(1821,'L',NULL,'Health Care Facilities',NULL,NULL,NULL,NULL,NULL,NULL,NULL,NULL,NULL,4,NULL,NULL),(1822,'L',NULL,'Hog Farms',NULL,NULL,NULL,NULL,NULL,NULL,NULL,NULL,NULL,4,NULL,NULL),(1823,'L',NULL,'Homes (Households)',NULL,NULL,NULL,NULL,NULL,NULL,NULL,NULL,NULL,4,NULL,NULL),(1824,'L',NULL,'Hospitals',NULL,NULL,NULL,NULL,NULL,NULL,NULL,NULL,NULL,4,NULL,NULL),(1825,'L',NULL,'Hotels',NULL,NULL,NULL,NULL,NULL,NULL,NULL,NULL,NULL,4,NULL,NULL),(1826,'L',NULL,'Industrial Institutions',NULL,NULL,NULL,NULL,NULL,NULL,NULL,NULL,NULL,4,NULL,NULL),(1827,'L',NULL,'Institutional Facilities',NULL,NULL,NULL,NULL,NULL,NULL,NULL,NULL,NULL,4,NULL,NULL),(1828,'L',NULL,'Institutional Kitchens',NULL,NULL,NULL,NULL,NULL,NULL,NULL,NULL,NULL,4,NULL,NULL),(1829,'L',NULL,'Institutions',NULL,NULL,NULL,NULL,NULL,NULL,NULL,NULL,NULL,4,NULL,NULL),(1830,'L',NULL,'Kennels',NULL,NULL,NULL,NULL,NULL,NULL,NULL,NULL,NULL,4,NULL,NULL),(1831,'L',NULL,'Kitchens',NULL,NULL,NULL,NULL,NULL,NULL,NULL,NULL,NULL,4,NULL,NULL),(1832,'L',NULL,'Laundry Industry',NULL,NULL,NULL,NULL,NULL,NULL,NULL,NULL,NULL,4,NULL,NULL),(1833,'L',NULL,'Locker Rooms',NULL,NULL,NULL,NULL,NULL,NULL,NULL,NULL,NULL,4,NULL,NULL),(1834,'L',NULL,'Medical Clinics',NULL,NULL,NULL,NULL,NULL,NULL,NULL,NULL,NULL,4,NULL,NULL),(1835,'L',NULL,'Medical Offices',NULL,NULL,NULL,NULL,NULL,NULL,NULL,NULL,NULL,4,NULL,NULL),(1836,'L',NULL,'Mobile Homes',NULL,NULL,NULL,NULL,NULL,NULL,NULL,NULL,NULL,4,NULL,NULL),(1837,'L',NULL,'Morgues',NULL,NULL,NULL,NULL,NULL,NULL,NULL,NULL,NULL,4,NULL,NULL),(1838,'L',NULL,'Mortuaries',NULL,NULL,NULL,NULL,NULL,NULL,NULL,NULL,NULL,4,NULL,NULL),(1839,'L',NULL,'Motels',NULL,NULL,NULL,NULL,NULL,NULL,NULL,NULL,NULL,4,NULL,NULL),(1840,'L',NULL,'Mushroom Farms',NULL,NULL,NULL,NULL,NULL,NULL,NULL,NULL,NULL,4,NULL,NULL),(1841,'L',NULL,'Nurseries',NULL,NULL,NULL,NULL,NULL,NULL,NULL,NULL,NULL,4,NULL,NULL),(1842,'L',NULL,'Nursing Homes',NULL,NULL,NULL,NULL,NULL,NULL,NULL,NULL,NULL,4,NULL,NULL),(1843,'L',NULL,'Office Buildings',NULL,NULL,NULL,NULL,NULL,NULL,NULL,NULL,NULL,4,NULL,NULL),(1844,'L',NULL,'Pet Animal Quarters',NULL,NULL,NULL,NULL,NULL,NULL,NULL,NULL,NULL,4,NULL,NULL),(1845,'L',NULL,'Pet Shops',NULL,NULL,NULL,NULL,NULL,NULL,NULL,NULL,NULL,4,NULL,NULL),(1846,'L',NULL,'Playground Equipment',NULL,NULL,NULL,NULL,NULL,NULL,NULL,NULL,NULL,4,NULL,NULL),(1847,'L',NULL,'Poultry Farms',NULL,NULL,NULL,NULL,NULL,NULL,NULL,NULL,NULL,4,NULL,NULL),(1848,'L',NULL,'Poultry Plants',NULL,NULL,NULL,NULL,NULL,NULL,NULL,NULL,NULL,4,NULL,NULL),(1849,'L',NULL,'Prisons',NULL,NULL,NULL,NULL,NULL,NULL,NULL,NULL,NULL,4,NULL,NULL),(1850,'L',NULL,'Protective Safety Gear',NULL,NULL,NULL,NULL,NULL,NULL,NULL,NULL,NULL,4,NULL,NULL),(1851,'L',NULL,'Public Facilities',NULL,NULL,NULL,NULL,NULL,NULL,NULL,NULL,NULL,4,NULL,NULL),(1852,'L',NULL,'Public Rest Rooms',NULL,NULL,NULL,NULL,NULL,NULL,NULL,NULL,NULL,4,NULL,NULL),(1853,'L',NULL,'Recreational Vehicle Use',NULL,NULL,NULL,NULL,NULL,NULL,NULL,NULL,NULL,4,NULL,NULL),(1854,'L',NULL,'Restaurants',NULL,NULL,NULL,NULL,NULL,NULL,NULL,NULL,NULL,4,NULL,NULL),(1855,'L',NULL,'Salons (Beauty)',NULL,NULL,NULL,NULL,NULL,NULL,NULL,NULL,NULL,4,NULL,NULL),(1856,'L',NULL,'Schools',NULL,NULL,NULL,NULL,NULL,NULL,NULL,NULL,NULL,4,NULL,NULL),(1857,'L',NULL,'Ships',NULL,NULL,NULL,NULL,NULL,NULL,NULL,NULL,NULL,4,NULL,NULL),(1858,'L',NULL,'Shower and Bath Areas',NULL,NULL,NULL,NULL,NULL,NULL,NULL,NULL,NULL,4,NULL,NULL),(1859,'L',NULL,'Tack Shops',NULL,NULL,NULL,NULL,NULL,NULL,NULL,NULL,NULL,4,NULL,NULL),(1860,'L',NULL,'Tanning Salons',NULL,NULL,NULL,NULL,NULL,NULL,NULL,NULL,NULL,4,NULL,NULL),(1861,'L',NULL,'Taxis',NULL,NULL,NULL,NULL,NULL,NULL,NULL,NULL,NULL,4,NULL,NULL),(1862,'L',NULL,'Trailers',NULL,NULL,NULL,NULL,NULL,NULL,NULL,NULL,NULL,4,NULL,NULL),(1863,'L',NULL,'Trains',NULL,NULL,NULL,NULL,NULL,NULL,NULL,NULL,NULL,4,NULL,NULL),(1864,'L',NULL,'Transportation Terminals',NULL,NULL,NULL,NULL,NULL,NULL,NULL,NULL,NULL,4,NULL,NULL),(1865,'L',NULL,'Turkey Farms',NULL,NULL,NULL,NULL,NULL,NULL,NULL,NULL,NULL,4,NULL,NULL),(1866,'L',NULL,'USDA Inspected Food Processing Facilities',NULL,NULL,NULL,NULL,NULL,NULL,NULL,NULL,NULL,4,NULL,NULL),(1867,'L',NULL,'Verterinary Clinics',NULL,NULL,NULL,NULL,NULL,NULL,NULL,NULL,NULL,4,NULL,NULL),(1868,'L',NULL,'Veterinary Practice',NULL,NULL,NULL,NULL,NULL,NULL,NULL,NULL,NULL,4,NULL,NULL),(1869,'L',NULL,'Whirlpool and Foot Spa Use',NULL,NULL,NULL,NULL,NULL,NULL,NULL,NULL,NULL,4,NULL,NULL),(1870,'L',NULL,'Zoos',NULL,NULL,NULL,NULL,NULL,NULL,NULL,NULL,NULL,4,NULL,NULL),(1872,'C','Viruses','*Adenovirus Type 4',NULL,NULL,NULL,NULL,NULL,NULL,NULL,NULL,NULL,5,NULL,NULL),(1873,'C','Viruses','*Hepatitis B Virus (HBV)',NULL,NULL,NULL,NULL,NULL,NULL,NULL,NULL,NULL,5,NULL,NULL),(1874,'C','Viruses','*Hepatitis C Virus (HCV)',NULL,NULL,NULL,NULL,NULL,NULL,NULL,NULL,NULL,5,NULL,NULL),(1875,'C','Viruses','*Herpes Simplex Type 1',NULL,NULL,NULL,NULL,NULL,NULL,NULL,NULL,NULL,5,NULL,NULL),(1876,'C','Viruses','*Herpes Simplex Type 2',NULL,NULL,NULL,NULL,NULL,NULL,NULL,NULL,NULL,5,NULL,NULL),(1877,'C','Viruses','*Human coronavirus ',NULL,NULL,NULL,NULL,NULL,NULL,NULL,NULL,NULL,5,NULL,NULL),(1878,'C','Viruses','*HIV-1 (AIDS virus)',NULL,NULL,NULL,NULL,NULL,NULL,NULL,NULL,NULL,5,NULL,NULL),(1879,'C','Viruses','*Influenza A/ Hong Kong',NULL,NULL,NULL,NULL,NULL,NULL,NULL,NULL,NULL,5,NULL,NULL),(1880,'C','Viruses','*Respiratory Syncytial Virus (RSV)',NULL,NULL,NULL,NULL,NULL,NULL,NULL,NULL,NULL,5,NULL,NULL),(1881,'C','Viruses','*Rubella (German Measles)',NULL,NULL,NULL,NULL,NULL,NULL,NULL,NULL,NULL,5,NULL,NULL),(1882,'C','Viruses','*Vaccinia [Pox virus]',NULL,NULL,NULL,NULL,NULL,NULL,NULL,NULL,NULL,5,NULL,NULL),(1883,'C','Viruses','*Avian polyomavirus',NULL,NULL,NULL,NULL,NULL,NULL,NULL,NULL,NULL,5,NULL,NULL),(1884,'C','Viruses','*Canine distemper',NULL,NULL,NULL,NULL,NULL,NULL,NULL,NULL,NULL,5,NULL,NULL),(1885,'C','Viruses','*Canine parvovirus- at 2 oz. per gallon',NULL,NULL,NULL,NULL,NULL,NULL,NULL,NULL,NULL,5,NULL,NULL),(1886,'C','Viruses','*Feline leukemia',NULL,NULL,NULL,NULL,NULL,NULL,NULL,NULL,NULL,5,NULL,NULL),(1887,'C','Viruses','*Feline picomavirus',NULL,NULL,NULL,NULL,NULL,NULL,NULL,NULL,NULL,5,NULL,NULL),(1888,'C','Viruses','*Infectious bovine rhinotracheitis',NULL,NULL,NULL,NULL,NULL,NULL,NULL,NULL,NULL,5,NULL,NULL),(1889,'C','Viruses','*Infectious bronchitis (Avian IBV)',NULL,NULL,NULL,NULL,NULL,NULL,NULL,NULL,NULL,5,NULL,NULL),(1890,'C','Viruses','*Pseudorabies (PRV)',NULL,NULL,NULL,NULL,NULL,NULL,NULL,NULL,NULL,5,NULL,NULL),(1891,'C','Viruses','*Rabies',NULL,NULL,NULL,NULL,NULL,NULL,NULL,NULL,NULL,5,NULL,NULL),(1892,'C','Fungi','Aspergillus niger',NULL,NULL,NULL,NULL,NULL,NULL,NULL,NULL,NULL,5,NULL,NULL),(1893,'C','Fungi','Candida albicans',NULL,NULL,NULL,NULL,NULL,NULL,NULL,NULL,NULL,5,NULL,NULL),(1894,'C','Fungi','Trichophyton mentagrophytes [Athlete\'s Foot Fungus]',NULL,NULL,NULL,NULL,NULL,NULL,NULL,NULL,NULL,5,NULL,NULL),(1895,'C','Bacteria','Pseudomonas aeruginosa',NULL,NULL,NULL,NULL,NULL,NULL,NULL,NULL,2,5,NULL,NULL),(1898,'C','Bacteria','Acinetobacter calcoaceticus',NULL,NULL,NULL,NULL,NULL,NULL,NULL,NULL,NULL,5,NULL,NULL),(1899,'C','Bacteria','Bordetella bronchiseptica',NULL,NULL,NULL,NULL,NULL,NULL,NULL,NULL,NULL,5,NULL,NULL),(1900,'C','Bacteria','Chlamydia psittaci',NULL,NULL,NULL,NULL,NULL,NULL,NULL,NULL,NULL,5,NULL,NULL),(1901,'C','Bacteria','Enterobacter aerogenes',NULL,NULL,NULL,NULL,NULL,NULL,NULL,NULL,NULL,5,NULL,NULL),(1902,'C','Bacteria','Enterobacter cloacae',NULL,NULL,NULL,NULL,NULL,NULL,NULL,NULL,NULL,5,NULL,NULL),(1903,'C','Bacteria','Enterococcus faecalis- Vancomycin Resistant (VRE)',NULL,NULL,NULL,NULL,NULL,NULL,NULL,NULL,NULL,5,NULL,NULL),(1904,'C','Bacteria','Escherichia coli',NULL,NULL,NULL,NULL,NULL,NULL,NULL,NULL,2,5,NULL,NULL),(1905,'C','Bacteria','Fusobacterium necrophorum',NULL,NULL,NULL,NULL,NULL,NULL,NULL,NULL,NULL,5,NULL,NULL),(1906,'C','Bacteria','Kiebsiella pneumoniae',NULL,NULL,NULL,NULL,NULL,NULL,NULL,NULL,2,5,NULL,NULL),(1907,'C','Bacteria','Legionella pneumophilia',NULL,NULL,NULL,NULL,NULL,NULL,NULL,NULL,NULL,5,NULL,NULL),(1908,'C','Bacteria','Listeria monocytogenes',NULL,NULL,NULL,NULL,NULL,NULL,NULL,NULL,NULL,5,NULL,NULL),(1909,'C','Bacteria','Pasteurella multocida ',NULL,NULL,NULL,NULL,NULL,NULL,NULL,NULL,NULL,5,NULL,NULL),(1910,'C','Bacteria','Proteus mirabilis',NULL,NULL,NULL,NULL,NULL,NULL,NULL,NULL,NULL,5,NULL,NULL),(1911,'C','Bacteria','Proteus vulgaris',NULL,NULL,NULL,NULL,NULL,NULL,NULL,NULL,NULL,5,NULL,NULL),(1918,'C','Bacteria','Staphylococcus aureus- Methicillin resistant (MRSA)',NULL,NULL,NULL,NULL,NULL,NULL,NULL,NULL,NULL,5,NULL,NULL),(1919,'C','Bacteria','Staphylococcus aureus- Vancomycin Intermediate Resistant (VISA)',NULL,NULL,NULL,NULL,NULL,NULL,NULL,NULL,NULL,5,NULL,NULL),(1920,'C','Bacteria','Staphylococcus epidermidis',NULL,NULL,NULL,NULL,NULL,NULL,NULL,NULL,3,5,NULL,NULL),(1921,'C','Bacteria','Streptococcus faecalis',NULL,NULL,NULL,NULL,NULL,NULL,NULL,NULL,2,5,NULL,NULL),(1922,'C','Bacteria','Steptococcus pyogenes [cause of Scarlet fever]',NULL,NULL,NULL,NULL,NULL,NULL,NULL,NULL,NULL,5,NULL,NULL),(1952,'C','Bacteria','Staphylococcus aureus',NULL,NULL,NULL,NULL,NULL,NULL,NULL,NULL,2,5,NULL,NULL),(1953,'C','Bacteria','Salmonella choleraesuis ',NULL,NULL,NULL,NULL,NULL,NULL,NULL,NULL,NULL,5,NULL,NULL),(1968,'C','Bacteria','Salmonella enteritidis',NULL,NULL,NULL,NULL,NULL,NULL,NULL,NULL,NULL,5,NULL,NULL),(1969,'C','Bacteria','Salmonella typhi',NULL,NULL,NULL,NULL,NULL,NULL,NULL,NULL,NULL,5,NULL,NULL),(1970,'C','Bacteria','Salmonella typhimurium',NULL,NULL,NULL,NULL,NULL,NULL,NULL,NULL,NULL,5,NULL,NULL),(1971,'C','Bacteria','Serratia marcescens',NULL,NULL,NULL,NULL,NULL,NULL,NULL,NULL,NULL,5,NULL,NULL),(1972,'C','Bacteria','Shigella fiexneri',NULL,NULL,NULL,NULL,NULL,NULL,NULL,NULL,NULL,5,NULL,NULL),(1973,'C','Bacteria','Shigella sonnei',NULL,NULL,NULL,NULL,NULL,NULL,NULL,NULL,NULL,5,NULL,NULL),(1979,'S',NULL,'Use Formulatin HWS-256 on washable hard',NULL,NULL,NULL,NULL,NULL,NULL,NULL,NULL,NULL,6,NULL,NULL),(1980,'S',NULL,'Appliances',NULL,NULL,NULL,NULL,NULL,NULL,NULL,NULL,NULL,6,NULL,NULL),(1981,'S',NULL,'Bathroom fixtures',NULL,NULL,NULL,NULL,NULL,NULL,NULL,NULL,NULL,6,NULL,NULL),(1982,'S',NULL,'Bathtubs (Fiberglass)',NULL,NULL,NULL,NULL,NULL,NULL,NULL,NULL,NULL,6,NULL,NULL),(1983,'S',NULL,'Cabinets',NULL,NULL,NULL,NULL,NULL,NULL,NULL,NULL,NULL,6,NULL,NULL),(1984,'S',NULL,'Cages',NULL,NULL,NULL,NULL,NULL,NULL,NULL,NULL,NULL,6,NULL,NULL),(1985,'S',NULL,'Chairs',NULL,NULL,NULL,NULL,NULL,NULL,NULL,NULL,NULL,6,NULL,NULL),(1986,'S',NULL,'Coils and drain pans of air conditioning and refrigeration equipment and heat pumps',NULL,NULL,NULL,NULL,NULL,NULL,NULL,NULL,NULL,6,NULL,NULL),(1987,'S',NULL,'Conductive flooring',NULL,NULL,NULL,NULL,NULL,NULL,NULL,NULL,NULL,6,NULL,NULL),(1988,'S',NULL,'Counters (countertops)',NULL,NULL,NULL,NULL,NULL,NULL,NULL,NULL,NULL,6,NULL,NULL),(1989,'S',NULL,'Countertop laminates',NULL,NULL,NULL,NULL,NULL,NULL,NULL,NULL,NULL,6,NULL,NULL),(1990,'S',NULL,'Desks',NULL,NULL,NULL,NULL,NULL,NULL,NULL,NULL,NULL,6,NULL,NULL),(1991,'S',NULL,'Doorknobs',NULL,NULL,NULL,NULL,NULL,NULL,NULL,NULL,NULL,6,NULL,NULL),(1992,'S',NULL,'Floors',NULL,NULL,NULL,NULL,NULL,NULL,NULL,NULL,NULL,6,NULL,NULL),(1993,'S',NULL,'Garbage cans',NULL,NULL,NULL,NULL,NULL,NULL,NULL,NULL,NULL,6,NULL,NULL),(1994,'S',NULL,'Highchairs',NULL,NULL,NULL,NULL,NULL,NULL,NULL,NULL,NULL,6,NULL,NULL),(1995,'S',NULL,'Kennel runs',NULL,NULL,NULL,NULL,NULL,NULL,NULL,NULL,NULL,6,NULL,NULL),(1996,'S',NULL,'Microwave ovens',NULL,NULL,NULL,NULL,NULL,NULL,NULL,NULL,NULL,6,NULL,NULL),(1997,'S',NULL,'Outdoor furniture',NULL,NULL,NULL,NULL,NULL,NULL,NULL,NULL,NULL,6,NULL,NULL),(1998,'S',NULL,'Refrigerators',NULL,NULL,NULL,NULL,NULL,NULL,NULL,NULL,NULL,6,NULL,NULL),(1999,'S',NULL,'Refrigerated storage and display equipment',NULL,NULL,NULL,NULL,NULL,NULL,NULL,NULL,NULL,6,NULL,NULL),(2000,'S',NULL,'Tanning Beds',NULL,NULL,NULL,NULL,NULL,NULL,NULL,NULL,NULL,6,NULL,NULL),(2001,'S',NULL,'Tanning Equipment',NULL,NULL,NULL,NULL,NULL,NULL,NULL,NULL,NULL,6,NULL,NULL),(2002,'S',NULL,'Telephones',NULL,NULL,NULL,NULL,NULL,NULL,NULL,NULL,NULL,6,NULL,NULL),(2003,'S',NULL,'Other hard nonporous surfaces made of:',NULL,NULL,NULL,NULL,NULL,NULL,NULL,NULL,NULL,6,NULL,NULL),(2004,'S',NULL,'Glazed ceramic',NULL,NULL,NULL,NULL,NULL,NULL,NULL,NULL,NULL,6,NULL,NULL),(2005,'S',NULL,'Glazed enameled surfaces',NULL,NULL,NULL,NULL,NULL,NULL,NULL,NULL,NULL,6,NULL,NULL),(2006,'S',NULL,'Laminated surfaces',NULL,NULL,NULL,NULL,NULL,NULL,NULL,NULL,NULL,6,NULL,NULL),(2007,'S',NULL,'Metal',NULL,NULL,NULL,NULL,NULL,NULL,NULL,NULL,NULL,6,NULL,NULL),(2008,'S',NULL,'Plastic (such as polystyrene or polypropylene)',NULL,NULL,NULL,NULL,NULL,NULL,NULL,NULL,NULL,6,NULL,NULL),(2009,'S',NULL,'Sealed granite',NULL,NULL,NULL,NULL,NULL,NULL,NULL,NULL,NULL,6,NULL,NULL),(2010,'S',NULL,'Sealed limestone',NULL,NULL,NULL,NULL,NULL,NULL,NULL,NULL,NULL,6,NULL,NULL),(2011,'S',NULL,'Sealed marble',NULL,NULL,NULL,NULL,NULL,NULL,NULL,NULL,NULL,6,NULL,NULL),(2012,'S',NULL,'Sealed slate',NULL,NULL,NULL,NULL,NULL,NULL,NULL,NULL,NULL,6,NULL,NULL),(2013,'S',NULL,'Sealed stone',NULL,NULL,NULL,NULL,NULL,NULL,NULL,NULL,NULL,6,NULL,NULL),(2014,'S',NULL,'Sealed terra cotta',NULL,NULL,NULL,NULL,NULL,NULL,NULL,NULL,NULL,6,NULL,NULL),(2015,'S',NULL,'Sealed terrazzo',NULL,NULL,NULL,NULL,NULL,NULL,NULL,NULL,NULL,6,NULL,NULL),(2016,'S',NULL,'Stainless steel',NULL,NULL,NULL,NULL,NULL,NULL,NULL,NULL,NULL,6,NULL,NULL),(2017,'S',NULL,'Upholstery',NULL,NULL,NULL,NULL,NULL,NULL,NULL,NULL,NULL,6,NULL,NULL),(2018,'S',NULL,'Woodwork',NULL,NULL,NULL,NULL,NULL,NULL,NULL,NULL,NULL,6,NULL,NULL),(2020,'L',NULL,'Bathrooms',NULL,NULL,NULL,NULL,NULL,NULL,NULL,NULL,NULL,7,NULL,NULL),(2021,'L',NULL,'Homes (Households)',NULL,NULL,NULL,NULL,NULL,NULL,NULL,NULL,NULL,7,NULL,NULL),(2022,'L',NULL,'Kitchens',NULL,NULL,NULL,NULL,NULL,NULL,NULL,NULL,NULL,7,NULL,NULL),(2023,'L',NULL,'Dental Offices',NULL,NULL,NULL,NULL,NULL,NULL,NULL,NULL,NULL,7,NULL,NULL),(2024,'L',NULL,'Health Care Facilities',NULL,NULL,NULL,NULL,NULL,NULL,NULL,NULL,NULL,7,NULL,NULL),(2025,'L',NULL,'Hospitals',NULL,NULL,NULL,NULL,NULL,NULL,NULL,NULL,NULL,7,NULL,NULL),(2026,'L',NULL,'Medical Clinics',NULL,NULL,NULL,NULL,NULL,NULL,NULL,NULL,NULL,7,NULL,NULL),(2027,'L',NULL,'Medical Offices',NULL,NULL,NULL,NULL,NULL,NULL,NULL,NULL,NULL,7,NULL,NULL),(2028,'L',NULL,'Nursing Homes',NULL,NULL,NULL,NULL,NULL,NULL,NULL,NULL,NULL,7,NULL,NULL),(2029,'L',NULL,'Day Care Centers',NULL,NULL,NULL,NULL,NULL,NULL,NULL,NULL,NULL,7,NULL,NULL),(2030,'L',NULL,'Nurseries',NULL,NULL,NULL,NULL,NULL,NULL,NULL,NULL,NULL,7,NULL,NULL),(2031,'L',NULL,'Schools',NULL,NULL,NULL,NULL,NULL,NULL,NULL,NULL,NULL,7,NULL,NULL),(2032,'L',NULL,'Bars',NULL,NULL,NULL,NULL,NULL,NULL,NULL,NULL,NULL,7,NULL,NULL),(2033,'L',NULL,'Cafeterias',NULL,NULL,NULL,NULL,NULL,NULL,NULL,NULL,NULL,7,NULL,NULL),(2034,'L',NULL,'Convenience Stores',NULL,NULL,NULL,NULL,NULL,NULL,NULL,NULL,NULL,7,NULL,NULL),(2035,'L',NULL,'Food Processing Plants',NULL,NULL,NULL,NULL,NULL,NULL,NULL,NULL,NULL,7,NULL,NULL),(2036,'L',NULL,'Food Storage Areas',NULL,NULL,NULL,NULL,NULL,NULL,NULL,NULL,NULL,7,NULL,NULL),(2037,'L',NULL,'Institutional Kitchens',NULL,NULL,NULL,NULL,NULL,NULL,NULL,NULL,NULL,7,NULL,NULL),(2038,'L',NULL,'Restaurants',NULL,NULL,NULL,NULL,NULL,NULL,NULL,NULL,NULL,7,NULL,NULL),(2039,'L',NULL,'USDA Inspected Food Processing Facilities',NULL,NULL,NULL,NULL,NULL,NULL,NULL,NULL,NULL,7,NULL,NULL),(2040,'L',NULL,'Athletic Facilities',NULL,NULL,NULL,NULL,NULL,NULL,NULL,NULL,NULL,7,NULL,NULL),(2041,'L',NULL,'Barber Shops',NULL,NULL,NULL,NULL,NULL,NULL,NULL,NULL,NULL,7,NULL,NULL),(2042,'L',NULL,'Business and Office Buildings',NULL,NULL,NULL,NULL,NULL,NULL,NULL,NULL,NULL,7,NULL,NULL),(2043,'L',NULL,'Colleges',NULL,NULL,NULL,NULL,NULL,NULL,NULL,NULL,NULL,7,NULL,NULL),(2044,'L',NULL,'Commercial Institutions',NULL,NULL,NULL,NULL,NULL,NULL,NULL,NULL,NULL,7,NULL,NULL),(2045,'L',NULL,'Correctional Facilities',NULL,NULL,NULL,NULL,NULL,NULL,NULL,NULL,NULL,7,NULL,NULL),(2046,'L',NULL,'Factories',NULL,NULL,NULL,NULL,NULL,NULL,NULL,NULL,NULL,7,NULL,NULL),(2047,'L',NULL,'Hotels',NULL,NULL,NULL,NULL,NULL,NULL,NULL,NULL,NULL,7,NULL,NULL),(2048,'L',NULL,'Industrial Institutions',NULL,NULL,NULL,NULL,NULL,NULL,NULL,NULL,NULL,7,NULL,NULL),(2049,'L',NULL,'Institutional Facilities',NULL,NULL,NULL,NULL,NULL,NULL,NULL,NULL,NULL,7,NULL,NULL),(2050,'L',NULL,'Institutions',NULL,NULL,NULL,NULL,NULL,NULL,NULL,NULL,NULL,7,NULL,NULL),(2051,'L',NULL,'Laundry Industry',NULL,NULL,NULL,NULL,NULL,NULL,NULL,NULL,NULL,7,NULL,NULL),(2052,'L',NULL,'Locker Rooms',NULL,NULL,NULL,NULL,NULL,NULL,NULL,NULL,NULL,7,NULL,NULL),(2053,'L',NULL,'Morgues',NULL,NULL,NULL,NULL,NULL,NULL,NULL,NULL,NULL,7,NULL,NULL),(2054,'L',NULL,'Mortuaries',NULL,NULL,NULL,NULL,NULL,NULL,NULL,NULL,NULL,7,NULL,NULL),(2055,'L',NULL,'Motels',NULL,NULL,NULL,NULL,NULL,NULL,NULL,NULL,NULL,7,NULL,NULL),(2056,'L',NULL,'Office Buildings',NULL,NULL,NULL,NULL,NULL,NULL,NULL,NULL,NULL,7,NULL,NULL),(2057,'L',NULL,'Prisons',NULL,NULL,NULL,NULL,NULL,NULL,NULL,NULL,NULL,7,NULL,NULL),(2058,'L',NULL,'Public Facilities',NULL,NULL,NULL,NULL,NULL,NULL,NULL,NULL,NULL,7,NULL,NULL),(2059,'L',NULL,'Public Rest Rooms',NULL,NULL,NULL,NULL,NULL,NULL,NULL,NULL,NULL,7,NULL,NULL),(2060,'L',NULL,'Schools',NULL,NULL,NULL,NULL,NULL,NULL,NULL,NULL,NULL,7,NULL,NULL),(2061,'L',NULL,'Shower and Bath Areas',NULL,NULL,NULL,NULL,NULL,NULL,NULL,NULL,NULL,7,NULL,NULL),(2062,'L',NULL,'Salons (Beauty)',NULL,NULL,NULL,NULL,NULL,NULL,NULL,NULL,NULL,7,NULL,NULL),(2063,'L',NULL,'Tanning Salons',NULL,NULL,NULL,NULL,NULL,NULL,NULL,NULL,NULL,7,NULL,NULL),(2064,'L',NULL,'Whirlpool and Foot Spa Use',NULL,NULL,NULL,NULL,NULL,NULL,NULL,NULL,NULL,7,NULL,NULL),(2065,'L',NULL,'Camp Grounds',NULL,NULL,NULL,NULL,NULL,NULL,NULL,NULL,NULL,7,NULL,NULL),(2066,'L',NULL,'Playground Equipment',NULL,NULL,NULL,NULL,NULL,NULL,NULL,NULL,NULL,7,NULL,NULL),(2067,'L',NULL,'Protective Safety Gear',NULL,NULL,NULL,NULL,NULL,NULL,NULL,NULL,NULL,7,NULL,NULL),(2068,'L',NULL,'Animal Laboratories',NULL,NULL,NULL,NULL,NULL,NULL,NULL,NULL,NULL,7,NULL,NULL),(2069,'L',NULL,'Animal Life Science Laboratories',NULL,NULL,NULL,NULL,NULL,NULL,NULL,NULL,NULL,7,NULL,NULL),(2070,'L',NULL,'Dairy Farms',NULL,NULL,NULL,NULL,NULL,NULL,NULL,NULL,NULL,7,NULL,NULL),(2071,'L',NULL,'Equine Farms',NULL,NULL,NULL,NULL,NULL,NULL,NULL,NULL,NULL,7,NULL,NULL),(2072,'L',NULL,'Farms',NULL,NULL,NULL,NULL,NULL,NULL,NULL,NULL,NULL,7,NULL,NULL),(2073,'L',NULL,'Federally Inspected Meat and Poultry Plants',NULL,NULL,NULL,NULL,NULL,NULL,NULL,NULL,NULL,7,NULL,NULL),(2074,'L',NULL,'Funeral Homes',NULL,NULL,NULL,NULL,NULL,NULL,NULL,NULL,NULL,7,NULL,NULL),(2075,'L',NULL,'Hog Farms',NULL,NULL,NULL,NULL,NULL,NULL,NULL,NULL,NULL,7,NULL,NULL),(2076,'L',NULL,'Kennels',NULL,NULL,NULL,NULL,NULL,NULL,NULL,NULL,NULL,7,NULL,NULL),(2077,'L',NULL,'Mushroom Farms',NULL,NULL,NULL,NULL,NULL,NULL,NULL,NULL,NULL,7,NULL,NULL),(2078,'L',NULL,'Poultry Farms',NULL,NULL,NULL,NULL,NULL,NULL,NULL,NULL,NULL,7,NULL,NULL),(2079,'L',NULL,'Pet Animal Quarters',NULL,NULL,NULL,NULL,NULL,NULL,NULL,NULL,NULL,7,NULL,NULL),(2080,'L',NULL,'Pet Shops',NULL,NULL,NULL,NULL,NULL,NULL,NULL,NULL,NULL,7,NULL,NULL),(2081,'L',NULL,'Tack Shops',NULL,NULL,NULL,NULL,NULL,NULL,NULL,NULL,NULL,7,NULL,NULL),(2082,'L',NULL,'Turkey Farms',NULL,NULL,NULL,NULL,NULL,NULL,NULL,NULL,NULL,7,NULL,NULL),(2083,'L',NULL,'Verterinary Clinics',NULL,NULL,NULL,NULL,NULL,NULL,NULL,NULL,NULL,7,NULL,NULL),(2084,'L',NULL,'Zoos',NULL,NULL,NULL,NULL,NULL,NULL,NULL,NULL,NULL,7,NULL,NULL),(2085,'L',NULL,'Beverage Plants',NULL,NULL,NULL,NULL,NULL,NULL,NULL,NULL,NULL,7,NULL,NULL),(2086,'L',NULL,'Breeding and Grooming Establishments',NULL,NULL,NULL,NULL,NULL,NULL,NULL,NULL,NULL,7,NULL,NULL),(2087,'L',NULL,'Breweries',NULL,NULL,NULL,NULL,NULL,NULL,NULL,NULL,NULL,7,NULL,NULL),(2088,'L',NULL,'Carpeting',NULL,NULL,NULL,NULL,NULL,NULL,NULL,NULL,NULL,7,NULL,NULL),(2089,'L',NULL,'Citus Plants ',NULL,NULL,NULL,NULL,NULL,NULL,NULL,NULL,NULL,7,NULL,NULL),(2090,'L',NULL,'Airplanes',NULL,NULL,NULL,NULL,NULL,NULL,NULL,NULL,NULL,7,NULL,NULL),(2091,'L',NULL,'Airports',NULL,NULL,NULL,NULL,NULL,NULL,NULL,NULL,NULL,7,NULL,NULL),(2092,'L',NULL,'Automotive Industy',NULL,NULL,NULL,NULL,NULL,NULL,NULL,NULL,NULL,7,NULL,NULL),(2093,'L',NULL,'Boats',NULL,NULL,NULL,NULL,NULL,NULL,NULL,NULL,NULL,7,NULL,NULL),(2094,'L',NULL,'Buses',NULL,NULL,NULL,NULL,NULL,NULL,NULL,NULL,NULL,7,NULL,NULL),(2095,'L',NULL,'Campers',NULL,NULL,NULL,NULL,NULL,NULL,NULL,NULL,NULL,7,NULL,NULL),(2096,'L',NULL,'Cars',NULL,NULL,NULL,NULL,NULL,NULL,NULL,NULL,NULL,7,NULL,NULL),(2097,'L',NULL,'Emergency Vehicles',NULL,NULL,NULL,NULL,NULL,NULL,NULL,NULL,NULL,7,NULL,NULL),(2098,'L',NULL,'Mobile Homes',NULL,NULL,NULL,NULL,NULL,NULL,NULL,NULL,NULL,7,NULL,NULL),(2099,'L',NULL,'Recreational Vehicle Use',NULL,NULL,NULL,NULL,NULL,NULL,NULL,NULL,NULL,7,NULL,NULL),(2100,'L',NULL,'Ships',NULL,NULL,NULL,NULL,NULL,NULL,NULL,NULL,NULL,7,NULL,NULL),(2101,'L',NULL,'Taxis',NULL,NULL,NULL,NULL,NULL,NULL,NULL,NULL,NULL,7,NULL,NULL),(2102,'L',NULL,'Trailers',NULL,NULL,NULL,NULL,NULL,NULL,NULL,NULL,NULL,7,NULL,NULL),(2103,'L',NULL,'Trains',NULL,NULL,NULL,NULL,NULL,NULL,NULL,NULL,NULL,7,NULL,NULL),(2104,'L',NULL,'Transportation Terminals',NULL,NULL,NULL,NULL,NULL,NULL,NULL,NULL,NULL,7,NULL,NULL),(2121,'T',NULL,'Disinfectant',NULL,NULL,NULL,NULL,NULL,NULL,NULL,NULL,NULL,8,NULL,NULL),(2122,'T',NULL,'Sanitizer',NULL,NULL,NULL,NULL,NULL,NULL,NULL,NULL,NULL,8,NULL,NULL),(2123,'T',NULL,'Viruscide',NULL,NULL,NULL,NULL,NULL,NULL,NULL,NULL,NULL,8,NULL,NULL),(2124,'T',NULL,'Fungicide',NULL,NULL,NULL,NULL,NULL,NULL,NULL,NULL,NULL,8,NULL,NULL),(2125,'T',NULL,'Algaecide',NULL,NULL,NULL,NULL,NULL,NULL,NULL,NULL,NULL,8,NULL,NULL),(2126,'T',NULL,'General Purpose Anti-microbial',NULL,NULL,NULL,NULL,NULL,NULL,NULL,NULL,NULL,8,NULL,NULL),(2127,'T',NULL,'Tuberculocide',NULL,NULL,NULL,NULL,NULL,NULL,NULL,NULL,NULL,8,NULL,NULL),(2318,'C','Bacteria','Acinetobacter baumannii {{ATCC#}}',NULL,NULL,NULL,NULL,NULL,NULL,NULL,NULL,NULL,13,NULL,NULL),(2319,'C','Bacteria','Acinetobacter iwoffi {{ATCC#}}',NULL,NULL,NULL,NULL,NULL,NULL,NULL,NULL,NULL,13,NULL,NULL),(2320,'C','Bacteria','Acinetobacter iwoffi {{ATCC#}}',NULL,NULL,NULL,NULL,NULL,NULL,NULL,NULL,NULL,13,NULL,NULL),(2321,'C','Bacteria','Bordeteiia bronchiseptica {{ATCC#}}',NULL,NULL,NULL,NULL,NULL,NULL,NULL,NULL,NULL,13,NULL,NULL),(2322,'C','Bacteria','Citrobacter freundii {{ATCC#}}',NULL,NULL,NULL,NULL,NULL,NULL,NULL,NULL,NULL,13,NULL,NULL),(2323,'C','Bacteria','Chlamydia psittaci {{ATCC#}}',NULL,NULL,NULL,NULL,NULL,NULL,NULL,NULL,NULL,13,NULL,NULL),(2324,'C','Bacteria','Enterobacter aggiomerans {{ATCC#}}',NULL,NULL,NULL,NULL,NULL,NULL,NULL,NULL,NULL,13,NULL,NULL),(2325,'C','Bacteria','Enterobacter aerogenes {{ATCC#}}',NULL,NULL,NULL,NULL,NULL,NULL,NULL,NULL,NULL,13,NULL,NULL),(2326,'C','Bacteria','Enterobacter cloacae {{ATCC#}}',NULL,NULL,NULL,NULL,NULL,NULL,NULL,NULL,NULL,13,NULL,NULL),(2327,'C','Bacteria','Escherichia coli {(ATCC 11229)}',NULL,NULL,NULL,NULL,NULL,NULL,NULL,NULL,NULL,13,NULL,NULL),(2328,'C','Bacteria','Escherichia coii 0111:H8 {(ATCC BAA-184)}',NULL,NULL,NULL,NULL,NULL,NULL,NULL,NULL,NULL,13,NULL,NULL),(2329,'C','Bacteria','Escherichia coii {(Extended Spectrum B-Lactamase)} {(ESBL)}{(ATCC BAA-196)}',NULL,NULL,NULL,NULL,NULL,NULL,NULL,NULL,NULL,13,NULL,NULL),(2330,'C','Bacteria','Escherichia coii {(Tetracycline Resistant)} {(ATCC 47041)}',NULL,NULL,NULL,NULL,NULL,NULL,NULL,NULL,NULL,13,NULL,NULL),(2331,'C','Bacteria','Enterococcus faecaiis {{ATCC#}}',NULL,NULL,NULL,NULL,NULL,NULL,NULL,NULL,NULL,13,NULL,NULL),(2332,'C','Bacteria','Enterococcus hirae {(ATCC 10541)}',NULL,NULL,NULL,NULL,NULL,NULL,NULL,NULL,NULL,13,NULL,NULL),(2333,'C','Bacteria','Fusobacterium necrophorum {(ATCC 27852)}',NULL,NULL,NULL,NULL,NULL,NULL,NULL,NULL,NULL,13,NULL,NULL),(2334,'C','Bacteria','Kiebsieiia oxytoca {(ATCC 13182)}',NULL,NULL,NULL,NULL,NULL,NULL,NULL,NULL,NULL,13,NULL,NULL),(2335,'C','Bacteria','Klebsiella pneumoniae {(ATCC 13883)}',NULL,NULL,NULL,NULL,NULL,NULL,NULL,NULL,NULL,13,NULL,NULL),(2336,'C','Bacteria','Kiebsieiia pneumonia {(NDM-1 positive)} {(New Delhi metallo-betalactamase)} {(CDC 1000527)}',NULL,NULL,NULL,NULL,NULL,NULL,NULL,NULL,NULL,13,NULL,NULL),(2337,'C','Bacteria','Listeria monocytogenes {(ATCC 19117)}',NULL,NULL,NULL,NULL,NULL,NULL,NULL,NULL,NULL,13,NULL,NULL),(2338,'C','Bacteria','Micrococcus luteus {(ATCC 14452)}',NULL,NULL,NULL,NULL,NULL,NULL,NULL,NULL,NULL,13,NULL,NULL),(2339,'C','Bacteria','Micrococcus luteus {(ATCC 4698)}',NULL,NULL,NULL,NULL,NULL,NULL,NULL,NULL,NULL,13,NULL,NULL),(2340,'C','Bacteria','Pastureila muitocida ({ATCC 12947)}',NULL,NULL,NULL,NULL,NULL,NULL,NULL,NULL,NULL,13,NULL,NULL),(2341,'C','Bacteria','Profeus vu/gans {(ATCC 9920)}',NULL,NULL,NULL,NULL,NULL,NULL,NULL,NULL,NULL,13,NULL,NULL),(2342,'C','Bacteria','Proteus vulgaris {(ATCC 13315)}',NULL,NULL,NULL,NULL,NULL,NULL,NULL,NULL,NULL,13,NULL,NULL),(2343,'C','Bacteria','Pseudomonas aeruginosa {(Tetracycline Resistant)} {(ATCC 15442)}',NULL,NULL,NULL,NULL,NULL,NULL,NULL,NULL,NULL,13,NULL,NULL),(2344,'C','Bacteria','Pseudomonas aeruginosa {(ATCC 27853)} i',NULL,NULL,NULL,NULL,NULL,NULL,NULL,NULL,NULL,13,NULL,NULL),(2345,'C','Bacteria','Pseudomonas cepacia {(ATCC 25416)}',NULL,NULL,NULL,NULL,NULL,NULL,NULL,NULL,NULL,13,NULL,NULL),(2346,'C','Bacteria','Salmonella enterica {(ATCC 23564)}',NULL,NULL,NULL,NULL,NULL,NULL,NULL,NULL,NULL,13,NULL,NULL),(2347,'C','Bacteria','Salmonella enterica {(ATCC 10708)}',NULL,NULL,NULL,NULL,NULL,NULL,NULL,NULL,NULL,13,NULL,NULL),(2348,'C','Bacteria','Salmonella enteritidis {(ATCC 4931)}',NULL,NULL,NULL,NULL,NULL,NULL,NULL,NULL,NULL,13,NULL,NULL),(2349,'C','Bacteria','Salmonella enterica serotype puiiorum {(ATCC 19945)}',NULL,NULL,NULL,NULL,NULL,NULL,NULL,NULL,NULL,13,NULL,NULL),(2350,'C','Bacteria','Salmonella typhi {{ATCC 6539)}',NULL,NULL,NULL,NULL,NULL,NULL,NULL,NULL,NULL,13,NULL,NULL),(2351,'C','Bacteria','Salmonella typhimurium {(ATCC 23564)}',NULL,NULL,NULL,NULL,NULL,NULL,NULL,NULL,NULL,13,NULL,NULL),(2352,'C','Bacteria','Serratia marcescens {(ATCC 9103)}',NULL,NULL,NULL,NULL,NULL,NULL,NULL,NULL,NULL,13,NULL,NULL),(2353,'C','Bacteria','Serratia marcescens {(ATCC 14756)}',NULL,NULL,NULL,NULL,NULL,NULL,NULL,NULL,NULL,13,NULL,NULL),(2354,'C','Bacteria','Shigella fiexneri {{ATCC 9380)}',NULL,NULL,NULL,NULL,NULL,NULL,NULL,NULL,NULL,13,NULL,NULL),(2355,'C','Bacteria','Shigella fiexneri {(ATCC 12022)}',NULL,NULL,NULL,NULL,NULL,NULL,NULL,NULL,NULL,13,NULL,NULL),(2356,'C','Bacteria','Shigella sonnel {(ATCC 25931)}',NULL,NULL,NULL,NULL,NULL,NULL,NULL,NULL,NULL,13,NULL,NULL),(2357,'C','Bacteria','Staphylococcus aureus {{ATCC 6538)}',NULL,NULL,NULL,NULL,NULL,NULL,NULL,NULL,NULL,13,NULL,NULL),(2358,'C','Bacteria','Staphylococcus aureus {(ATCC 25923)}',NULL,NULL,NULL,NULL,NULL,NULL,NULL,NULL,NULL,13,NULL,NULL),(2359,'C','Bacteria','Staphylococcus aureus {(sub species aureus)} {(ATCC 33586)} ^',NULL,NULL,NULL,NULL,NULL,NULL,NULL,NULL,NULL,13,NULL,NULL),(2360,'C','Bacteria','Staphylococcus aureus {(ATCC 14154)}',NULL,NULL,NULL,NULL,NULL,NULL,NULL,NULL,NULL,13,NULL,NULL),(2361,'C','Bacteria','Staphylococcus aureus {(Community Associated Methicillin Resistant)} {(CA-MRSA)} {(Genotype USA 400)}',NULL,NULL,NULL,NULL,NULL,NULL,NULL,NULL,NULL,13,NULL,NULL),(2362,'C','Bacteria','Staphylococcus aureus {(Community Associated Methicillin Resistant)} {(CA-MRSA)} {(Genotype USA 300)}',NULL,NULL,NULL,NULL,NULL,NULL,NULL,NULL,NULL,13,NULL,NULL),(2363,'C','Bacteria','Staphylococcus aureus {(Methicillin Resistant)} {(MRSA)} {(ATCC 33592)}',NULL,NULL,NULL,NULL,NULL,NULL,NULL,NULL,NULL,13,NULL,NULL),(2364,'C','Bacteria','Staphylococcus epidermidis {{ATCC 14990)}',NULL,NULL,NULL,NULL,NULL,NULL,NULL,NULL,NULL,13,NULL,NULL),(2365,'C','Bacteria','Staphylococcus epidermidis {(Antibiotic resistant)} {(ATCC 51625)}',NULL,NULL,NULL,NULL,NULL,NULL,NULL,NULL,NULL,13,NULL,NULL),(2366,'C','Bacteria','Sfrepfococcus aga/acf/ae {(ATCC 13813)}',NULL,NULL,NULL,NULL,NULL,NULL,NULL,NULL,NULL,13,NULL,NULL),(2367,'C','Bacteria','Staphylococcus haemolytlcus {{ATCC 29970)}',NULL,NULL,NULL,NULL,NULL,NULL,NULL,NULL,NULL,13,NULL,NULL),(2368,'C','Bacteria','Streptococcus pneumoniae {(Penicillin Resistant)} {(ATCC 51915)}',NULL,NULL,NULL,NULL,NULL,NULL,NULL,NULL,NULL,13,NULL,NULL),(2369,'C','Bacteria','Streptococcus pyogenes {(ATCC 19615)}',NULL,NULL,NULL,NULL,NULL,NULL,NULL,NULL,NULL,13,NULL,NULL),(2370,'C','Bacteria','Streptococcus mutans {(ATCC 25175)}',NULL,NULL,NULL,NULL,NULL,NULL,NULL,NULL,NULL,13,NULL,NULL),(2371,'C','Bacteria','Enterococcus faecaiis {{Resistant}} {{VRE}} {{ATCC#}}',NULL,NULL,NULL,NULL,NULL,NULL,NULL,NULL,NULL,13,NULL,NULL),(2372,'C','Bacteria','Staphylococcus aureus {(Vancomycin Intermediate Resistant)} {(VISA)} {(HIP 5836)}',NULL,NULL,NULL,NULL,NULL,NULL,NULL,NULL,NULL,13,NULL,NULL),(2373,'C','Bacteria','Vibrio cholera {(ATCC 11623)}',NULL,NULL,NULL,NULL,NULL,NULL,NULL,NULL,NULL,13,NULL,NULL),(2374,'C','Viruses','Avian Influenza A {(H5N1)} Virus',NULL,NULL,NULL,NULL,NULL,NULL,NULL,NULL,NULL,13,NULL,NULL),(2375,'C','Viruses','Avian Influenza A {(H3N2)} Virus {(Avian Reassortant)} {(VR-2072)}',NULL,NULL,NULL,NULL,NULL,NULL,NULL,NULL,NULL,13,NULL,NULL),(2376,'C','Viruses','Cytomegalovirus {(VR-538)}',NULL,NULL,NULL,NULL,NULL,NULL,NULL,NULL,NULL,13,NULL,NULL),(2377,'C','Viruses','Coronavirus {(SARS-associated)}',NULL,NULL,NULL,NULL,NULL,NULL,NULL,NULL,NULL,13,NULL,NULL),(2378,'C','Viruses','Hantavirus',NULL,NULL,NULL,NULL,NULL,NULL,NULL,NULL,NULL,13,NULL,NULL),(2379,'C','Viruses','Hepatitis B Virus {(HBV)}',NULL,NULL,NULL,NULL,NULL,NULL,NULL,NULL,NULL,13,NULL,NULL),(2380,'C','Viruses','Hepatitis C Virus {(HCV)}',NULL,NULL,NULL,NULL,NULL,NULL,NULL,NULL,NULL,13,NULL,NULL),(2381,'C','Viruses','Herpes Simplex Virus Type 1 {(VR-733)}',NULL,NULL,NULL,NULL,NULL,NULL,NULL,NULL,NULL,13,NULL,NULL),(2382,'C','Viruses','Herpes Simplex Virus Type 2 {(VR-734)}',NULL,NULL,NULL,NULL,NULL,NULL,NULL,NULL,NULL,13,NULL,NULL),(2383,'C','Viruses','Human Coronavirus {(VR-740)}',NULL,NULL,NULL,NULL,NULL,NULL,NULL,NULL,NULL,13,NULL,NULL),(2384,'C','Viruses','Human Immunodeficiency Virus Type 1 {(HIV 1)} {(AIDS Virus)}',NULL,NULL,NULL,NULL,NULL,NULL,NULL,NULL,NULL,13,NULL,NULL),(2385,'C','Viruses','Influenza A Virus {(ATCC VR-544)} {(H3N2)}',NULL,NULL,NULL,NULL,NULL,NULL,NULL,NULL,NULL,13,NULL,NULL),(2386,'C','Viruses','Influenza A {(H1N1)} Virus {(VR-1469)} {(Strain A/PR/8/34)}',NULL,NULL,NULL,NULL,NULL,NULL,NULL,NULL,NULL,13,NULL,NULL),(2387,'C','Viruses','Respiratory Syncytial Virus {(VR-26)}',NULL,NULL,NULL,NULL,NULL,NULL,NULL,NULL,NULL,13,NULL,NULL),(2388,'C','Viruses','Vaccinia Virus {(VR-119)}',NULL,NULL,NULL,NULL,NULL,NULL,NULL,NULL,NULL,13,NULL,NULL),(2389,'C','Viruses','Avian Infectious Bronchitis Virus {(Strain Beaudette IB42)}',NULL,NULL,NULL,NULL,NULL,NULL,NULL,NULL,NULL,13,NULL,NULL),(2390,'C','Viruses','Avian Influenza A Virus {(H5N1)}',NULL,NULL,NULL,NULL,NULL,NULL,NULL,NULL,NULL,13,NULL,NULL),(2391,'C','Viruses','Avian Influenza A Virus {(H3N2)} {(Avian Reassortant)} {(VR-2072)}',NULL,NULL,NULL,NULL,NULL,NULL,NULL,NULL,NULL,13,NULL,NULL),(2392,'C','Viruses','Canine Coronavirus',NULL,NULL,NULL,NULL,NULL,NULL,NULL,NULL,NULL,13,NULL,NULL),(2393,'C','Viruses','Canine Distemper Virus {(VR-128)}',NULL,NULL,NULL,NULL,NULL,NULL,NULL,NULL,NULL,13,NULL,NULL),(2394,'C','Viruses','Feline Picornavirus {(VR-649)}',NULL,NULL,NULL,NULL,NULL,NULL,NULL,NULL,NULL,13,NULL,NULL),(2395,'C','Viruses','Infectious Bovine Rhinotracheitis Virus {(VR-188)}',NULL,NULL,NULL,NULL,NULL,NULL,NULL,NULL,NULL,13,NULL,NULL),(2396,'C','Viruses','Pseudorabies Virus {(VR-135)}',NULL,NULL,NULL,NULL,NULL,NULL,NULL,NULL,NULL,13,NULL,NULL),(2397,'C','Viruses','Swine Influenza A Virus {(H1N1)} {(Strain A/Swine/lowa/15/30)} {(VR-333)}',NULL,NULL,NULL,NULL,NULL,NULL,NULL,NULL,NULL,13,NULL,NULL),(2398,'C','Viruses','Transmissible Gastroenteritis Virus {(TGE)} /',NULL,NULL,NULL,NULL,NULL,NULL,NULL,NULL,NULL,13,NULL,NULL),(2399,'C','Viruses','Canine Parvovirus {{CPV}}',NULL,NULL,NULL,NULL,NULL,NULL,NULL,NULL,6,13,NULL,NULL),(2400,'C','Viruses','Mice {{Parvovirus}} {{VRE}} (Not for use in CA.)',NULL,NULL,NULL,NULL,NULL,NULL,NULL,NULL,6,13,NULL,NULL),(2401,'C','Viruses','Rabies',NULL,NULL,NULL,NULL,NULL,NULL,NULL,NULL,6,13,NULL,NULL),(2402,'C','Viruses','Porcine Parvovirus {{VRE}}',NULL,NULL,NULL,NULL,NULL,NULL,NULL,NULL,NULL,13,NULL,NULL),(2403,'S',NULL,'Crypton Barrier fabric',NULL,NULL,NULL,NULL,NULL,NULL,NULL,NULL,NULL,14,NULL,NULL),(2404,'S',NULL,'Drinking fountains',NULL,NULL,NULL,NULL,NULL,NULL,NULL,NULL,NULL,14,NULL,NULL),(2405,'S',NULL,'Footbath surfaces',NULL,NULL,NULL,NULL,NULL,NULL,NULL,NULL,NULL,14,NULL,NULL),(2418,'S',NULL,'Counters {{Countertops}}',NULL,NULL,NULL,NULL,NULL,NULL,NULL,1,NULL,14,NULL,NULL),(2419,'S',NULL,'countertop laminates',NULL,NULL,NULL,NULL,NULL,NULL,NULL,1,NULL,14,NULL,NULL),(2420,'S',NULL,'stovetops {stoves}',NULL,NULL,NULL,NULL,NULL,NULL,NULL,1,NULL,14,NULL,NULL),(2421,'S',NULL,'sinks {bathroom, kitchen}',NULL,NULL,NULL,NULL,NULL,NULL,NULL,1,NULL,14,NULL,NULL),(2422,'S',NULL,'tub surfaces, non-food contact',NULL,NULL,NULL,NULL,NULL,NULL,NULL,1,NULL,14,NULL,NULL),(2423,'S',NULL,'surfaces of Slurpee machines',NULL,NULL,NULL,NULL,NULL,NULL,NULL,1,NULL,14,NULL,NULL),(2424,'S',NULL,'exterior surfaces of refrigerators',NULL,NULL,NULL,NULL,NULL,NULL,NULL,1,NULL,14,NULL,NULL),(2425,'S',NULL,'ice machines',NULL,NULL,NULL,NULL,NULL,NULL,NULL,1,NULL,14,NULL,NULL),(2426,'S',NULL,'microwaves {microwave ovens}',NULL,NULL,NULL,NULL,NULL,NULL,NULL,1,NULL,14,NULL,NULL),(2427,'S',NULL,'coolers',NULL,NULL,NULL,NULL,NULL,NULL,NULL,1,NULL,14,NULL,NULL),(2428,'S',NULL,'freezers',NULL,NULL,NULL,NULL,NULL,NULL,NULL,1,NULL,14,NULL,NULL),(2429,'S',NULL,'appliances',NULL,NULL,NULL,NULL,NULL,NULL,NULL,1,NULL,14,NULL,NULL),(2430,'S',NULL,'non-food contact equipment',NULL,NULL,NULL,NULL,NULL,NULL,NULL,1,NULL,14,NULL,NULL),(2431,'S',NULL,'Automobiles',NULL,NULL,NULL,NULL,NULL,NULL,NULL,2,NULL,14,NULL,NULL),(2432,'S',NULL,'cars',NULL,NULL,NULL,NULL,NULL,NULL,NULL,2,NULL,14,NULL,NULL),(2433,'S',NULL,'trucks',NULL,NULL,NULL,NULL,NULL,NULL,NULL,2,NULL,14,NULL,NULL),(2434,'S',NULL,'campers',NULL,NULL,NULL,NULL,NULL,NULL,NULL,2,NULL,14,NULL,NULL),(2435,'S',NULL,'RV\'s, trailers',NULL,NULL,NULL,NULL,NULL,NULL,NULL,2,NULL,14,NULL,NULL),(2436,'S',NULL,'automotive garages',NULL,NULL,NULL,NULL,NULL,NULL,NULL,2,NULL,14,NULL,NULL),(2437,'S',NULL,'bicycle shops',NULL,NULL,NULL,NULL,NULL,NULL,NULL,2,NULL,14,NULL,NULL),(2438,'S',NULL,'auto repair centers',NULL,NULL,NULL,NULL,NULL,NULL,NULL,2,NULL,14,NULL,NULL),(2439,'S',NULL,'Boats',NULL,NULL,NULL,NULL,NULL,NULL,NULL,3,NULL,14,NULL,NULL),(2440,'S',NULL,'ships',NULL,NULL,NULL,NULL,NULL,NULL,NULL,3,NULL,14,NULL,NULL),(2441,'S',NULL,'barges',NULL,NULL,NULL,NULL,NULL,NULL,NULL,3,NULL,14,NULL,NULL),(2442,'S',NULL,'cruise lines',NULL,NULL,NULL,NULL,NULL,NULL,NULL,3,NULL,14,NULL,NULL),(2443,'S',NULL,'cruise ships',NULL,NULL,NULL,NULL,NULL,NULL,NULL,3,NULL,14,NULL,NULL),(2444,'S',NULL,'watercrafts',NULL,NULL,NULL,NULL,NULL,NULL,NULL,3,NULL,14,NULL,NULL),(2447,'C','Bacteria','Burkholderia cepacia {{ATCC#}}',NULL,NULL,NULL,NULL,NULL,NULL,NULL,NULL,NULL,17,NULL,NULL),(2449,'C','Bacteria','Clostridium perfringens-vegetative {{ATCC#}}',NULL,NULL,NULL,NULL,NULL,NULL,NULL,NULL,NULL,17,NULL,NULL),(2450,'C','Bacteria','Corynebacterium ammoniagenes {{ATCC#}}',NULL,NULL,NULL,NULL,NULL,NULL,NULL,NULL,NULL,17,NULL,NULL),(2452,'C','Bacteria','Enterococcus faecium {{Vanc Res}} {{VRE}}',NULL,NULL,NULL,NULL,NULL,NULL,NULL,NULL,NULL,17,NULL,NULL),(2453,'C','Bacteria','Klebsiella pneumoniae {{ATCC#}}',NULL,NULL,NULL,NULL,NULL,NULL,NULL,NULL,NULL,17,NULL,NULL),(2454,'C','Bacteria','Listeria monocytogenes {{ATCC#}}',NULL,NULL,NULL,NULL,NULL,NULL,NULL,NULL,NULL,17,NULL,NULL),(2455,'C','Bacteria','Pseudomonas aeruginosa {{ATCC#}}',NULL,NULL,NULL,NULL,NULL,NULL,NULL,NULL,NULL,17,NULL,NULL),(2456,'C','Bacteria','Rhodococcus equi {{ATCC#}}',NULL,NULL,NULL,NULL,NULL,NULL,NULL,NULL,NULL,17,NULL,NULL),(2458,'C','Bacteria','Salmonella enterica serovar agona {{ATCC#}}',NULL,NULL,NULL,NULL,NULL,NULL,NULL,NULL,NULL,17,NULL,NULL),(2459,'C','Bacteria','Salmonella enterica serovar anatum {{ATCC#}}',NULL,NULL,NULL,NULL,NULL,NULL,NULL,NULL,NULL,17,NULL,NULL),(2460,'C','Bacteria','Salmonella enterica serovar infantis {{ATCC#}}',NULL,NULL,NULL,NULL,NULL,NULL,NULL,NULL,NULL,17,NULL,NULL),(2461,'C','Bacteria','Salmonella enterica serovar Newport {{ATCC#}}',NULL,NULL,NULL,NULL,NULL,NULL,NULL,NULL,NULL,17,NULL,NULL),(2462,'C','Bacteria','Salmonella enterica serovar typhimurium {{ATCC#}}',NULL,NULL,NULL,NULL,NULL,NULL,NULL,NULL,NULL,17,NULL,NULL),(2463,'C','Bacteria','Salmonella typhi {{ATCC#}}',NULL,NULL,NULL,NULL,NULL,NULL,NULL,NULL,NULL,17,NULL,NULL),(2464,'C','Bacteria','Shigella sonnei {{ATCC#}}',NULL,NULL,NULL,NULL,NULL,NULL,NULL,NULL,NULL,17,NULL,NULL),(2466,'C','Bacteria','Staphylococcus aureus {{Methicillin#}} {{MRSA}}',NULL,NULL,NULL,NULL,NULL,NULL,NULL,NULL,NULL,17,NULL,NULL),(2468,'C','Bacteria','Staphylococcus aureus {{Community#}} {{CA#}}',NULL,NULL,NULL,NULL,NULL,NULL,NULL,NULL,NULL,17,NULL,NULL),(2469,'C','Bacteria','Streptococcus equi {{ATCC#}}',NULL,NULL,NULL,NULL,NULL,NULL,NULL,NULL,NULL,17,NULL,NULL),(2470,'C','Viruses','Avian Influenza A {{H5N1}} Virus',NULL,NULL,NULL,NULL,NULL,NULL,NULL,NULL,NULL,17,NULL,NULL),(2471,'C','Viruses','Avian influenza/Turkey/Wisconsin Virus {{VR}}',NULL,NULL,NULL,NULL,NULL,NULL,NULL,NULL,NULL,17,NULL,NULL),(2472,'C','Viruses','Human Coronavirus {{VR-740}}',NULL,NULL,NULL,NULL,NULL,NULL,NULL,NULL,NULL,17,NULL,NULL),(2473,'C','Viruses','Hepatitis B Virus {{HBV}}',NULL,NULL,NULL,NULL,NULL,NULL,NULL,NULL,NULL,17,NULL,NULL),(2474,'C','Viruses','Hepatitis C Virus {{HCV}}',NULL,NULL,NULL,NULL,NULL,NULL,NULL,NULL,NULL,17,NULL,NULL),(2475,'C','Viruses','Herpes Simplex Type 1 Virus {{VR-260}}',NULL,NULL,NULL,NULL,NULL,NULL,NULL,NULL,NULL,17,NULL,NULL),(2476,'C','Viruses','Herpes Simplex Type 2 Virus {{VR-734}}',NULL,NULL,NULL,NULL,NULL,NULL,NULL,NULL,NULL,17,NULL,NULL),(2477,'C','Viruses','Human Immunodeficiency Virus Type1 {{AIDS#}} {{HIV-1}}',NULL,NULL,NULL,NULL,NULL,NULL,NULL,NULL,7,17,NULL,NULL),(2478,'C','Viruses','Influenza A {{H1N1}} Virus {{VR-1469}} {{Strain#}}',NULL,NULL,NULL,NULL,NULL,NULL,NULL,NULL,NULL,17,NULL,NULL),(2479,'C','Viruses','Influenza A/Hong Kong Virus {{VR-544}}',NULL,NULL,NULL,NULL,NULL,NULL,NULL,NULL,NULL,17,NULL,NULL),(2480,'C','Viruses','Influenza A/J305 Virus {{VR-100}}',NULL,NULL,NULL,NULL,NULL,NULL,NULL,NULL,NULL,17,NULL,NULL),(2481,'C','Viruses','Norovirus {{Norwalk-like#}} {{Feline#}} {{VR-782}}',NULL,NULL,NULL,NULL,NULL,NULL,NULL,NULL,NULL,17,NULL,NULL),(2482,'C','Viruses','Vaccinia Virus {{Smallpox#}} {{VR-119}}',NULL,NULL,NULL,NULL,NULL,NULL,NULL,NULL,NULL,17,NULL,NULL),(2483,'C','Fungi','Aspergillus niger {{ATCC}}',NULL,NULL,NULL,NULL,NULL,NULL,NULL,NULL,NULL,17,NULL,NULL),(2484,'C','Viruses','Avian Influenza A Virus {{H5N1}}',NULL,NULL,NULL,NULL,NULL,NULL,NULL,NULL,NULL,17,NULL,NULL),(2486,'C','Viruses','Canine Distemper Virus {{VR#}}',NULL,NULL,NULL,NULL,NULL,NULL,NULL,NULL,NULL,17,NULL,NULL),(2487,'C','Viruses','Canine Coronavirus {{VR#}}',NULL,NULL,NULL,NULL,NULL,NULL,NULL,NULL,NULL,17,NULL,NULL),(2488,'C','Viruses','Equine Influenza A Virus {{H3N8}}',NULL,NULL,NULL,NULL,NULL,NULL,NULL,NULL,NULL,17,NULL,NULL),(2489,'C','Viruses','Equine Herpes Virus Type 1 {{VR#}}',NULL,NULL,NULL,NULL,NULL,NULL,NULL,NULL,NULL,17,NULL,NULL),(2490,'C','Viruses','Infectious Bovine Rhinotracheitis Virus {{IBR}} {{VR-188}}',NULL,NULL,NULL,NULL,NULL,NULL,NULL,NULL,NULL,17,NULL,NULL),(2491,'C','Viruses','Infectious Laryngotracheitis Virus',NULL,NULL,NULL,NULL,NULL,NULL,NULL,NULL,NULL,17,NULL,NULL),(2492,'C','Viruses','Newcastle Disease Virus {{VR-109}}',NULL,NULL,NULL,NULL,NULL,NULL,NULL,NULL,NULL,17,NULL,NULL),(2493,'C','Viruses','Porcine Respiratory & Reproductive Virus {{PRRSV}}',NULL,NULL,NULL,NULL,NULL,NULL,NULL,NULL,NULL,17,NULL,NULL),(2494,'C','Viruses','Porcine Rotavirus {{VR-893}}',NULL,NULL,NULL,NULL,NULL,NULL,NULL,NULL,NULL,17,NULL,NULL),(2495,'C','Viruses','Pseudorabies Virus {{VR-135}}',NULL,NULL,NULL,NULL,NULL,NULL,NULL,NULL,NULL,17,NULL,NULL),(2496,'C','Viruses','Transmissible Gastroenteritis Virus {{TGE}}',NULL,NULL,NULL,NULL,NULL,NULL,NULL,NULL,NULL,17,NULL,NULL),(2497,'C','Bacteria','Klebsiella pneumoniae {{ATCC#}}',NULL,NULL,NULL,NULL,NULL,NULL,NULL,NULL,NULL,17,NULL,NULL),(2498,'C','Bacteria','Aeromonas hydrophila {{ATCC}}',NULL,NULL,NULL,NULL,NULL,NULL,NULL,NULL,NULL,17,NULL,NULL),(2499,'C','Bacteria','Campylobacter jejuni {{ATCC#}}',NULL,NULL,NULL,NULL,NULL,NULL,NULL,NULL,NULL,17,NULL,NULL),(2501,'C','Bacteria','Escherichia coli {{ATCC#}}',NULL,NULL,NULL,NULL,NULL,NULL,NULL,NULL,NULL,17,NULL,NULL),(2502,'C','Bacteria','Escherichia coli O111:H8 {{ATCC#}}',NULL,NULL,NULL,NULL,NULL,NULL,NULL,NULL,NULL,17,NULL,NULL),(2503,'C','Bacteria','Escherichia coli O157:H7 {{ATCC#}}',NULL,NULL,NULL,NULL,NULL,NULL,NULL,NULL,NULL,17,NULL,NULL),(2504,'C','Bacteria','Escherichia coli O45:K-:H- {{ECL#}}',NULL,NULL,NULL,NULL,NULL,NULL,NULL,NULL,NULL,17,NULL,NULL),(2505,'C','Bacteria','Escherichia coli O103:K-:H8 {{ATCC#}}',NULL,NULL,NULL,NULL,NULL,NULL,NULL,NULL,NULL,17,NULL,NULL),(2506,'C','Bacteria','Escherichia coli O121:K-:H10 {{ECL#}}',NULL,NULL,NULL,NULL,NULL,NULL,NULL,NULL,NULL,17,NULL,NULL),(2507,'C','Bacteria','Escherichia coli O26:H11 {{ATCC#}}',NULL,NULL,NULL,NULL,NULL,NULL,NULL,NULL,NULL,17,NULL,NULL),(2508,'C','Bacteria','Enterococcus faecalis {{Vanc Res}} {{ATCC#}}',NULL,NULL,NULL,NULL,NULL,NULL,NULL,NULL,NULL,17,NULL,NULL),(2509,'C','Bacteria','Enterobacter sakazakii {{ATCC#}}',NULL,NULL,NULL,NULL,NULL,NULL,NULL,NULL,NULL,17,NULL,NULL),(2512,'C','Bacteria','Salmonella enterica {{ATCC#}}',NULL,NULL,NULL,NULL,NULL,NULL,NULL,NULL,NULL,17,NULL,NULL),(2513,'C','Bacteria','Salmonella enteritidis {{ATCC#}}',NULL,NULL,NULL,NULL,NULL,NULL,NULL,NULL,NULL,17,NULL,NULL),(2515,'C','Bacteria','Shigella dysenteriae {{ATCC#}}',NULL,NULL,NULL,NULL,NULL,NULL,NULL,NULL,NULL,17,NULL,NULL),(2516,'C','Bacteria','Shigella sonnei {{ATCC#}}',NULL,NULL,NULL,NULL,NULL,NULL,NULL,NULL,NULL,17,NULL,NULL),(2518,'C','Bacteria','Staphylococcus aureus {Methicillin Resistant} {(MRSA)} {{ATCC#}}',NULL,NULL,NULL,NULL,NULL,NULL,NULL,NULL,NULL,17,NULL,NULL),(2519,'C','Bacteria','Streptococcus pyogenes {{ATCC#}}',NULL,NULL,NULL,NULL,NULL,NULL,NULL,NULL,NULL,17,NULL,NULL),(2520,'C','Bacteria','Yersinia enterocolitica {{ATCC#}}',NULL,NULL,NULL,NULL,NULL,NULL,NULL,NULL,NULL,17,NULL,NULL),(2605,'C','Bacteria','Corynebacterium ammoniagenes {{ATCC#}}',NULL,NULL,NULL,NULL,NULL,NULL,NULL,NULL,NULL,17,NULL,NULL),(2606,'C','Bacteria','HIV-1 {{Strain#}}',NULL,NULL,NULL,NULL,NULL,NULL,NULL,NULL,7,17,NULL,NULL),(2607,'C','Bacteria','Staphylococcus aureus {{ATCC#}}',NULL,NULL,NULL,NULL,NULL,NULL,NULL,NULL,NULL,17,NULL,NULL),(2608,'C','Bacteria','Staphylococcus aureus {Methicillin-Resistant}{{MRSA}}{{ATCC#}}',NULL,NULL,NULL,NULL,NULL,NULL,NULL,NULL,NULL,17,NULL,NULL),(5782,'C','Viruses','*Adenovirus Type 4',NULL,NULL,NULL,NULL,NULL,NULL,1714,NULL,NULL,89,NULL,NULL),(5783,'C','Viruses','*Avian polyomavirus',NULL,NULL,NULL,NULL,NULL,NULL,1715,NULL,NULL,89,NULL,NULL),(5784,'C','Viruses','*Canine distemper',NULL,NULL,NULL,NULL,NULL,NULL,1716,NULL,NULL,89,NULL,NULL),(5785,'C','Viruses','*Canine parvovirus- at 2 oz. per gallon',NULL,NULL,NULL,NULL,NULL,NULL,1717,NULL,NULL,89,NULL,NULL),(5786,'C','Viruses','*Feline leukemia',NULL,NULL,NULL,NULL,NULL,NULL,1718,NULL,NULL,89,NULL,NULL),(5787,'C','Viruses','*Feline picomavirus',NULL,NULL,NULL,NULL,NULL,NULL,1719,NULL,NULL,89,NULL,NULL),(5788,'C','Viruses','*HIV-1 (AIDS virus)',NULL,NULL,NULL,NULL,NULL,NULL,1720,NULL,NULL,89,NULL,NULL),(5789,'C','Viruses','*Hepatitis B Virus (HBV)',NULL,NULL,NULL,NULL,NULL,NULL,1721,NULL,NULL,89,NULL,NULL),(5790,'C','Viruses','*Hepatitis C Virus (HCV)',NULL,NULL,NULL,NULL,NULL,NULL,1722,NULL,NULL,89,NULL,NULL),(5791,'C','Viruses','*Herpes Simplex Type 1',NULL,NULL,NULL,NULL,NULL,NULL,1723,NULL,NULL,89,NULL,NULL),(5792,'C','Viruses','*Herpes Simplex Type 2',NULL,NULL,NULL,NULL,NULL,NULL,1724,NULL,NULL,89,NULL,NULL),(5793,'C','Viruses','*Human coronavirus ',NULL,NULL,NULL,NULL,NULL,NULL,1725,NULL,NULL,89,NULL,NULL),(5794,'C','Viruses','*Infectious bovine rhinotracheitis',NULL,NULL,NULL,NULL,NULL,NULL,1726,NULL,NULL,89,NULL,NULL),(5795,'C','Viruses','*Infectious bronchitis (Avian IBV)',NULL,NULL,NULL,NULL,NULL,NULL,1727,NULL,NULL,89,NULL,NULL),(5796,'C','Viruses','*Influenza A/ Hong Kong',NULL,NULL,NULL,NULL,NULL,NULL,1728,NULL,NULL,89,NULL,NULL),(5797,'C','Viruses','*Pseudorabies (PRV)',NULL,NULL,NULL,NULL,NULL,NULL,1729,NULL,NULL,89,NULL,NULL),(5798,'C','Viruses','*Rabies',NULL,NULL,NULL,NULL,NULL,NULL,1730,NULL,NULL,89,NULL,NULL),(5799,'C','Viruses','*Respiratory Syncytial Virus (RSV)',NULL,NULL,NULL,NULL,NULL,NULL,1731,NULL,NULL,89,NULL,NULL),(5800,'C','Viruses','*Rubella (German Measles)',NULL,NULL,NULL,NULL,NULL,NULL,1732,NULL,NULL,89,NULL,NULL),(5801,'C','Viruses','*Transmissible gastroenteritis virus (TGE)\Z',NULL,NULL,NULL,NULL,NULL,NULL,1733,NULL,NULL,89,NULL,NULL),(5802,'C','Viruses','*Vaccinia [Pox virus]',NULL,NULL,NULL,NULL,NULL,NULL,1734,NULL,NULL,89,NULL,NULL),(5803,'C','Bacteria','Acinetobacter calcoaceticus',NULL,NULL,NULL,NULL,NULL,NULL,1683,NULL,NULL,89,NULL,NULL),(5804,'C','Fungi','Aspergillus niger',NULL,NULL,NULL,NULL,NULL,NULL,1710,NULL,NULL,89,NULL,NULL),(5805,'C','Bacteria','Bordetella bronchiseptica',NULL,NULL,NULL,NULL,NULL,NULL,1684,NULL,NULL,89,NULL,NULL),(5806,'C','Fungi','Candida albicans',NULL,NULL,NULL,NULL,NULL,NULL,1711,NULL,NULL,89,NULL,NULL),(5807,'C','Bacteria','Chlamydia psittaci',NULL,NULL,NULL,NULL,NULL,NULL,1685,NULL,NULL,89,NULL,NULL),(5808,'C','Bacteria','Enterobacter aerogenes',NULL,NULL,NULL,NULL,NULL,NULL,1686,NULL,NULL,89,NULL,NULL),(5809,'C','Bacteria','Enterobacter cloacae',NULL,NULL,NULL,NULL,NULL,NULL,1687,NULL,NULL,89,NULL,NULL),(5810,'C','Bacteria','Enterococcus faecalis- Vancomycin Resistant (VRE)',NULL,NULL,NULL,NULL,NULL,NULL,1688,NULL,NULL,89,NULL,NULL),(5811,'C','Bacteria','Escherichi',NULL,NULL,NULL,NULL,NULL,NULL,1689,NULL,16,89,NULL,NULL),(5812,'C','Bacteria','Fusobacterium necrophorum',NULL,NULL,NULL,NULL,NULL,NULL,1690,NULL,17,89,NULL,NULL),(5813,'C','Bacteria','Kiebsiella pneumoniae',NULL,NULL,NULL,NULL,NULL,NULL,1691,NULL,16,89,NULL,NULL),(5814,'C','Bacteria','Legionella pneumophilia',NULL,NULL,NULL,NULL,NULL,NULL,1692,NULL,NULL,89,NULL,NULL),(5815,'C','Bacteria','Listeria monocytogenes',NULL,NULL,NULL,NULL,NULL,NULL,1693,NULL,NULL,89,NULL,NULL),(5816,'C','Bacteria','Pasteurella multocida ',NULL,NULL,NULL,NULL,NULL,NULL,1694,NULL,NULL,89,NULL,NULL),(5817,'C','Bacteria','Proteus mirabilis',NULL,NULL,NULL,NULL,NULL,NULL,1695,NULL,NULL,89,NULL,NULL),(5818,'C','Bacteria','Proteus vulgaris',NULL,NULL,NULL,NULL,NULL,NULL,1696,NULL,NULL,89,NULL,NULL),(5819,'C','Bacteria','Pseudomonas aeruginosa',NULL,NULL,NULL,NULL,NULL,NULL,1697,NULL,16,89,NULL,NULL),(5820,'C','Bacteria','Salmonella choleraesuis',NULL,NULL,NULL,NULL,NULL,NULL,1698,NULL,NULL,89,NULL,NULL),(5821,'C','Bacteria','Salmonella enteritidis',NULL,NULL,NULL,NULL,NULL,NULL,1699,NULL,NULL,89,NULL,NULL),(5822,'C','Bacteria','Salmonella typhi',NULL,NULL,NULL,NULL,NULL,NULL,1700,NULL,NULL,89,NULL,NULL),(5823,'C','Bacteria','Salmonella typhimurium',NULL,NULL,NULL,NULL,NULL,NULL,1701,NULL,NULL,89,NULL,NULL),(5824,'C','Bacteria','Serratia marcescens',NULL,NULL,NULL,NULL,NULL,NULL,1702,NULL,NULL,89,NULL,NULL),(5825,'C','Bacteria','Shigella fiexneri',NULL,NULL,NULL,NULL,NULL,NULL,1703,NULL,NULL,89,NULL,NULL),(5826,'C','Bacteria','Shigella sonnei',NULL,NULL,NULL,NULL,NULL,NULL,1704,NULL,NULL,89,NULL,NULL),(5827,'C','Bacteria','Staphylococcus aureus',NULL,NULL,NULL,NULL,NULL,NULL,1707,NULL,16,89,NULL,NULL),(5828,'C','Bacteria','Staphylococcus aureus- Methicillin resistant (MRSA)',NULL,NULL,NULL,NULL,NULL,NULL,1705,NULL,NULL,89,NULL,NULL),(5829,'C','Bacteria','Staphylococcus aureus- Vancomycin Intermediate Resistant (VISA)',NULL,NULL,NULL,NULL,NULL,NULL,1706,NULL,NULL,89,NULL,NULL),(5830,'C','Bacteria','Staphylococcus epidermidis',NULL,NULL,NULL,NULL,NULL,NULL,1708,NULL,NULL,89,NULL,NULL),(5831,'C','Bacteria','Streptococcus faecalis',NULL,NULL,NULL,NULL,NULL,NULL,1709,NULL,16,89,NULL,NULL),(5832,'C','Fungi','Trichophyton mentagrophytes [Athlete\'s Foot Fungus]',NULL,NULL,NULL,NULL,NULL,NULL,1712,NULL,NULL,89,NULL,NULL),(5833,'C','Fungi','[a cause of Ringworm] [a cause of Ringworm of the foot]',NULL,NULL,NULL,NULL,NULL,NULL,1713,NULL,NULL,89,NULL,NULL),(5834,'S',NULL,'Appliances',NULL,NULL,NULL,NULL,NULL,NULL,1735,NULL,NULL,90,NULL,NULL),(5835,'S',NULL,'Bathroom fixtures',NULL,NULL,NULL,NULL,NULL,NULL,1736,NULL,NULL,90,NULL,NULL),(5836,'S',NULL,'Bathtubs (Fiberglass)',NULL,NULL,NULL,NULL,NULL,NULL,1737,NULL,NULL,90,NULL,NULL),(5837,'S',NULL,'Cabinets',NULL,NULL,NULL,NULL,NULL,NULL,1738,NULL,NULL,90,NULL,NULL),(5838,'S',NULL,'Cages',NULL,NULL,NULL,NULL,NULL,NULL,1739,NULL,NULL,90,NULL,NULL),(5839,'S',NULL,'Chairs',NULL,NULL,NULL,NULL,NULL,NULL,1740,NULL,NULL,90,NULL,NULL),(5840,'S',NULL,'Coils and drain pans',NULL,NULL,NULL,NULL,NULL,NULL,1741,NULL,NULL,90,NULL,NULL),(5841,'S',NULL,'Conductive flooring',NULL,NULL,NULL,NULL,NULL,NULL,1742,NULL,NULL,90,NULL,NULL),(5842,'S',NULL,'Counters (countertops)',NULL,NULL,NULL,NULL,NULL,NULL,1743,NULL,NULL,90,NULL,NULL),(5843,'S',NULL,'Countertop laminates',NULL,NULL,NULL,NULL,NULL,NULL,1744,NULL,NULL,90,NULL,NULL),(5844,'S',NULL,'Desks',NULL,NULL,NULL,NULL,NULL,NULL,1745,NULL,NULL,90,NULL,NULL),(5845,'S',NULL,'Doorknobs',NULL,NULL,NULL,NULL,NULL,NULL,1746,NULL,NULL,90,NULL,NULL),(5846,'S',NULL,'Floors',NULL,NULL,NULL,NULL,NULL,NULL,1747,NULL,NULL,90,NULL,NULL),(5847,'S',NULL,'Garbage cans',NULL,NULL,NULL,NULL,NULL,NULL,1748,NULL,NULL,90,NULL,NULL),(5848,'S',NULL,'Glazed ceramic',NULL,NULL,NULL,NULL,NULL,NULL,1749,NULL,NULL,90,NULL,NULL),(5849,'S',NULL,'Glazed enameled surfaces',NULL,NULL,NULL,NULL,NULL,NULL,1750,NULL,NULL,90,NULL,NULL),(5850,'S',NULL,'Highchairs',NULL,NULL,NULL,NULL,NULL,NULL,1751,NULL,NULL,90,NULL,NULL),(5851,'S',NULL,'Kennel runs',NULL,NULL,NULL,NULL,NULL,NULL,1752,NULL,NULL,90,NULL,NULL),(5852,'S',NULL,'Laminated surfaces',NULL,NULL,NULL,NULL,NULL,NULL,1753,NULL,NULL,90,NULL,NULL),(5853,'S',NULL,'Metal',NULL,NULL,NULL,NULL,NULL,NULL,1754,NULL,NULL,90,NULL,NULL),(5854,'S',NULL,'Microwave ovens',NULL,NULL,NULL,NULL,NULL,NULL,1755,NULL,NULL,90,NULL,NULL),(5855,'S',NULL,'Non-medical metal surfaces',NULL,NULL,NULL,NULL,NULL,NULL,1756,NULL,NULL,90,NULL,NULL),(5856,'S',NULL,'Non-medical stainless steel surfaces',NULL,NULL,NULL,NULL,NULL,NULL,1757,NULL,NULL,90,NULL,NULL),(5857,'S',NULL,'Other hard nonporous surfaces made of:',NULL,NULL,NULL,NULL,NULL,NULL,1758,NULL,NULL,90,NULL,NULL),(5858,'S',NULL,'Outdoor furniture',NULL,NULL,NULL,NULL,NULL,NULL,1759,NULL,NULL,90,NULL,NULL),(5859,'S',NULL,'Plastic (such as polystyrene or polypropylene)',NULL,NULL,NULL,NULL,NULL,NULL,1760,NULL,NULL,90,NULL,NULL),(5860,'S',NULL,'Refrigerated storage and display equipment',NULL,NULL,NULL,NULL,NULL,NULL,1761,NULL,NULL,90,NULL,NULL),(5861,'S',NULL,'Refrigerators',NULL,NULL,NULL,NULL,NULL,NULL,1762,NULL,NULL,90,NULL,NULL),(5862,'S',NULL,'Sealed granite',NULL,NULL,NULL,NULL,NULL,NULL,1763,NULL,NULL,90,NULL,NULL),(5863,'S',NULL,'Sealed limestone',NULL,NULL,NULL,NULL,NULL,NULL,1764,NULL,NULL,90,NULL,NULL),(5864,'S',NULL,'Sealed marble',NULL,NULL,NULL,NULL,NULL,NULL,1765,NULL,NULL,90,NULL,NULL),(5865,'S',NULL,'Sealed slate',NULL,NULL,NULL,NULL,NULL,NULL,1766,NULL,NULL,90,NULL,NULL),(5866,'S',NULL,'Sealed stone',NULL,NULL,NULL,NULL,NULL,NULL,1767,NULL,NULL,90,NULL,NULL),(5867,'S',NULL,'Sealed terra cotta',NULL,NULL,NULL,NULL,NULL,NULL,1768,NULL,NULL,90,NULL,NULL),(5868,'S',NULL,'Sealed terrazzo',NULL,NULL,NULL,NULL,NULL,NULL,1769,NULL,NULL,90,NULL,NULL),(5869,'S',NULL,'Stainless steel',NULL,NULL,NULL,NULL,NULL,NULL,1770,NULL,NULL,90,NULL,NULL),(5870,'S',NULL,'Tanning Beds',NULL,NULL,NULL,NULL,NULL,NULL,1771,NULL,NULL,90,NULL,NULL),(5871,'S',NULL,'Tanning Equipment',NULL,NULL,NULL,NULL,NULL,NULL,1772,NULL,NULL,90,NULL,NULL),(5872,'S',NULL,'Telephones',NULL,NULL,NULL,NULL,NULL,NULL,1773,NULL,NULL,90,NULL,NULL),(5873,'S',NULL,'Upholstery',NULL,NULL,NULL,NULL,NULL,NULL,1774,NULL,NULL,90,NULL,NULL),(5874,'S',NULL,'Walls',NULL,NULL,NULL,NULL,NULL,NULL,1775,NULL,NULL,90,NULL,NULL),(5875,'S',NULL,'Woodwork',NULL,NULL,NULL,NULL,NULL,NULL,1776,NULL,NULL,90,NULL,NULL),(5876,'T',NULL,'Algaecide',NULL,NULL,NULL,NULL,NULL,NULL,1777,NULL,NULL,91,NULL,NULL),(5877,'T',NULL,'Disinfectant',NULL,NULL,NULL,NULL,NULL,NULL,1778,NULL,NULL,91,NULL,NULL),(5878,'T',NULL,'Fungicide',NULL,NULL,NULL,NULL,NULL,NULL,1779,NULL,NULL,91,NULL,NULL),(5879,'T',NULL,'General Purpose Anti-microbial',NULL,NULL,NULL,NULL,NULL,NULL,1780,NULL,NULL,91,NULL,NULL),(5880,'T',NULL,'Sanitizer',NULL,NULL,NULL,NULL,NULL,NULL,1781,NULL,NULL,91,NULL,NULL),(5881,'T',NULL,'Tuberculocide',NULL,NULL,NULL,NULL,NULL,NULL,1782,NULL,NULL,91,NULL,NULL),(5882,'T',NULL,'Viruscide',NULL,NULL,NULL,NULL,NULL,NULL,1783,NULL,NULL,91,NULL,NULL),(5883,'L',NULL,'Airplanes',NULL,NULL,NULL,NULL,NULL,NULL,1784,NULL,NULL,92,NULL,NULL),(5884,'L',NULL,'Airports',NULL,NULL,NULL,NULL,NULL,NULL,1785,NULL,NULL,92,NULL,NULL),(5885,'L',NULL,'Animal Care',NULL,NULL,NULL,NULL,NULL,NULL,1786,NULL,NULL,92,NULL,NULL),(5886,'L',NULL,'Animal Laboratories',NULL,NULL,NULL,NULL,NULL,NULL,1787,NULL,NULL,92,NULL,NULL),(5888,'L',NULL,'Athletic Facilities',NULL,NULL,NULL,NULL,NULL,NULL,1789,NULL,NULL,92,NULL,NULL),(5889,'L',NULL,'Automotive Industy',NULL,NULL,NULL,NULL,NULL,NULL,1790,NULL,NULL,92,NULL,NULL),(5890,'L',NULL,'Barber Shops',NULL,NULL,NULL,NULL,NULL,NULL,1791,NULL,NULL,92,NULL,NULL),(5891,'L',NULL,'Bars',NULL,NULL,NULL,NULL,NULL,NULL,1792,NULL,NULL,92,NULL,NULL),(5892,'L',NULL,'Bathrooms',NULL,NULL,NULL,NULL,NULL,NULL,1793,NULL,NULL,92,NULL,NULL),(5893,'L',NULL,'Beverage Plants',NULL,NULL,NULL,NULL,NULL,NULL,1794,NULL,NULL,92,NULL,NULL),(5894,'L',NULL,'Boats',NULL,NULL,NULL,NULL,NULL,NULL,1795,NULL,NULL,92,NULL,NULL),(5895,'L',NULL,'Breeding and Grooming Establishments',NULL,NULL,NULL,NULL,NULL,NULL,1796,NULL,NULL,92,NULL,NULL),(5896,'L',NULL,'Breweries',NULL,NULL,NULL,NULL,NULL,NULL,1797,NULL,NULL,92,NULL,NULL),(5897,'L',NULL,'Buses',NULL,NULL,NULL,NULL,NULL,NULL,1798,NULL,NULL,92,NULL,NULL),(5898,'L',NULL,'Business and Office Buildings',NULL,NULL,NULL,NULL,NULL,NULL,1799,NULL,NULL,92,NULL,NULL),(5899,'L',NULL,'Cafeterias',NULL,NULL,NULL,NULL,NULL,NULL,1800,NULL,NULL,92,NULL,NULL),(5900,'L',NULL,'Camp Grounds',NULL,NULL,NULL,NULL,NULL,NULL,1801,NULL,NULL,92,NULL,NULL),(5901,'L',NULL,'Campers',NULL,NULL,NULL,NULL,NULL,NULL,1802,NULL,NULL,92,NULL,NULL),(5902,'L',NULL,'Carpeting',NULL,NULL,NULL,NULL,NULL,NULL,1803,NULL,NULL,92,NULL,NULL),(5903,'L',NULL,'Cars',NULL,NULL,NULL,NULL,NULL,NULL,1804,NULL,NULL,92,NULL,NULL),(5904,'L',NULL,'Citus Plants ',NULL,NULL,NULL,NULL,NULL,NULL,1805,NULL,NULL,92,NULL,NULL),(5905,'L',NULL,'Colleges',NULL,NULL,NULL,NULL,NULL,NULL,1806,NULL,NULL,92,NULL,NULL),(5906,'L',NULL,'Commercial Institutions',NULL,NULL,NULL,NULL,NULL,NULL,1807,NULL,NULL,92,NULL,NULL),(5907,'L',NULL,'Convenience Stores',NULL,NULL,NULL,NULL,NULL,NULL,1808,NULL,NULL,92,NULL,NULL),(5908,'L',NULL,'Correctional Facilities',NULL,NULL,NULL,NULL,NULL,NULL,1809,NULL,NULL,92,NULL,NULL),(5909,'L',NULL,'Dairy Farms',NULL,NULL,NULL,NULL,NULL,NULL,1810,NULL,NULL,92,NULL,NULL),(5910,'L',NULL,'Day Care Centers',NULL,NULL,NULL,NULL,NULL,NULL,1811,NULL,NULL,92,NULL,NULL),(5911,'L',NULL,'Dental Offices',NULL,NULL,NULL,NULL,NULL,NULL,1812,NULL,NULL,92,NULL,NULL),(5912,'L',NULL,'Emergency Vehicles',NULL,NULL,NULL,NULL,NULL,NULL,1813,NULL,NULL,92,NULL,NULL),(5913,'L',NULL,'Equine Farms',NULL,NULL,NULL,NULL,NULL,NULL,1814,NULL,NULL,92,NULL,NULL),(5914,'L',NULL,'Factories',NULL,NULL,NULL,NULL,NULL,NULL,1815,NULL,NULL,92,NULL,NULL),(5915,'L',NULL,'Farms',NULL,NULL,NULL,NULL,NULL,NULL,1816,NULL,NULL,92,NULL,NULL),(5916,'L',NULL,'Federally Inspected Meat and Poultry Plants',NULL,NULL,NULL,NULL,NULL,NULL,1817,NULL,NULL,92,NULL,NULL),(5917,'L',NULL,'Food Processing Plants',NULL,NULL,NULL,NULL,NULL,NULL,1818,NULL,NULL,92,NULL,NULL),(5918,'L',NULL,'Food Storage Areas',NULL,NULL,NULL,NULL,NULL,NULL,1819,NULL,NULL,92,NULL,NULL),(5919,'L',NULL,'Funeral Homes',NULL,NULL,NULL,NULL,NULL,NULL,1820,NULL,NULL,92,NULL,NULL),(5920,'L',NULL,'Health Care Facilities',NULL,NULL,NULL,NULL,NULL,NULL,1821,NULL,NULL,92,NULL,NULL),(5921,'L',NULL,'Hog Farms',NULL,NULL,NULL,NULL,NULL,NULL,1822,NULL,NULL,92,NULL,NULL),(5922,'L',NULL,'Homes (Households)',NULL,NULL,NULL,NULL,NULL,NULL,1823,NULL,NULL,92,NULL,NULL),(5923,'L',NULL,'Hospitals',NULL,NULL,NULL,NULL,NULL,NULL,1824,NULL,NULL,92,NULL,NULL),(5924,'L',NULL,'Hotels',NULL,NULL,NULL,NULL,NULL,NULL,1825,NULL,NULL,92,NULL,NULL),(5925,'L',NULL,'Industrial Institutions',NULL,NULL,NULL,NULL,NULL,NULL,1826,NULL,NULL,92,NULL,NULL),(5926,'L',NULL,'Institutional Facilities',NULL,NULL,NULL,NULL,NULL,NULL,1827,NULL,NULL,92,NULL,NULL),(5927,'L',NULL,'Institutional Kitchens',NULL,NULL,NULL,NULL,NULL,NULL,1828,NULL,NULL,92,NULL,NULL),(5928,'L',NULL,'Institutions',NULL,NULL,NULL,NULL,NULL,NULL,1829,NULL,NULL,92,NULL,NULL),(5929,'L',NULL,'Kennels',NULL,NULL,NULL,NULL,NULL,NULL,1830,NULL,NULL,92,NULL,NULL),(5930,'L',NULL,'Kitchens',NULL,NULL,NULL,NULL,NULL,NULL,1831,NULL,NULL,92,NULL,NULL),(5931,'L',NULL,'Laundry Industry',NULL,NULL,NULL,NULL,NULL,NULL,1832,NULL,NULL,92,NULL,NULL),(5932,'L',NULL,'Locker Rooms',NULL,NULL,NULL,NULL,NULL,NULL,1833,NULL,NULL,92,NULL,NULL),(5933,'L',NULL,'Medical Clinics',NULL,NULL,NULL,NULL,NULL,NULL,1834,NULL,NULL,92,NULL,NULL),(5934,'L',NULL,'Medical Offices',NULL,NULL,NULL,NULL,NULL,NULL,1835,NULL,NULL,92,NULL,NULL),(5935,'L',NULL,'Mobile Homes',NULL,NULL,NULL,NULL,NULL,NULL,1836,NULL,NULL,92,NULL,NULL),(5936,'L',NULL,'Morgues',NULL,NULL,NULL,NULL,NULL,NULL,1837,NULL,NULL,92,NULL,NULL),(5937,'L',NULL,'Mortuaries',NULL,NULL,NULL,NULL,NULL,NULL,1838,NULL,NULL,92,NULL,NULL),(5938,'L',NULL,'Motels',NULL,NULL,NULL,NULL,NULL,NULL,1839,NULL,NULL,92,NULL,NULL),(5939,'L',NULL,'Mushroom Farms',NULL,NULL,NULL,NULL,NULL,NULL,1840,NULL,NULL,92,NULL,NULL),(5940,'L',NULL,'Nurseries',NULL,NULL,NULL,NULL,NULL,NULL,1841,NULL,NULL,92,NULL,NULL),(5941,'L',NULL,'Nursing Homes',NULL,NULL,NULL,NULL,NULL,NULL,1842,NULL,NULL,92,NULL,NULL),(5942,'L',NULL,'Office Buildings',NULL,NULL,NULL,NULL,NULL,NULL,1843,NULL,NULL,92,NULL,NULL),(5943,'L',NULL,'Pet Animal Quarters',NULL,NULL,NULL,NULL,NULL,NULL,1844,NULL,NULL,92,NULL,NULL),(5944,'L',NULL,'Pet Shops',NULL,NULL,NULL,NULL,NULL,NULL,1845,NULL,NULL,92,NULL,NULL),(5945,'L',NULL,'Playground Equipment',NULL,NULL,NULL,NULL,NULL,NULL,1846,NULL,NULL,92,NULL,NULL),(5946,'L',NULL,'Poultry Farms',NULL,NULL,NULL,NULL,NULL,NULL,1847,NULL,NULL,92,NULL,NULL),(5947,'L',NULL,'Poultry Plants',NULL,NULL,NULL,NULL,NULL,NULL,1848,NULL,NULL,92,NULL,NULL),(5948,'L',NULL,'Prisons',NULL,NULL,NULL,NULL,NULL,NULL,1849,NULL,NULL,92,NULL,NULL),(5949,'L',NULL,'Protective Safety Gear',NULL,NULL,NULL,NULL,NULL,NULL,1850,NULL,NULL,92,NULL,NULL),(5950,'L',NULL,'Public Facilities',NULL,NULL,NULL,NULL,NULL,NULL,1851,NULL,NULL,92,NULL,NULL),(5951,'L',NULL,'Public Rest Rooms',NULL,NULL,NULL,NULL,NULL,NULL,1852,NULL,NULL,92,NULL,NULL),(5952,'L',NULL,'Recreational Vehicle Use',NULL,NULL,NULL,NULL,NULL,NULL,1853,NULL,NULL,92,NULL,NULL),(5953,'L',NULL,'Restaurants',NULL,NULL,NULL,NULL,NULL,NULL,1854,NULL,NULL,92,NULL,NULL),(5954,'L',NULL,'Salons (Beauty)',NULL,NULL,NULL,NULL,NULL,NULL,1855,NULL,NULL,92,NULL,NULL),(5955,'L',NULL,'Schools',NULL,NULL,NULL,NULL,NULL,NULL,1856,NULL,NULL,92,NULL,NULL),(5956,'L',NULL,'Ships',NULL,NULL,NULL,NULL,NULL,NULL,1857,NULL,NULL,92,NULL,NULL),(5957,'L',NULL,'Shower and Bath Areas',NULL,NULL,NULL,NULL,NULL,NULL,1858,NULL,NULL,92,NULL,NULL),(5958,'L',NULL,'Tack Shops',NULL,NULL,NULL,NULL,NULL,NULL,1859,NULL,NULL,92,NULL,NULL),(5959,'L',NULL,'Tanning Salons',NULL,NULL,NULL,NULL,NULL,NULL,1860,NULL,NULL,92,NULL,NULL),(5960,'L',NULL,'Taxis',NULL,NULL,NULL,NULL,NULL,NULL,1861,NULL,NULL,92,NULL,NULL),(5961,'L',NULL,'Trailers',NULL,NULL,NULL,NULL,NULL,NULL,1862,NULL,NULL,92,NULL,NULL),(5962,'L',NULL,'Trains',NULL,NULL,NULL,NULL,NULL,NULL,1863,NULL,NULL,92,NULL,NULL),(5963,'L',NULL,'Transportation Terminals',NULL,NULL,NULL,NULL,NULL,NULL,1864,NULL,NULL,92,NULL,NULL),(5964,'L',NULL,'Turkey Farms',NULL,NULL,NULL,NULL,NULL,NULL,1865,NULL,NULL,92,NULL,NULL),(5965,'L',NULL,'USDA Inspected Food Processing Facilities',NULL,NULL,NULL,NULL,NULL,NULL,1866,NULL,NULL,92,NULL,NULL),(5966,'L',NULL,'Verterinary Clinics',NULL,NULL,NULL,NULL,NULL,NULL,1867,NULL,NULL,92,NULL,NULL),(5967,'L',NULL,'Veterinary Practice',NULL,NULL,NULL,NULL,NULL,NULL,1868,NULL,NULL,92,NULL,NULL),(5968,'L',NULL,'Whirlpool and Foot Spa Use',NULL,NULL,NULL,NULL,NULL,NULL,1869,NULL,NULL,92,NULL,NULL),(5969,'L',NULL,'Zoos',NULL,NULL,NULL,NULL,NULL,NULL,1870,NULL,NULL,92,NULL,NULL),(6795,'L',NULL,'{{}}',NULL,NULL,NULL,NULL,NULL,NULL,NULL,NULL,NULL,19,NULL,NULL),(6796,'L',NULL,'airline terminals',NULL,NULL,NULL,NULL,NULL,NULL,6795,NULL,NULL,NULL,NULL,NULL),(6797,'L',NULL,'airports',NULL,NULL,NULL,NULL,NULL,NULL,6795,NULL,NULL,NULL,NULL,NULL),(6798,'L',NULL,'bus stations',NULL,NULL,NULL,NULL,NULL,NULL,6795,NULL,NULL,NULL,NULL,NULL),(6799,'L',NULL,'train stations',NULL,NULL,NULL,NULL,NULL,NULL,6795,NULL,NULL,NULL,NULL,NULL),(6800,'L',NULL,'transportation terminals',NULL,NULL,NULL,NULL,NULL,NULL,6795,NULL,NULL,NULL,NULL,NULL),(6801,'L',NULL,'public facilities',NULL,NULL,NULL,NULL,NULL,NULL,6795,NULL,NULL,NULL,NULL,NULL),(6802,'L',NULL,'shipping terminals',NULL,NULL,NULL,NULL,NULL,NULL,6795,NULL,NULL,NULL,NULL,NULL),(6803,'L',NULL,'travel rest areas',NULL,NULL,NULL,NULL,NULL,NULL,6795,NULL,NULL,NULL,NULL,NULL),(6804,'L',NULL,'waysides',NULL,NULL,NULL,NULL,NULL,NULL,6795,NULL,NULL,NULL,NULL,NULL),(6805,'L',NULL,'{{}}',NULL,NULL,NULL,NULL,NULL,NULL,NULL,NULL,NULL,19,NULL,NULL),(6806,'L',NULL,'automobiles',NULL,NULL,NULL,NULL,NULL,NULL,6805,NULL,NULL,NULL,NULL,NULL),(6807,'L',NULL,'cars',NULL,NULL,NULL,NULL,NULL,NULL,6805,NULL,NULL,NULL,NULL,NULL),(6808,'L',NULL,'trucks',NULL,NULL,NULL,NULL,NULL,NULL,6805,NULL,NULL,NULL,NULL,NULL),(6809,'L',NULL,'campers',NULL,NULL,NULL,NULL,NULL,NULL,6805,NULL,NULL,NULL,NULL,NULL),(6810,'L',NULL,'RVs',NULL,NULL,NULL,NULL,NULL,NULL,6805,NULL,NULL,NULL,NULL,NULL),(6811,'L',NULL,'trailers',NULL,NULL,NULL,NULL,NULL,NULL,6805,NULL,NULL,NULL,NULL,NULL),(6812,'L',NULL,'automotive garages',NULL,NULL,NULL,NULL,NULL,NULL,6805,NULL,NULL,NULL,NULL,NULL),(6813,'L',NULL,'auto repair centers',NULL,NULL,NULL,NULL,NULL,NULL,6805,NULL,NULL,NULL,NULL,NULL),(6814,'L',NULL,'{{}}',NULL,NULL,NULL,NULL,NULL,NULL,NULL,NULL,NULL,19,NULL,NULL),(6815,'L',NULL,'boats',NULL,NULL,NULL,NULL,NULL,NULL,6814,NULL,NULL,NULL,NULL,NULL),(6816,'L',NULL,'ships',NULL,NULL,NULL,NULL,NULL,NULL,6814,NULL,NULL,NULL,NULL,NULL),(6817,'L',NULL,'barges',NULL,NULL,NULL,NULL,NULL,NULL,6814,NULL,NULL,NULL,NULL,NULL),(6818,'L',NULL,'cruise lines',NULL,NULL,NULL,NULL,NULL,NULL,6814,NULL,NULL,NULL,NULL,NULL),(6819,'L',NULL,'cruise ships',NULL,NULL,NULL,NULL,NULL,NULL,6814,NULL,NULL,NULL,NULL,NULL),(6820,'L',NULL,'watercraft',NULL,NULL,NULL,NULL,NULL,NULL,6814,NULL,NULL,NULL,NULL,NULL),(6821,'L',NULL,'{{}}',NULL,NULL,NULL,NULL,NULL,NULL,NULL,NULL,NULL,19,NULL,NULL),(6822,'L',NULL,'boxcars',NULL,NULL,NULL,NULL,NULL,NULL,6821,NULL,NULL,NULL,NULL,NULL),(6823,'L',NULL,'tankers',NULL,NULL,NULL,NULL,NULL,NULL,6821,NULL,NULL,NULL,NULL,NULL),(6824,'L',NULL,'and tank trucks',NULL,NULL,NULL,NULL,NULL,NULL,6821,NULL,NULL,NULL,NULL,NULL),(6825,'L',NULL,'{{}}',NULL,NULL,NULL,NULL,NULL,NULL,NULL,NULL,NULL,19,NULL,NULL),(6826,'L',NULL,'buses',NULL,NULL,NULL,NULL,NULL,NULL,6825,NULL,NULL,NULL,NULL,NULL),(6827,'L',NULL,'public transportation',NULL,NULL,NULL,NULL,NULL,NULL,6825,NULL,NULL,NULL,NULL,NULL),(6828,'L',NULL,'trains',NULL,NULL,NULL,NULL,NULL,NULL,6825,NULL,NULL,NULL,NULL,NULL),(6829,'L',NULL,'taxis',NULL,NULL,NULL,NULL,NULL,NULL,6825,NULL,NULL,NULL,NULL,NULL),(6830,'L',NULL,'airplanes',NULL,NULL,NULL,NULL,NULL,NULL,6825,NULL,NULL,NULL,NULL,NULL),(6831,'L',NULL,'helicopters',NULL,NULL,NULL,NULL,NULL,NULL,6825,NULL,NULL,NULL,NULL,NULL),(6832,'L',NULL,'{{}}',NULL,NULL,NULL,NULL,NULL,NULL,NULL,NULL,NULL,19,NULL,NULL),(6833,'L',NULL,'delivery trucks',NULL,NULL,NULL,NULL,NULL,NULL,6832,NULL,NULL,NULL,NULL,NULL),(6834,'L',NULL,'garbage trucks',NULL,NULL,NULL,NULL,NULL,NULL,6832,NULL,NULL,NULL,NULL,NULL),(6835,'L',NULL,'maintenance vehicles',NULL,NULL,NULL,NULL,NULL,NULL,6832,NULL,NULL,NULL,NULL,NULL),(6836,'L',NULL,'{{}}',NULL,NULL,NULL,NULL,NULL,NULL,NULL,NULL,NULL,19,NULL,NULL),(6837,'L',NULL,'eMS & fire facilities',NULL,NULL,NULL,NULL,NULL,NULL,6836,NULL,NULL,NULL,NULL,NULL),(6838,'L',NULL,'emergency vehicles',NULL,NULL,NULL,NULL,NULL,NULL,6836,NULL,NULL,NULL,NULL,NULL),(6839,'L',NULL,'ambulances',NULL,NULL,NULL,NULL,NULL,NULL,6836,NULL,NULL,NULL,NULL,NULL),(6840,'L',NULL,'police cars',NULL,NULL,NULL,NULL,NULL,NULL,6836,NULL,NULL,NULL,NULL,NULL),(6841,'L',NULL,'fire trucks',NULL,NULL,NULL,NULL,NULL,NULL,6836,NULL,NULL,NULL,NULL,NULL),(6842,'L',NULL,'{{}}',NULL,NULL,NULL,NULL,NULL,NULL,NULL,NULL,NULL,19,NULL,NULL),(6843,'L',NULL,'police stations',NULL,NULL,NULL,NULL,NULL,NULL,6842,NULL,NULL,NULL,NULL,NULL),(6844,'L',NULL,'crime scenes',NULL,NULL,NULL,NULL,NULL,NULL,6842,NULL,NULL,NULL,NULL,NULL),(6845,'L',NULL,'courthouses',NULL,NULL,NULL,NULL,NULL,NULL,6842,NULL,NULL,NULL,NULL,NULL),(6846,'L',NULL,'correctional facilities',NULL,NULL,NULL,NULL,NULL,NULL,6842,NULL,NULL,NULL,NULL,NULL),(6847,'L',NULL,'municipal government buildings',NULL,NULL,NULL,NULL,NULL,NULL,6842,NULL,NULL,NULL,NULL,NULL),(6848,'L',NULL,'prisons',NULL,NULL,NULL,NULL,NULL,NULL,6842,NULL,NULL,NULL,NULL,NULL),(6849,'L',NULL,'jails',NULL,NULL,NULL,NULL,NULL,NULL,6842,NULL,NULL,NULL,NULL,NULL),(6850,'L',NULL,'penitentiaries',NULL,NULL,NULL,NULL,NULL,NULL,6842,NULL,NULL,NULL,NULL,NULL),(6851,'L',NULL,'correctional institutions',NULL,NULL,NULL,NULL,NULL,NULL,6842,NULL,NULL,NULL,NULL,NULL),(6852,'L',NULL,'Recycling centers',NULL,NULL,NULL,NULL,NULL,NULL,NULL,NULL,NULL,19,NULL,NULL),(6853,'L',NULL,'{{}}',NULL,NULL,NULL,NULL,NULL,NULL,NULL,NULL,NULL,19,NULL,NULL),(6854,'L',NULL,'athletic facilities',NULL,NULL,NULL,NULL,NULL,NULL,6853,NULL,NULL,NULL,NULL,NULL),(6855,'L',NULL,'locker rooms',NULL,NULL,NULL,NULL,NULL,NULL,6853,NULL,NULL,NULL,NULL,NULL),(6856,'L',NULL,'exercise rooms',NULL,NULL,NULL,NULL,NULL,NULL,6853,NULL,NULL,NULL,NULL,NULL),(6857,'L',NULL,'exercise facilities',NULL,NULL,NULL,NULL,NULL,NULL,6853,NULL,NULL,NULL,NULL,NULL),(6858,'L',NULL,'gyms',NULL,NULL,NULL,NULL,NULL,NULL,6853,NULL,NULL,NULL,NULL,NULL),(6859,'L',NULL,'gymnasiums',NULL,NULL,NULL,NULL,NULL,NULL,6853,NULL,NULL,NULL,NULL,NULL),(6860,'L',NULL,'field houses',NULL,NULL,NULL,NULL,NULL,NULL,6853,NULL,NULL,NULL,NULL,NULL),(6861,'L',NULL,'{{}}',NULL,NULL,NULL,NULL,NULL,NULL,NULL,NULL,NULL,19,NULL,NULL),(6862,'L',NULL,'banks',NULL,NULL,NULL,NULL,NULL,NULL,6861,NULL,NULL,NULL,NULL,NULL),(6863,'L',NULL,'churches',NULL,NULL,NULL,NULL,NULL,NULL,6861,NULL,NULL,NULL,NULL,NULL),(6864,'L',NULL,'libraries',NULL,NULL,NULL,NULL,NULL,NULL,6861,NULL,NULL,NULL,NULL,NULL),(6865,'L',NULL,'post offices',NULL,NULL,NULL,NULL,NULL,NULL,6861,NULL,NULL,NULL,NULL,NULL),(6866,'L',NULL,'{{}}',NULL,NULL,NULL,NULL,NULL,NULL,NULL,NULL,NULL,19,NULL,NULL),(6867,'L',NULL,'campgrounds',NULL,NULL,NULL,NULL,NULL,NULL,6866,NULL,NULL,NULL,NULL,NULL),(6868,'L',NULL,'playgrounds',NULL,NULL,NULL,NULL,NULL,NULL,6866,NULL,NULL,NULL,NULL,NULL),(6869,'L',NULL,'recreational facilities',NULL,NULL,NULL,NULL,NULL,NULL,6866,NULL,NULL,NULL,NULL,NULL),(6870,'L',NULL,'picnic facilities',NULL,NULL,NULL,NULL,NULL,NULL,6866,NULL,NULL,NULL,NULL,NULL),(6871,'L',NULL,'{{}}',NULL,NULL,NULL,NULL,NULL,NULL,NULL,NULL,NULL,19,NULL,NULL),(6872,'L',NULL,'day care centers',NULL,NULL,NULL,NULL,NULL,NULL,6871,NULL,NULL,NULL,NULL,NULL),(6873,'L',NULL,'{children} nurseries',NULL,NULL,NULL,NULL,NULL,NULL,6871,NULL,NULL,NULL,NULL,NULL),(6874,'L',NULL,'kindergartens',NULL,NULL,NULL,NULL,NULL,NULL,6871,NULL,NULL,NULL,NULL,NULL),(6875,'L',NULL,'and preschools',NULL,NULL,NULL,NULL,NULL,NULL,6871,NULL,NULL,NULL,NULL,NULL),(6876,'L',NULL,'{{}}',NULL,NULL,NULL,NULL,NULL,NULL,NULL,NULL,NULL,19,NULL,NULL),(6877,'L',NULL,'funeral homes',NULL,NULL,NULL,NULL,NULL,NULL,6876,NULL,NULL,NULL,NULL,NULL),(6878,'L',NULL,'morgues',NULL,NULL,NULL,NULL,NULL,NULL,6876,NULL,NULL,NULL,NULL,NULL),(6879,'L',NULL,'mortuaries',NULL,NULL,NULL,NULL,NULL,NULL,6876,NULL,NULL,NULL,NULL,NULL),(6880,'L',NULL,'burial vaults',NULL,NULL,NULL,NULL,NULL,NULL,6876,NULL,NULL,NULL,NULL,NULL),(6881,'L',NULL,'mausoleums',NULL,NULL,NULL,NULL,NULL,NULL,6876,NULL,NULL,NULL,NULL,NULL),(6882,'L',NULL,'autopsy rooms',NULL,NULL,NULL,NULL,NULL,NULL,6876,NULL,NULL,NULL,NULL,NULL),(6883,'L',NULL,'cadaver processing areas',NULL,NULL,NULL,NULL,NULL,NULL,6876,NULL,NULL,NULL,NULL,NULL),(6884,'L',NULL,'{{}}',NULL,NULL,NULL,NULL,NULL,NULL,NULL,NULL,NULL,19,NULL,NULL),(6885,'L',NULL,'health clubs',NULL,NULL,NULL,NULL,NULL,NULL,6884,NULL,NULL,NULL,NULL,NULL),(6886,'L',NULL,'spas',NULL,NULL,NULL,NULL,NULL,NULL,6884,NULL,NULL,NULL,NULL,NULL),(6887,'L',NULL,'tanning salons',NULL,NULL,NULL,NULL,NULL,NULL,6884,NULL,NULL,NULL,NULL,NULL),(6888,'L',NULL,'tanning spas',NULL,NULL,NULL,NULL,NULL,NULL,6884,NULL,NULL,NULL,NULL,NULL),(6889,'L',NULL,'tanning beds',NULL,NULL,NULL,NULL,NULL,NULL,6884,NULL,NULL,NULL,NULL,NULL),(6890,'L',NULL,'massage/facial salons',NULL,NULL,NULL,NULL,NULL,NULL,6884,NULL,NULL,NULL,NULL,NULL),(6891,'L',NULL,'hair/nail/pedicure salons',NULL,NULL,NULL,NULL,NULL,NULL,6884,NULL,NULL,NULL,NULL,NULL),(6892,'L',NULL,'barber/beauty shops',NULL,NULL,NULL,NULL,NULL,NULL,6884,NULL,NULL,NULL,NULL,NULL),(6893,'L',NULL,'salons',NULL,NULL,NULL,NULL,NULL,NULL,6884,NULL,NULL,NULL,NULL,NULL),(6894,'L',NULL,'foot spas',NULL,NULL,NULL,NULL,NULL,NULL,6884,NULL,NULL,NULL,NULL,NULL),(6895,'L',NULL,'tattoo parlors. (Not for use on needles or other skin piercing instruments)',NULL,NULL,NULL,NULL,NULL,NULL,6884,NULL,NULL,NULL,NULL,NULL),(6896,'L',NULL,'{{}}',NULL,NULL,NULL,NULL,NULL,NULL,NULL,NULL,NULL,19,NULL,NULL),(6897,'L',NULL,'hotels',NULL,NULL,NULL,NULL,NULL,NULL,6896,NULL,NULL,NULL,NULL,NULL),(6898,'L',NULL,'motels',NULL,NULL,NULL,NULL,NULL,NULL,6896,NULL,NULL,NULL,NULL,NULL),(6899,'L',NULL,'{{}}',NULL,NULL,NULL,NULL,NULL,NULL,NULL,NULL,NULL,19,NULL,NULL),(6900,'L',NULL,'laundry',NULL,NULL,NULL,NULL,NULL,NULL,6899,NULL,NULL,NULL,NULL,NULL),(6901,'L',NULL,'laundry facilities',NULL,NULL,NULL,NULL,NULL,NULL,6899,NULL,NULL,NULL,NULL,NULL),(6902,'L',NULL,'washing machines',NULL,NULL,NULL,NULL,NULL,NULL,6899,NULL,NULL,NULL,NULL,NULL),(6903,'L',NULL,'clothes washing machines',NULL,NULL,NULL,NULL,NULL,NULL,6899,NULL,NULL,NULL,NULL,NULL),(6904,'L',NULL,'commercial laundries',NULL,NULL,NULL,NULL,NULL,NULL,6899,NULL,NULL,NULL,NULL,NULL),(6905,'L',NULL,'coin-operated laundries',NULL,NULL,NULL,NULL,NULL,NULL,6899,NULL,NULL,NULL,NULL,NULL),(6906,'L',NULL,'laundry cleaning facilities',NULL,NULL,NULL,NULL,NULL,NULL,6899,NULL,NULL,NULL,NULL,NULL),(6907,'L',NULL,'{{}}',NULL,NULL,NULL,NULL,NULL,NULL,NULL,NULL,NULL,19,NULL,NULL),(6908,'L',NULL,'museums',NULL,NULL,NULL,NULL,NULL,NULL,6907,NULL,NULL,NULL,NULL,NULL),(6909,'L',NULL,'art galleries',NULL,NULL,NULL,NULL,NULL,NULL,6907,NULL,NULL,NULL,NULL,NULL),(6910,'L',NULL,'performance/theater centers',NULL,NULL,NULL,NULL,NULL,NULL,6907,NULL,NULL,NULL,NULL,NULL),(6911,'L',NULL,'movie houses',NULL,NULL,NULL,NULL,NULL,NULL,6907,NULL,NULL,NULL,NULL,NULL),(6912,'L',NULL,'bowling alleys',NULL,NULL,NULL,NULL,NULL,NULL,6907,NULL,NULL,NULL,NULL,NULL),(6913,'L',NULL,'{{}}',NULL,NULL,NULL,NULL,NULL,NULL,NULL,NULL,NULL,19,NULL,NULL),(6914,'L',NULL,'restaurants',NULL,NULL,NULL,NULL,NULL,NULL,6913,NULL,NULL,NULL,NULL,NULL),(6915,'L',NULL,'bars',NULL,NULL,NULL,NULL,NULL,NULL,6913,NULL,NULL,NULL,NULL,NULL),(6916,'L',NULL,'kitchens',NULL,NULL,NULL,NULL,NULL,NULL,6913,NULL,NULL,NULL,NULL,NULL),(6917,'L',NULL,'taverns',NULL,NULL,NULL,NULL,NULL,NULL,6913,NULL,NULL,NULL,NULL,NULL),(6918,'L',NULL,'cafeterias',NULL,NULL,NULL,NULL,NULL,NULL,6913,NULL,NULL,NULL,NULL,NULL),(6919,'L',NULL,'institutional kitchens',NULL,NULL,NULL,NULL,NULL,NULL,6913,NULL,NULL,NULL,NULL,NULL),(6920,'L',NULL,'fast food operations',NULL,NULL,NULL,NULL,NULL,NULL,6913,NULL,NULL,NULL,NULL,NULL),(6921,'L',NULL,'food storage areas',NULL,NULL,NULL,NULL,NULL,NULL,6913,NULL,NULL,NULL,NULL,NULL),(6922,'L',NULL,'{{}}',NULL,NULL,NULL,NULL,NULL,NULL,NULL,NULL,NULL,19,NULL,NULL),(6923,'L',NULL,'schools',NULL,NULL,NULL,NULL,NULL,NULL,6922,NULL,NULL,NULL,NULL,NULL),(6924,'L',NULL,'colleges',NULL,NULL,NULL,NULL,NULL,NULL,6922,NULL,NULL,NULL,NULL,NULL),(6925,'L',NULL,'dormitories',NULL,NULL,NULL,NULL,NULL,NULL,6922,NULL,NULL,NULL,NULL,NULL),(6926,'L',NULL,'classrooms',NULL,NULL,NULL,NULL,NULL,NULL,6922,NULL,NULL,NULL,NULL,NULL),(6927,'L',NULL,'community colleges',NULL,NULL,NULL,NULL,NULL,NULL,6922,NULL,NULL,NULL,NULL,NULL),(6928,'L',NULL,'universities',NULL,NULL,NULL,NULL,NULL,NULL,6922,NULL,NULL,NULL,NULL,NULL),(6929,'L',NULL,'{{}}',NULL,NULL,NULL,NULL,NULL,NULL,NULL,NULL,NULL,19,NULL,NULL),(6930,'L',NULL,'sports arenas',NULL,NULL,NULL,NULL,NULL,NULL,6929,NULL,NULL,NULL,NULL,NULL),(6931,'L',NULL,'sports complexes',NULL,NULL,NULL,NULL,NULL,NULL,6929,NULL,NULL,NULL,NULL,NULL),(6932,'L',NULL,'{{}}',NULL,NULL,NULL,NULL,NULL,NULL,NULL,NULL,NULL,19,NULL,NULL),(6933,'L',NULL,'supermarkets',NULL,NULL,NULL,NULL,NULL,NULL,6932,NULL,NULL,NULL,NULL,NULL),(6934,'L',NULL,'convenience stores',NULL,NULL,NULL,NULL,NULL,NULL,6932,NULL,NULL,NULL,NULL,NULL),(6935,'L',NULL,'retail and wholesale establishments',NULL,NULL,NULL,NULL,NULL,NULL,6932,NULL,NULL,NULL,NULL,NULL),(6936,'L',NULL,'department stores',NULL,NULL,NULL,NULL,NULL,NULL,6932,NULL,NULL,NULL,NULL,NULL),(6937,'L',NULL,'shopping malls',NULL,NULL,NULL,NULL,NULL,NULL,6932,NULL,NULL,NULL,NULL,NULL),(6938,'L',NULL,'gift shops',NULL,NULL,NULL,NULL,NULL,NULL,6932,NULL,NULL,NULL,NULL,NULL),(6939,'L',NULL,'video stores',NULL,NULL,NULL,NULL,NULL,NULL,6932,NULL,NULL,NULL,NULL,NULL),(6940,'L',NULL,'bookstores',NULL,NULL,NULL,NULL,NULL,NULL,6932,NULL,NULL,NULL,NULL,NULL),(6941,'L',NULL,'dressing rooms',NULL,NULL,NULL,NULL,NULL,NULL,6932,NULL,NULL,NULL,NULL,NULL),(6942,'L',NULL,'photocopy centers',NULL,NULL,NULL,NULL,NULL,NULL,6932,NULL,NULL,NULL,NULL,NULL),(6943,'L',NULL,'bicycle shops',NULL,NULL,NULL,NULL,NULL,NULL,6932,NULL,NULL,NULL,NULL,NULL),(6944,'L',NULL,'{{}}',NULL,NULL,NULL,NULL,NULL,NULL,NULL,NULL,NULL,19,NULL,NULL),(6945,'L',NULL,'veterinary',NULL,NULL,NULL,NULL,NULL,NULL,6944,NULL,NULL,NULL,NULL,NULL),(6946,'L',NULL,'veterinary clinics',NULL,NULL,NULL,NULL,NULL,NULL,6944,NULL,NULL,NULL,NULL,NULL),(6947,'L',NULL,'animal life science laboratories',NULL,NULL,NULL,NULL,NULL,NULL,6944,NULL,NULL,NULL,NULL,NULL),(6948,'L',NULL,'animal laboratories',NULL,NULL,NULL,NULL,NULL,NULL,6944,NULL,NULL,NULL,NULL,NULL),(6949,'L',NULL,'animal research centers',NULL,NULL,NULL,NULL,NULL,NULL,6944,NULL,NULL,NULL,NULL,NULL),(6950,'L',NULL,'animal quarantine areas',NULL,NULL,NULL,NULL,NULL,NULL,6944,NULL,NULL,NULL,NULL,NULL),(6951,'L',NULL,'animal holding areas',NULL,NULL,NULL,NULL,NULL,NULL,6944,NULL,NULL,NULL,NULL,NULL),(6952,'L',NULL,'equine farms',NULL,NULL,NULL,NULL,NULL,NULL,6944,NULL,NULL,NULL,NULL,NULL),(6953,'L',NULL,'{dog} {cat} {animal} kennels',NULL,NULL,NULL,NULL,NULL,NULL,6944,NULL,NULL,NULL,NULL,NULL),(6954,'L',NULL,'animal breeding facilities',NULL,NULL,NULL,NULL,NULL,NULL,6944,NULL,NULL,NULL,NULL,NULL),(6955,'L',NULL,'breeding establishments',NULL,NULL,NULL,NULL,NULL,NULL,6944,NULL,NULL,NULL,NULL,NULL),(6956,'L',NULL,'animal husbandry establishments',NULL,NULL,NULL,NULL,NULL,NULL,6944,NULL,NULL,NULL,NULL,NULL),(6957,'L',NULL,'grooming establishments',NULL,NULL,NULL,NULL,NULL,NULL,6944,NULL,NULL,NULL,NULL,NULL),(6958,'L',NULL,'pet animal quarters',NULL,NULL,NULL,NULL,NULL,NULL,6944,NULL,NULL,NULL,NULL,NULL),(6959,'L',NULL,'animal housing facilities',NULL,NULL,NULL,NULL,NULL,NULL,6944,NULL,NULL,NULL,NULL,NULL),(6960,'L',NULL,'zoos',NULL,NULL,NULL,NULL,NULL,NULL,6944,NULL,NULL,NULL,NULL,NULL),(6961,'L',NULL,'tack shops',NULL,NULL,NULL,NULL,NULL,NULL,6944,NULL,NULL,NULL,NULL,NULL),(6962,'L',NULL,'pet shops',NULL,NULL,NULL,NULL,NULL,NULL,6944,NULL,NULL,NULL,NULL,NULL),(6963,'L',NULL,'operating rooms',NULL,NULL,NULL,NULL,NULL,NULL,6944,NULL,NULL,NULL,NULL,NULL),(6964,'L',NULL,'washing areas',NULL,NULL,NULL,NULL,NULL,NULL,6944,NULL,NULL,NULL,NULL,NULL),(6965,'L',NULL,'waiting rooms',NULL,NULL,NULL,NULL,NULL,NULL,6944,NULL,NULL,NULL,NULL,NULL),(6966,'L',NULL,'examination rooms and other animal care facilities',NULL,NULL,NULL,NULL,NULL,NULL,6944,NULL,NULL,NULL,NULL,NULL),(6967,'L',NULL,'{{}}',NULL,NULL,NULL,NULL,NULL,NULL,NULL,NULL,NULL,19,NULL,NULL),(6968,'L',NULL,'businesses',NULL,NULL,NULL,NULL,NULL,NULL,6967,NULL,NULL,NULL,NULL,NULL),(6969,'L',NULL,'office buildings',NULL,NULL,NULL,NULL,NULL,NULL,6967,NULL,NULL,NULL,NULL,NULL),(6970,'L',NULL,'workstations',NULL,NULL,NULL,NULL,NULL,NULL,6967,NULL,NULL,NULL,NULL,NULL),(6971,'L',NULL,'break rooms',NULL,NULL,NULL,NULL,NULL,NULL,6967,NULL,NULL,NULL,NULL,NULL),(6972,'L',NULL,'public restrooms',NULL,NULL,NULL,NULL,NULL,NULL,6967,NULL,NULL,NULL,NULL,NULL),(6973,'L',NULL,'housekeeping',NULL,NULL,NULL,NULL,NULL,NULL,6967,NULL,NULL,NULL,NULL,NULL),(6974,'L',NULL,'janitorial rooms',NULL,NULL,NULL,NULL,NULL,NULL,6967,NULL,NULL,NULL,NULL,NULL),(6975,'L',NULL,'Commercial florist and flower shops',NULL,NULL,NULL,NULL,NULL,NULL,NULL,NULL,NULL,19,NULL,NULL),(6976,'L',NULL,'{{}}',NULL,NULL,NULL,NULL,NULL,NULL,NULL,NULL,NULL,19,NULL,NULL),(6977,'L',NULL,'commercial Recirculating Cooling Water Towers and Once Through Fresh Water Cooling Systems. (Not for use in cooling towers',NULL,NULL,NULL,NULL,NULL,NULL,6976,NULL,NULL,NULL,NULL,NULL),(6978,'L',NULL,'water cooling systems in CA.)',NULL,NULL,NULL,NULL,NULL,NULL,6976,NULL,NULL,NULL,NULL,NULL),(6979,'L',NULL,'{{}}',NULL,NULL,NULL,NULL,NULL,NULL,NULL,NULL,NULL,19,NULL,NULL),(6980,'L',NULL,'cosmetic manufacturing facilities',NULL,NULL,NULL,NULL,NULL,NULL,6979,NULL,NULL,NULL,NULL,NULL),(6981,'L',NULL,'medical device manufacturing facilities',NULL,NULL,NULL,NULL,NULL,NULL,6979,NULL,NULL,NULL,NULL,NULL),(6982,'L',NULL,'biotechnology firms',NULL,NULL,NULL,NULL,NULL,NULL,6979,NULL,NULL,NULL,NULL,NULL),(6983,'L',NULL,'pharmaceutical manufacturing facilities',NULL,NULL,NULL,NULL,NULL,NULL,6979,NULL,NULL,NULL,NULL,NULL),(6984,'L',NULL,'{{}}',NULL,NULL,NULL,NULL,NULL,NULL,NULL,NULL,NULL,19,NULL,NULL),(6985,'L',NULL,'factories',NULL,NULL,NULL,NULL,NULL,NULL,6984,NULL,NULL,NULL,NULL,NULL),(6986,'L',NULL,'computer manufacturing sites',NULL,NULL,NULL,NULL,NULL,NULL,6984,NULL,NULL,NULL,NULL,NULL),(6987,'L',NULL,'toy factories',NULL,NULL,NULL,NULL,NULL,NULL,6984,NULL,NULL,NULL,NULL,NULL),(6988,'L',NULL,'warehouses',NULL,NULL,NULL,NULL,NULL,NULL,6984,NULL,NULL,NULL,NULL,NULL),(6989,'L',NULL,'{{}}',NULL,NULL,NULL,NULL,NULL,NULL,NULL,NULL,NULL,19,NULL,NULL),(6990,'L',NULL,'institutional',NULL,NULL,NULL,NULL,NULL,NULL,6989,NULL,NULL,NULL,NULL,NULL),(6991,'L',NULL,'commercial',NULL,NULL,NULL,NULL,NULL,NULL,6989,NULL,NULL,NULL,NULL,NULL),(6992,'L',NULL,'industrial',NULL,NULL,NULL,NULL,NULL,NULL,6989,NULL,NULL,NULL,NULL,NULL),(6993,'L',NULL,'institutions',NULL,NULL,NULL,NULL,NULL,NULL,6989,NULL,NULL,NULL,NULL,NULL),(6994,'L',NULL,'commercial sites',NULL,NULL,NULL,NULL,NULL,NULL,6989,NULL,NULL,NULL,NULL,NULL),(6995,'L',NULL,'industrial sites',NULL,NULL,NULL,NULL,NULL,NULL,6989,NULL,NULL,NULL,NULL,NULL),(6996,'L',NULL,'institutional facilities',NULL,NULL,NULL,NULL,NULL,NULL,6989,NULL,NULL,NULL,NULL,NULL),(6997,'L',NULL,'public places',NULL,NULL,NULL,NULL,NULL,NULL,6989,NULL,NULL,NULL,NULL,NULL),(6998,'L',NULL,'Laboratories',NULL,NULL,NULL,NULL,NULL,NULL,NULL,NULL,NULL,19,NULL,NULL),(6999,'L',NULL,'{{}}',NULL,NULL,NULL,NULL,NULL,NULL,NULL,NULL,NULL,19,NULL,NULL),(7000,'L',NULL,'basements',NULL,NULL,NULL,NULL,NULL,NULL,6999,NULL,NULL,NULL,NULL,NULL),(7001,'L',NULL,'cellars',NULL,NULL,NULL,NULL,NULL,NULL,6999,NULL,NULL,NULL,NULL,NULL),(7002,'L',NULL,'bedrooms',NULL,NULL,NULL,NULL,NULL,NULL,6999,NULL,NULL,NULL,NULL,NULL),(7003,'L',NULL,'attics',NULL,NULL,NULL,NULL,NULL,NULL,6999,NULL,NULL,NULL,NULL,NULL),(7004,'L',NULL,'garages',NULL,NULL,NULL,NULL,NULL,NULL,6999,NULL,NULL,NULL,NULL,NULL),(7005,'L',NULL,'living rooms',NULL,NULL,NULL,NULL,NULL,NULL,6999,NULL,NULL,NULL,NULL,NULL),(7006,'L',NULL,'and porches',NULL,NULL,NULL,NULL,NULL,NULL,6999,NULL,NULL,NULL,NULL,NULL),(7007,'L',NULL,'{{}}',NULL,NULL,NULL,NULL,NULL,NULL,NULL,NULL,NULL,19,NULL,NULL),(7008,'L',NULL,'bathrooms',NULL,NULL,NULL,NULL,NULL,NULL,7007,NULL,NULL,NULL,NULL,NULL),(7009,'L',NULL,'restrooms',NULL,NULL,NULL,NULL,NULL,NULL,7007,NULL,NULL,NULL,NULL,NULL),(7010,'L',NULL,'shower rooms',NULL,NULL,NULL,NULL,NULL,NULL,7007,NULL,NULL,NULL,NULL,NULL),(7011,'L',NULL,'shower and bath areas',NULL,NULL,NULL,NULL,NULL,NULL,7007,NULL,NULL,NULL,NULL,NULL),(7012,'L',NULL,'{{}}',NULL,NULL,NULL,NULL,NULL,NULL,NULL,NULL,NULL,19,NULL,NULL),(7013,'L',NULL,'homes',NULL,NULL,NULL,NULL,NULL,NULL,7012,NULL,NULL,NULL,NULL,NULL),(7014,'L',NULL,'households',NULL,NULL,NULL,NULL,NULL,NULL,7012,NULL,NULL,NULL,NULL,NULL),(7015,'L',NULL,'condos',NULL,NULL,NULL,NULL,NULL,NULL,7012,NULL,NULL,NULL,NULL,NULL),(7016,'L',NULL,'apartments',NULL,NULL,NULL,NULL,NULL,NULL,7012,NULL,NULL,NULL,NULL,NULL),(7017,'L',NULL,'mobile homes',NULL,NULL,NULL,NULL,NULL,NULL,7012,NULL,NULL,NULL,NULL,NULL),(7018,'L',NULL,'vacation cottages',NULL,NULL,NULL,NULL,NULL,NULL,7012,NULL,NULL,NULL,NULL,NULL),(7019,'L',NULL,'summer homes',NULL,NULL,NULL,NULL,NULL,NULL,7012,NULL,NULL,NULL,NULL,NULL),(7020,'L',NULL,'{{}}',NULL,NULL,NULL,NULL,NULL,NULL,NULL,NULL,NULL,19,NULL,NULL),(7021,'L',NULL,'kitchens',NULL,NULL,NULL,NULL,NULL,NULL,7020,NULL,NULL,NULL,NULL,NULL),(7022,'L',NULL,'bathrooms and other household areas',NULL,NULL,NULL,NULL,NULL,NULL,7020,NULL,NULL,NULL,NULL,NULL),(7023,'L',NULL,'{{}}',NULL,NULL,NULL,NULL,NULL,NULL,NULL,NULL,NULL,19,NULL,NULL),(7024,'L',NULL,'dairy',NULL,NULL,NULL,NULL,NULL,NULL,7023,NULL,NULL,NULL,NULL,NULL),(7025,'L',NULL,'Equine',NULL,NULL,NULL,NULL,NULL,NULL,7023,NULL,NULL,NULL,NULL,NULL),(7026,'L',NULL,'Poultry/Turkey Farms',NULL,NULL,NULL,NULL,NULL,NULL,7023,NULL,NULL,NULL,NULL,NULL),(7027,'L',NULL,'{{}}',NULL,NULL,NULL,NULL,NULL,NULL,NULL,NULL,NULL,19,NULL,NULL),(7028,'L',NULL,'farmhouses',NULL,NULL,NULL,NULL,NULL,NULL,7027,NULL,NULL,NULL,NULL,NULL),(7029,'L',NULL,'barns',NULL,NULL,NULL,NULL,NULL,NULL,7027,NULL,NULL,NULL,NULL,NULL),(7030,'L',NULL,'sheds',NULL,NULL,NULL,NULL,NULL,NULL,7027,NULL,NULL,NULL,NULL,NULL),(7031,'L',NULL,'tool sheds',NULL,NULL,NULL,NULL,NULL,NULL,7027,NULL,NULL,NULL,NULL,NULL),(7032,'L',NULL,'{cattle} {swine} {sheep} {horse} barns',NULL,NULL,NULL,NULL,NULL,NULL,7027,NULL,NULL,NULL,NULL,NULL),(7033,'L',NULL,'pens and stalls',NULL,NULL,NULL,NULL,NULL,NULL,7027,NULL,NULL,NULL,NULL,NULL),(7034,'L',NULL,'swine quarters',NULL,NULL,NULL,NULL,NULL,NULL,7027,NULL,NULL,NULL,NULL,NULL),(7035,'L',NULL,'livestock farms',NULL,NULL,NULL,NULL,NULL,NULL,7027,NULL,NULL,NULL,NULL,NULL),(7036,'L',NULL,'equine quarters',NULL,NULL,NULL,NULL,NULL,NULL,7027,NULL,NULL,NULL,NULL,NULL),(7037,'L',NULL,'brooder houses',NULL,NULL,NULL,NULL,NULL,NULL,7027,NULL,NULL,NULL,NULL,NULL),(7038,'L',NULL,'seed houses and veal',NULL,NULL,NULL,NULL,NULL,NULL,7027,NULL,NULL,NULL,NULL,NULL),(7039,'L',NULL,'calving',NULL,NULL,NULL,NULL,NULL,NULL,7027,NULL,NULL,NULL,NULL,NULL),(7040,'L',NULL,'hog',NULL,NULL,NULL,NULL,NULL,NULL,7027,NULL,NULL,NULL,NULL,NULL),(7041,'L',NULL,'cattle and horse operations',NULL,NULL,NULL,NULL,NULL,NULL,7027,NULL,NULL,NULL,NULL,NULL),(7042,'L',NULL,'chick vans',NULL,NULL,NULL,NULL,NULL,NULL,7027,NULL,NULL,NULL,NULL,NULL),(7043,'L',NULL,'egg trucks',NULL,NULL,NULL,NULL,NULL,NULL,7027,NULL,NULL,NULL,NULL,NULL),(7044,'L',NULL,'hatchery and farm vehicles',NULL,NULL,NULL,NULL,NULL,NULL,7027,NULL,NULL,NULL,NULL,NULL),(7045,'L',NULL,'Federally inspected meat and poultry plants',NULL,NULL,NULL,NULL,NULL,NULL,NULL,NULL,NULL,19,NULL,NULL),(7046,'L',NULL,'{{}}',NULL,NULL,NULL,NULL,NULL,NULL,NULL,NULL,NULL,19,NULL,NULL),(7047,'L',NULL,'food establishments',NULL,NULL,NULL,NULL,NULL,NULL,7046,NULL,NULL,NULL,NULL,NULL),(7048,'L',NULL,'coffee shops',NULL,NULL,NULL,NULL,NULL,NULL,7046,NULL,NULL,NULL,NULL,NULL),(7049,'L',NULL,'donut shops',NULL,NULL,NULL,NULL,NULL,NULL,7046,NULL,NULL,NULL,NULL,NULL),(7050,'L',NULL,'bagel stores',NULL,NULL,NULL,NULL,NULL,NULL,7046,NULL,NULL,NULL,NULL,NULL),(7051,'L',NULL,'pizza parlors',NULL,NULL,NULL,NULL,NULL,NULL,7046,NULL,NULL,NULL,NULL,NULL),(7052,'L',NULL,'liquor stores',NULL,NULL,NULL,NULL,NULL,NULL,7046,NULL,NULL,NULL,NULL,NULL),(7053,'L',NULL,'wineries',NULL,NULL,NULL,NULL,NULL,NULL,7046,NULL,NULL,NULL,NULL,NULL),(7054,'L',NULL,'Food handling and process areas',NULL,NULL,NULL,NULL,NULL,NULL,NULL,NULL,NULL,19,NULL,NULL),(7055,'L',NULL,'{{}}',NULL,NULL,NULL,NULL,NULL,NULL,NULL,NULL,NULL,19,NULL,NULL),(7056,'L',NULL,'food processing plants',NULL,NULL,NULL,NULL,NULL,NULL,7055,NULL,NULL,NULL,NULL,NULL),(7057,'L',NULL,'USDA inspected food-processing facilities',NULL,NULL,NULL,NULL,NULL,NULL,7055,NULL,NULL,NULL,NULL,NULL),(7058,'L',NULL,'federally inspected meat and poultry plants',NULL,NULL,NULL,NULL,NULL,NULL,7055,NULL,NULL,NULL,NULL,NULL),(7059,'L',NULL,'egg processing plants',NULL,NULL,NULL,NULL,NULL,NULL,7055,NULL,NULL,NULL,NULL,NULL),(7060,'L',NULL,'poultry and turkey farms',NULL,NULL,NULL,NULL,NULL,NULL,7055,NULL,NULL,NULL,NULL,NULL),(7061,'L',NULL,'farms',NULL,NULL,NULL,NULL,NULL,NULL,7055,NULL,NULL,NULL,NULL,NULL),(7062,'L',NULL,'dairy farms',NULL,NULL,NULL,NULL,NULL,NULL,7055,NULL,NULL,NULL,NULL,NULL),(7063,'L',NULL,'hog farms',NULL,NULL,NULL,NULL,NULL,NULL,7055,NULL,NULL,NULL,NULL,NULL),(7064,'L',NULL,'meat/poultry processing plants',NULL,NULL,NULL,NULL,NULL,NULL,7055,NULL,NULL,NULL,NULL,NULL),(7065,'L',NULL,'mushroom farms',NULL,NULL,NULL,NULL,NULL,NULL,7055,NULL,NULL,NULL,NULL,NULL),(7066,'L',NULL,'rendering plants',NULL,NULL,NULL,NULL,NULL,NULL,7055,NULL,NULL,NULL,NULL,NULL),(7067,'L',NULL,'poultry and animal dressing plants',NULL,NULL,NULL,NULL,NULL,NULL,7055,NULL,NULL,NULL,NULL,NULL),(7068,'L',NULL,'canneries',NULL,NULL,NULL,NULL,NULL,NULL,7055,NULL,NULL,NULL,NULL,NULL),(7069,'L',NULL,'meat packing plants',NULL,NULL,NULL,NULL,NULL,NULL,7055,NULL,NULL,NULL,NULL,NULL),(7070,'L',NULL,'{{}}',NULL,NULL,NULL,NULL,NULL,NULL,NULL,NULL,NULL,19,NULL,NULL),(7071,'L',NULL,'hide/leather processing surfaces such as hide storage bins',NULL,NULL,NULL,NULL,NULL,NULL,7070,NULL,NULL,NULL,NULL,NULL),(7072,'L',NULL,'holding tanks',NULL,NULL,NULL,NULL,NULL,NULL,7070,NULL,NULL,NULL,NULL,NULL),(7073,'L',NULL,'chill tanks',NULL,NULL,NULL,NULL,NULL,NULL,7070,NULL,NULL,NULL,NULL,NULL),(7074,'L',NULL,'serpentine tanks and chains',NULL,NULL,NULL,NULL,NULL,NULL,7070,NULL,NULL,NULL,NULL,NULL),(7075,'L',NULL,'machine and tannery equipment surfaces',NULL,NULL,NULL,NULL,NULL,NULL,7070,NULL,NULL,NULL,NULL,NULL),(7076,'L',NULL,'conveyors and trolleys',NULL,NULL,NULL,NULL,NULL,NULL,7070,NULL,NULL,NULL,NULL,NULL),(7077,'L',NULL,'hide press',NULL,NULL,NULL,NULL,NULL,NULL,7070,NULL,NULL,NULL,NULL,NULL),(7078,'L',NULL,'grading and storage areas and scales',NULL,NULL,NULL,NULL,NULL,NULL,7070,NULL,NULL,NULL,NULL,NULL),(7079,'L',NULL,'Poultry Premise Sanitation {(Hatcheries)}: {{}}',NULL,NULL,NULL,NULL,NULL,NULL,NULL,NULL,NULL,19,NULL,NULL),(7089,'L',NULL,'{{}}',NULL,NULL,NULL,NULL,NULL,NULL,NULL,NULL,NULL,19,NULL,NULL),(7090,'L',NULL,'processing facilities for Fish',NULL,NULL,NULL,NULL,NULL,NULL,7089,NULL,NULL,NULL,NULL,NULL),(7091,'L',NULL,'Milk',NULL,NULL,NULL,NULL,NULL,NULL,7089,NULL,NULL,NULL,NULL,NULL),(7092,'L',NULL,'Citrus',NULL,NULL,NULL,NULL,NULL,NULL,7089,NULL,NULL,NULL,NULL,NULL),(7093,'L',NULL,'Wine',NULL,NULL,NULL,NULL,NULL,NULL,7089,NULL,NULL,NULL,NULL,NULL),(7094,'L',NULL,'Fruit',NULL,NULL,NULL,NULL,NULL,NULL,7089,NULL,NULL,NULL,NULL,NULL),(7095,'L',NULL,'Vegetable',NULL,NULL,NULL,NULL,NULL,NULL,7089,NULL,NULL,NULL,NULL,NULL),(7096,'L',NULL,'Ice Cream and Potato and beverage plants',NULL,NULL,NULL,NULL,NULL,NULL,7089,NULL,NULL,NULL,NULL,NULL),(7097,'L',NULL,'Swine Premise Sanitation: {{}}',NULL,NULL,NULL,NULL,NULL,NULL,NULL,NULL,NULL,19,NULL,NULL),(7107,'L',NULL,'Tobacco plant premises',NULL,NULL,NULL,NULL,NULL,NULL,NULL,NULL,NULL,19,NULL,NULL),(7108,'L',NULL,'{{}}',NULL,NULL,NULL,NULL,NULL,NULL,NULL,NULL,NULL,19,NULL,NULL),(7109,'L',NULL,'hospitals',NULL,NULL,NULL,NULL,NULL,NULL,7108,NULL,NULL,NULL,NULL,NULL),(7110,'L',NULL,'nursing homes',NULL,NULL,NULL,NULL,NULL,NULL,7108,NULL,NULL,NULL,NULL,NULL),(7111,'L',NULL,'medical and dental offices and clinics',NULL,NULL,NULL,NULL,NULL,NULL,7108,NULL,NULL,NULL,NULL,NULL),(7112,'L',NULL,'healthcare facilities',NULL,NULL,NULL,NULL,NULL,NULL,7108,NULL,NULL,NULL,NULL,NULL),(7113,'L',NULL,'physician offices',NULL,NULL,NULL,NULL,NULL,NULL,7108,NULL,NULL,NULL,NULL,NULL),(7114,'L',NULL,'operating rooms/theaters',NULL,NULL,NULL,NULL,NULL,NULL,7108,NULL,NULL,NULL,NULL,NULL),(7115,'L',NULL,'radiology rooms',NULL,NULL,NULL,NULL,NULL,NULL,7108,NULL,NULL,NULL,NULL,NULL),(7116,'L',NULL,'isolation wards',NULL,NULL,NULL,NULL,NULL,NULL,7108,NULL,NULL,NULL,NULL,NULL),(7117,'L',NULL,'quarantine areas',NULL,NULL,NULL,NULL,NULL,NULL,7108,NULL,NULL,NULL,NULL,NULL),(7118,'L',NULL,'hospices',NULL,NULL,NULL,NULL,NULL,NULL,7108,NULL,NULL,NULL,NULL,NULL),(7119,'L',NULL,'medical research facilities',NULL,NULL,NULL,NULL,NULL,NULL,7108,NULL,NULL,NULL,NULL,NULL),(7120,'L',NULL,'washing areas',NULL,NULL,NULL,NULL,NULL,NULL,7108,NULL,NULL,NULL,NULL,NULL),(7121,'L',NULL,'ICU areas',NULL,NULL,NULL,NULL,NULL,NULL,7108,NULL,NULL,NULL,NULL,NULL),(7122,'L',NULL,'acute care institutions',NULL,NULL,NULL,NULL,NULL,NULL,7108,NULL,NULL,NULL,NULL,NULL),(7123,'L',NULL,'alternate care institutions',NULL,NULL,NULL,NULL,NULL,NULL,7108,NULL,NULL,NULL,NULL,NULL),(7124,'L',NULL,'home healthcare institutions sick rooms',NULL,NULL,NULL,NULL,NULL,NULL,7108,NULL,NULL,NULL,NULL,NULL),(7125,'L',NULL,'{{}}',NULL,NULL,NULL,NULL,NULL,NULL,NULL,NULL,NULL,19,NULL,NULL),(7126,'L',NULL,'life care retirement communities',NULL,NULL,NULL,NULL,NULL,NULL,7125,NULL,NULL,NULL,NULL,NULL),(7127,'L',NULL,'elder care centers',NULL,NULL,NULL,NULL,NULL,NULL,7125,NULL,NULL,NULL,NULL,NULL),(7128,'L',NULL,'elder care facilities',NULL,NULL,NULL,NULL,NULL,NULL,7125,NULL,NULL,NULL,NULL,NULL),(7129,'L',NULL,'{{}}',NULL,NULL,NULL,NULL,NULL,NULL,NULL,NULL,NULL,19,NULL,NULL),(7130,'L',NULL,'patient care rooms & facilities',NULL,NULL,NULL,NULL,NULL,NULL,7129,NULL,NULL,NULL,NULL,NULL),(7131,'L',NULL,'recovery rooms',NULL,NULL,NULL,NULL,NULL,NULL,7129,NULL,NULL,NULL,NULL,NULL),(7132,'L',NULL,'Emergency Rooms',NULL,NULL,NULL,NULL,NULL,NULL,7129,NULL,NULL,NULL,NULL,NULL),(7133,'L',NULL,'x-ray cat labs',NULL,NULL,NULL,NULL,NULL,NULL,7129,NULL,NULL,NULL,NULL,NULL),(7134,'L',NULL,'exam rooms',NULL,NULL,NULL,NULL,NULL,NULL,7129,NULL,NULL,NULL,NULL,NULL),(7135,'L',NULL,'newborn nurseries',NULL,NULL,NULL,NULL,NULL,NULL,7129,NULL,NULL,NULL,NULL,NULL),(7136,'L',NULL,'neonatal units',NULL,NULL,NULL,NULL,NULL,NULL,7129,NULL,NULL,NULL,NULL,NULL),(7137,'L',NULL,'orthopedics',NULL,NULL,NULL,NULL,NULL,NULL,7129,NULL,NULL,NULL,NULL,NULL),(7138,'L',NULL,'respiratory therapy',NULL,NULL,NULL,NULL,NULL,NULL,7129,NULL,NULL,NULL,NULL,NULL),(7139,'L',NULL,'surgical  centers',NULL,NULL,NULL,NULL,NULL,NULL,7129,NULL,NULL,NULL,NULL,NULL),(7140,'L',NULL,'out-patient surgical centers',NULL,NULL,NULL,NULL,NULL,NULL,7129,NULL,NULL,NULL,NULL,NULL),(7141,'L',NULL,'labs',NULL,NULL,NULL,NULL,NULL,NULL,7129,NULL,NULL,NULL,NULL,NULL),(7142,'L',NULL,'blood collection rooms',NULL,NULL,NULL,NULL,NULL,NULL,7129,NULL,NULL,NULL,NULL,NULL),(7143,'L',NULL,'central supply',NULL,NULL,NULL,NULL,NULL,NULL,7129,NULL,NULL,NULL,NULL,NULL),(7144,'L',NULL,'housekeeping & janitorial rooms',NULL,NULL,NULL,NULL,NULL,NULL,7129,NULL,NULL,NULL,NULL,NULL),(7145,'L',NULL,'ophthalmic/optometric facilities',NULL,NULL,NULL,NULL,NULL,NULL,7129,NULL,NULL,NULL,NULL,NULL),(7146,'S',NULL,'{{}}',NULL,NULL,NULL,NULL,NULL,NULL,NULL,NULL,NULL,18,NULL,NULL),(7147,'S',NULL,'{Countertops}',NULL,NULL,NULL,NULL,NULL,NULL,7146,NULL,NULL,NULL,NULL,NULL),(7148,'S',NULL,'{counters}',NULL,NULL,NULL,NULL,NULL,NULL,7146,NULL,NULL,NULL,NULL,NULL),(7149,'S',NULL,'countertop laminates',NULL,NULL,NULL,NULL,NULL,NULL,7146,NULL,NULL,NULL,NULL,NULL),(7150,'S',NULL,'stovetops',NULL,NULL,NULL,NULL,NULL,NULL,7146,NULL,NULL,NULL,NULL,NULL),(7151,'S',NULL,'{stoves}',NULL,NULL,NULL,NULL,NULL,NULL,7146,NULL,NULL,NULL,NULL,NULL),(7152,'S',NULL,'{bathroom}',NULL,NULL,NULL,NULL,NULL,NULL,7146,NULL,NULL,NULL,NULL,NULL),(7153,'S',NULL,'{kitchen}',NULL,NULL,NULL,NULL,NULL,NULL,7146,NULL,NULL,NULL,NULL,NULL),(7154,'S',NULL,'sinks',NULL,NULL,NULL,NULL,NULL,NULL,7146,NULL,NULL,NULL,NULL,NULL),(7155,'S',NULL,'tub surfaces',NULL,NULL,NULL,NULL,NULL,NULL,7146,NULL,NULL,NULL,NULL,NULL),(7156,'S',NULL,'shelves',NULL,NULL,NULL,NULL,NULL,NULL,7146,NULL,NULL,NULL,NULL,NULL),(7157,'S',NULL,'racks',NULL,NULL,NULL,NULL,NULL,NULL,7146,NULL,NULL,NULL,NULL,NULL),(7158,'S',NULL,'carts',NULL,NULL,NULL,NULL,NULL,NULL,7146,NULL,NULL,NULL,NULL,NULL),(7159,'S',NULL,'appliances',NULL,NULL,NULL,NULL,NULL,NULL,7146,NULL,NULL,NULL,NULL,NULL),(7160,'S',NULL,'refrigerators',NULL,NULL,NULL,NULL,NULL,NULL,7146,NULL,NULL,NULL,NULL,NULL),(7161,'S',NULL,'ice machines',NULL,NULL,NULL,NULL,NULL,NULL,7146,NULL,NULL,NULL,NULL,NULL),(7162,'S',NULL,'microwave ovens',NULL,NULL,NULL,NULL,NULL,NULL,7146,NULL,NULL,NULL,NULL,NULL),(7163,'S',NULL,'{{}}',NULL,NULL,NULL,NULL,NULL,NULL,NULL,NULL,NULL,18,NULL,NULL),(7164,'S',NULL,'dishes',NULL,NULL,NULL,NULL,NULL,NULL,7163,NULL,NULL,NULL,NULL,NULL),(7165,'S',NULL,'{glassware} {glasses}',NULL,NULL,NULL,NULL,NULL,NULL,7163,NULL,NULL,NULL,NULL,NULL),(7166,'S',NULL,'silverware',NULL,NULL,NULL,NULL,NULL,NULL,7163,NULL,NULL,NULL,NULL,NULL),(7167,'S',NULL,'cooking utensils',NULL,NULL,NULL,NULL,NULL,NULL,7163,NULL,NULL,NULL,NULL,NULL),(7168,'S',NULL,'eating utensils',NULL,NULL,NULL,NULL,NULL,NULL,7163,NULL,NULL,NULL,NULL,NULL),(7169,'S',NULL,'plastic and other non-porous cutting boards',NULL,NULL,NULL,NULL,NULL,NULL,7163,NULL,NULL,NULL,NULL,NULL),(7170,'S',NULL,'plastic and other non-porous chopping blocks',NULL,NULL,NULL,NULL,NULL,NULL,7163,NULL,NULL,NULL,NULL,NULL),(7171,'S',NULL,'coolers',NULL,NULL,NULL,NULL,NULL,NULL,7163,NULL,NULL,NULL,NULL,NULL),(7172,'S',NULL,'ice chests',NULL,NULL,NULL,NULL,NULL,NULL,7163,NULL,NULL,NULL,NULL,NULL),(7173,'S',NULL,'refrigerator bins used for meat',NULL,NULL,NULL,NULL,NULL,NULL,7163,NULL,NULL,NULL,NULL,NULL),(7174,'S',NULL,'vegetables',NULL,NULL,NULL,NULL,NULL,NULL,7163,NULL,NULL,NULL,NULL,NULL),(7175,'S',NULL,'fruit and eggs',NULL,NULL,NULL,NULL,NULL,NULL,7163,NULL,NULL,NULL,NULL,NULL),(7176,'S',NULL,'Tupperware&#61650;',NULL,NULL,NULL,NULL,NULL,NULL,7163,NULL,NULL,NULL,NULL,NULL),(7177,'S',NULL,'{{}}',NULL,NULL,NULL,NULL,NULL,NULL,NULL,NULL,NULL,18,NULL,NULL),(7178,'S',NULL,'floors',NULL,NULL,NULL,NULL,NULL,NULL,7177,NULL,NULL,NULL,NULL,NULL),(7179,'S',NULL,'finished floors',NULL,NULL,NULL,NULL,NULL,NULL,7177,NULL,NULL,NULL,NULL,NULL),(7180,'S',NULL,'high speed burnished floors',NULL,NULL,NULL,NULL,NULL,NULL,7177,NULL,NULL,NULL,NULL,NULL),(7181,'S',NULL,'conductive flooring',NULL,NULL,NULL,NULL,NULL,NULL,7177,NULL,NULL,NULL,NULL,NULL),(7182,'S',NULL,'walls',NULL,NULL,NULL,NULL,NULL,NULL,7177,NULL,NULL,NULL,NULL,NULL),(7183,'S',NULL,'ceilings',NULL,NULL,NULL,NULL,NULL,NULL,7177,NULL,NULL,NULL,NULL,NULL),(7184,'S',NULL,'fixtures',NULL,NULL,NULL,NULL,NULL,NULL,7177,NULL,NULL,NULL,NULL,NULL),(7185,'S',NULL,'{{}}',NULL,NULL,NULL,NULL,NULL,NULL,NULL,NULL,NULL,18,NULL,NULL),(7186,'S',NULL,'glass surfaces',NULL,NULL,NULL,NULL,NULL,NULL,7185,NULL,NULL,NULL,NULL,NULL),(7187,'S',NULL,'aluminum',NULL,NULL,NULL,NULL,NULL,NULL,7185,NULL,NULL,NULL,NULL,NULL),(7188,'S',NULL,'brass',NULL,NULL,NULL,NULL,NULL,NULL,7185,NULL,NULL,NULL,NULL,NULL),(7189,'S',NULL,'copper',NULL,NULL,NULL,NULL,NULL,NULL,7185,NULL,NULL,NULL,NULL,NULL),(7190,'S',NULL,'laminated surfaces',NULL,NULL,NULL,NULL,NULL,NULL,7185,NULL,NULL,NULL,NULL,NULL),(7191,'S',NULL,'metal',NULL,NULL,NULL,NULL,NULL,NULL,7185,NULL,NULL,NULL,NULL,NULL),(7192,'S',NULL,'plated steel',NULL,NULL,NULL,NULL,NULL,NULL,7185,NULL,NULL,NULL,NULL,NULL),(7193,'S',NULL,'stainless steel',NULL,NULL,NULL,NULL,NULL,NULL,7185,NULL,NULL,NULL,NULL,NULL),(7194,'S',NULL,'glazed porcelain',NULL,NULL,NULL,NULL,NULL,NULL,7185,NULL,NULL,NULL,NULL,NULL),(7195,'S',NULL,'glazed {restroom} tile',NULL,NULL,NULL,NULL,NULL,NULL,7185,NULL,NULL,NULL,NULL,NULL),(7196,'S',NULL,'glazed {restroom} ceramic',NULL,NULL,NULL,NULL,NULL,NULL,7185,NULL,NULL,NULL,NULL,NULL),(7197,'S',NULL,'sealed granite',NULL,NULL,NULL,NULL,NULL,NULL,7185,NULL,NULL,NULL,NULL,NULL),(7198,'S',NULL,'sealed marble',NULL,NULL,NULL,NULL,NULL,NULL,7185,NULL,NULL,NULL,NULL,NULL),(7199,'S',NULL,'plastic {such as polycarbonate',NULL,NULL,NULL,NULL,NULL,NULL,7185,NULL,NULL,NULL,NULL,NULL),(7200,'S',NULL,'polyvinylchloride',NULL,NULL,NULL,NULL,NULL,NULL,7185,NULL,NULL,NULL,NULL,NULL),(7201,'S',NULL,'polystyrene or polypropylene}',NULL,NULL,NULL,NULL,NULL,NULL,7185,NULL,NULL,NULL,NULL,NULL),(7202,'S',NULL,'sealed limestone',NULL,NULL,NULL,NULL,NULL,NULL,7185,NULL,NULL,NULL,NULL,NULL),(7203,'S',NULL,'sealed slate',NULL,NULL,NULL,NULL,NULL,NULL,7185,NULL,NULL,NULL,NULL,NULL),(7204,'S',NULL,'sealed stone',NULL,NULL,NULL,NULL,NULL,NULL,7185,NULL,NULL,NULL,NULL,NULL),(7205,'S',NULL,'sealed terra cotta',NULL,NULL,NULL,NULL,NULL,NULL,7185,NULL,NULL,NULL,NULL,NULL),(7206,'S',NULL,'sealed terrazzo',NULL,NULL,NULL,NULL,NULL,NULL,7185,NULL,NULL,NULL,NULL,NULL),(7207,'S',NULL,'chrome',NULL,NULL,NULL,NULL,NULL,NULL,7185,NULL,NULL,NULL,NULL,NULL),(7208,'S',NULL,'Plexiglas&#61650;',NULL,NULL,NULL,NULL,NULL,NULL,7185,NULL,NULL,NULL,NULL,NULL),(7209,'S',NULL,'enameled surfaces',NULL,NULL,NULL,NULL,NULL,NULL,7185,NULL,NULL,NULL,NULL,NULL),(7210,'S',NULL,'painted {finished} woodwork',NULL,NULL,NULL,NULL,NULL,NULL,7185,NULL,NULL,NULL,NULL,NULL),(7211,'S',NULL,'Formica&#61650;',NULL,NULL,NULL,NULL,NULL,NULL,7185,NULL,NULL,NULL,NULL,NULL),(7212,'S',NULL,'vinyl and plastic upholstery',NULL,NULL,NULL,NULL,NULL,NULL,7185,NULL,NULL,NULL,NULL,NULL),(7213,'S',NULL,'washable wallpaper',NULL,NULL,NULL,NULL,NULL,NULL,7185,NULL,NULL,NULL,NULL,NULL),(7214,'S',NULL,'windows',NULL,NULL,NULL,NULL,NULL,NULL,7185,NULL,NULL,NULL,NULL,NULL),(7215,'S',NULL,'mirrors',NULL,NULL,NULL,NULL,NULL,NULL,7185,NULL,NULL,NULL,NULL,NULL),(7216,'S',NULL,'painted surfaces',NULL,NULL,NULL,NULL,NULL,NULL,7185,NULL,NULL,NULL,NULL,NULL),(7217,'S',NULL,'{{}}',NULL,NULL,NULL,NULL,NULL,NULL,NULL,NULL,NULL,18,NULL,NULL),(7218,'S',NULL,'highchairs',NULL,NULL,NULL,NULL,NULL,NULL,7217,NULL,NULL,NULL,NULL,NULL),(7219,'S',NULL,'baby cribs',NULL,NULL,NULL,NULL,NULL,NULL,7217,NULL,NULL,NULL,NULL,NULL),(7220,'S',NULL,'diaper changing stations',NULL,NULL,NULL,NULL,NULL,NULL,7217,NULL,NULL,NULL,NULL,NULL),(7221,'S',NULL,'infant bassinets/cribs/warmers/incubators/care equipment',NULL,NULL,NULL,NULL,NULL,NULL,7217,NULL,NULL,NULL,NULL,NULL),(7222,'S',NULL,'folding tables',NULL,NULL,NULL,NULL,NULL,NULL,7217,NULL,NULL,NULL,NULL,NULL),(7223,'S',NULL,'hampers',NULL,NULL,NULL,NULL,NULL,NULL,7217,NULL,NULL,NULL,NULL,NULL),(7224,'S',NULL,'laundry pails',NULL,NULL,NULL,NULL,NULL,NULL,7217,NULL,NULL,NULL,NULL,NULL),(7225,'S',NULL,'empty diaper pails',NULL,NULL,NULL,NULL,NULL,NULL,7217,NULL,NULL,NULL,NULL,NULL),(7226,'S',NULL,'{{}}',NULL,NULL,NULL,NULL,NULL,NULL,NULL,NULL,NULL,18,NULL,NULL),(7227,'S',NULL,'shower stalls',NULL,NULL,NULL,NULL,NULL,NULL,7226,NULL,NULL,NULL,NULL,NULL),(7228,'S',NULL,'shower doors and curtains',NULL,NULL,NULL,NULL,NULL,NULL,7226,NULL,NULL,NULL,NULL,NULL),(7229,'S',NULL,'bathtubs and glazed tiles',NULL,NULL,NULL,NULL,NULL,NULL,7226,NULL,NULL,NULL,NULL,NULL),(7230,'S',NULL,'chrome plated intakes',NULL,NULL,NULL,NULL,NULL,NULL,7226,NULL,NULL,NULL,NULL,NULL),(7231,'S',NULL,'toilets',NULL,NULL,NULL,NULL,NULL,NULL,7226,NULL,NULL,NULL,NULL,NULL),(7232,'S',NULL,'toilet seats',NULL,NULL,NULL,NULL,NULL,NULL,7226,NULL,NULL,NULL,NULL,NULL),(7233,'S',NULL,'toilet bowls',NULL,NULL,NULL,NULL,NULL,NULL,7226,NULL,NULL,NULL,NULL,NULL),(7234,'S',NULL,'toilet bowl surfaces',NULL,NULL,NULL,NULL,NULL,NULL,7226,NULL,NULL,NULL,NULL,NULL),(7235,'S',NULL,'urinals',NULL,NULL,NULL,NULL,NULL,NULL,7226,NULL,NULL,NULL,NULL,NULL),(7236,'S',NULL,'portable and chemical toilets and latrine buckets',NULL,NULL,NULL,NULL,NULL,NULL,7226,NULL,NULL,NULL,NULL,NULL),(7237,'S',NULL,'vanity tops',NULL,NULL,NULL,NULL,NULL,NULL,7226,NULL,NULL,NULL,NULL,NULL),(7238,'S',NULL,'and restroom fixtures',NULL,NULL,NULL,NULL,NULL,NULL,7226,NULL,NULL,NULL,NULL,NULL),(7239,'S',NULL,'bathroom fixtures',NULL,NULL,NULL,NULL,NULL,NULL,7226,NULL,NULL,NULL,NULL,NULL),(7240,'S',NULL,'bathroom bowls',NULL,NULL,NULL,NULL,NULL,NULL,7226,NULL,NULL,NULL,NULL,NULL),(7241,'S',NULL,'basins',NULL,NULL,NULL,NULL,NULL,NULL,7226,NULL,NULL,NULL,NULL,NULL),(7242,'S',NULL,'tubs',NULL,NULL,NULL,NULL,NULL,NULL,7226,NULL,NULL,NULL,NULL,NULL),(7243,'S',NULL,'{{}}',NULL,NULL,NULL,NULL,NULL,NULL,NULL,NULL,NULL,18,NULL,NULL),(7244,'S',NULL,'sealed foundations',NULL,NULL,NULL,NULL,NULL,NULL,7243,NULL,NULL,NULL,NULL,NULL),(7245,'S',NULL,'steps',NULL,NULL,NULL,NULL,NULL,NULL,7243,NULL,NULL,NULL,NULL,NULL),(7246,'S',NULL,'plumbing fixtures',NULL,NULL,NULL,NULL,NULL,NULL,7243,NULL,NULL,NULL,NULL,NULL),(7247,'S',NULL,'finished baseboards and windowsills',NULL,NULL,NULL,NULL,NULL,NULL,7243,NULL,NULL,NULL,NULL,NULL),(7248,'S',NULL,'{{}}',NULL,NULL,NULL,NULL,NULL,NULL,NULL,NULL,NULL,18,NULL,NULL),(7249,'S',NULL,'tables',NULL,NULL,NULL,NULL,NULL,NULL,7248,NULL,NULL,NULL,NULL,NULL),(7250,'S',NULL,'chairs',NULL,NULL,NULL,NULL,NULL,NULL,7248,NULL,NULL,NULL,NULL,NULL),(7251,'S',NULL,'desks',NULL,NULL,NULL,NULL,NULL,NULL,7248,NULL,NULL,NULL,NULL,NULL),(7252,'S',NULL,'folding tables',NULL,NULL,NULL,NULL,NULL,NULL,7248,NULL,NULL,NULL,NULL,NULL),(7253,'S',NULL,'bed frames',NULL,NULL,NULL,NULL,NULL,NULL,7248,NULL,NULL,NULL,NULL,NULL),(7254,'S',NULL,'lifts',NULL,NULL,NULL,NULL,NULL,NULL,7248,NULL,NULL,NULL,NULL,NULL),(7255,'S',NULL,'washable walls',NULL,NULL,NULL,NULL,NULL,NULL,7248,NULL,NULL,NULL,NULL,NULL),(7256,'S',NULL,'cabinets',NULL,NULL,NULL,NULL,NULL,NULL,7248,NULL,NULL,NULL,NULL,NULL),(7257,'S',NULL,'doorknobs and garbage cans/pails',NULL,NULL,NULL,NULL,NULL,NULL,7248,NULL,NULL,NULL,NULL,NULL),(7258,'S',NULL,'trash barrels',NULL,NULL,NULL,NULL,NULL,NULL,7248,NULL,NULL,NULL,NULL,NULL),(7259,'S',NULL,'trash cans',NULL,NULL,NULL,NULL,NULL,NULL,7248,NULL,NULL,NULL,NULL,NULL),(7260,'S',NULL,'trash containers',NULL,NULL,NULL,NULL,NULL,NULL,7248,NULL,NULL,NULL,NULL,NULL),(7261,'S',NULL,'cuspidors spittoons',NULL,NULL,NULL,NULL,NULL,NULL,7248,NULL,NULL,NULL,NULL,NULL),(7262,'S',NULL,'industrial waste receptacles and garbage handling equipment',NULL,NULL,NULL,NULL,NULL,NULL,7248,NULL,NULL,NULL,NULL,NULL),(7263,'S',NULL,'shelves',NULL,NULL,NULL,NULL,NULL,NULL,7248,NULL,NULL,NULL,NULL,NULL),(7264,'S',NULL,'racks and carts',NULL,NULL,NULL,NULL,NULL,NULL,7248,NULL,NULL,NULL,NULL,NULL),(7265,'S',NULL,'door knobs and handles',NULL,NULL,NULL,NULL,NULL,NULL,7248,NULL,NULL,NULL,NULL,NULL),(7266,'S',NULL,'{{}}',NULL,NULL,NULL,NULL,NULL,NULL,NULL,NULL,NULL,18,NULL,NULL),(7267,'S',NULL,'and other hard',NULL,NULL,NULL,NULL,NULL,NULL,7266,NULL,NULL,NULL,NULL,NULL),(7268,'S',NULL,'non-porous surfaces',NULL,NULL,NULL,NULL,NULL,NULL,7266,NULL,NULL,NULL,NULL,NULL),(7269,'S',NULL,'{{}}',NULL,NULL,NULL,NULL,NULL,NULL,NULL,NULL,NULL,18,NULL,NULL),(7270,'S',NULL,'automobile interiors',NULL,NULL,NULL,NULL,NULL,NULL,7269,NULL,NULL,NULL,NULL,NULL),(7271,'S',NULL,'mats',NULL,NULL,NULL,NULL,NULL,NULL,7269,NULL,NULL,NULL,NULL,NULL),(7272,'S',NULL,'crates',NULL,NULL,NULL,NULL,NULL,NULL,7269,NULL,NULL,NULL,NULL,NULL),(7273,'S',NULL,'cabs',NULL,NULL,NULL,NULL,NULL,NULL,7269,NULL,NULL,NULL,NULL,NULL),(7274,'S',NULL,'and wheels',NULL,NULL,NULL,NULL,NULL,NULL,7269,NULL,NULL,NULL,NULL,NULL),(7275,'S',NULL,'{{}}',NULL,NULL,NULL,NULL,NULL,NULL,NULL,NULL,NULL,18,NULL,NULL),(7276,'S',NULL,'commercial florist pots',NULL,NULL,NULL,NULL,NULL,NULL,7275,NULL,NULL,NULL,NULL,NULL),(7277,'S',NULL,'flats and flower buckets',NULL,NULL,NULL,NULL,NULL,NULL,7275,NULL,NULL,NULL,NULL,NULL),(7278,'S',NULL,'work areas and benches',NULL,NULL,NULL,NULL,NULL,NULL,7275,NULL,NULL,NULL,NULL,NULL),(7279,'S',NULL,'Crypton Barrier fabric',NULL,NULL,NULL,NULL,NULL,NULL,NULL,NULL,NULL,18,NULL,NULL),(7280,'S',NULL,'Footbath surfaces',NULL,NULL,NULL,NULL,NULL,NULL,NULL,NULL,NULL,18,NULL,NULL),(7281,'S',NULL,'{{}}',NULL,NULL,NULL,NULL,NULL,NULL,NULL,NULL,NULL,18,NULL,NULL),(7282,'S',NULL,'hair clippers',NULL,NULL,NULL,NULL,NULL,NULL,7281,NULL,NULL,NULL,NULL,NULL),(7283,'S',NULL,'cutting implements',NULL,NULL,NULL,NULL,NULL,NULL,7281,NULL,NULL,NULL,NULL,NULL),(7284,'S',NULL,'plastic rollers',NULL,NULL,NULL,NULL,NULL,NULL,7281,NULL,NULL,NULL,NULL,NULL),(7285,'S',NULL,'washable nail files',NULL,NULL,NULL,NULL,NULL,NULL,7281,NULL,NULL,NULL,NULL,NULL),(7286,'S',NULL,'{{}}',NULL,NULL,NULL,NULL,NULL,NULL,NULL,NULL,NULL,18,NULL,NULL),(7287,'S',NULL,'hard hats',NULL,NULL,NULL,NULL,NULL,NULL,7286,NULL,NULL,NULL,NULL,NULL),(7288,'S',NULL,'headphones',NULL,NULL,NULL,NULL,NULL,NULL,7286,NULL,NULL,NULL,NULL,NULL),(7289,'S',NULL,'{{}}',NULL,NULL,NULL,NULL,NULL,NULL,NULL,NULL,NULL,18,NULL,NULL),(7290,'S',NULL,'hard',NULL,NULL,NULL,NULL,NULL,NULL,7289,NULL,NULL,NULL,NULL,NULL),(7291,'S',NULL,'non-porous surfaces of picnic tables and outdoor furniture',NULL,NULL,NULL,NULL,NULL,NULL,7289,NULL,NULL,NULL,NULL,NULL),(7292,'S',NULL,'{{}}',NULL,NULL,NULL,NULL,NULL,NULL,NULL,NULL,NULL,18,NULL,NULL),(7293,'S',NULL,'kennel runs',NULL,NULL,NULL,NULL,NULL,NULL,7292,NULL,NULL,NULL,NULL,NULL),(7294,'S',NULL,'cages',NULL,NULL,NULL,NULL,NULL,NULL,7292,NULL,NULL,NULL,NULL,NULL),(7295,'S',NULL,'kennel/cage floors',NULL,NULL,NULL,NULL,NULL,NULL,7292,NULL,NULL,NULL,NULL,NULL),(7296,'S',NULL,'conductive flooring',NULL,NULL,NULL,NULL,NULL,NULL,7292,NULL,NULL,NULL,NULL,NULL),(7297,'S',NULL,'examination tables',NULL,NULL,NULL,NULL,NULL,NULL,7292,NULL,NULL,NULL,NULL,NULL),(7298,'S',NULL,'veterinary x-ray tables',NULL,NULL,NULL,NULL,NULL,NULL,7292,NULL,NULL,NULL,NULL,NULL),(7299,'S',NULL,'loading platforms',NULL,NULL,NULL,NULL,NULL,NULL,7292,NULL,NULL,NULL,NULL,NULL),(7300,'S',NULL,'animal equipment',NULL,NULL,NULL,NULL,NULL,NULL,7292,NULL,NULL,NULL,NULL,NULL),(7301,'S',NULL,'{{}}',NULL,NULL,NULL,NULL,NULL,NULL,NULL,NULL,NULL,18,NULL,NULL),(7302,'S',NULL,'large inflatable',NULL,NULL,NULL,NULL,NULL,NULL,7301,NULL,NULL,NULL,NULL,NULL),(7303,'S',NULL,'non-porous plastic and rubber structures such as animals',NULL,NULL,NULL,NULL,NULL,NULL,7301,NULL,NULL,NULL,NULL,NULL),(7304,'S',NULL,'promotional items',NULL,NULL,NULL,NULL,NULL,NULL,7301,NULL,NULL,NULL,NULL,NULL),(7305,'S',NULL,'moonwalks',NULL,NULL,NULL,NULL,NULL,NULL,7301,NULL,NULL,NULL,NULL,NULL),(7306,'S',NULL,'slides',NULL,NULL,NULL,NULL,NULL,NULL,7301,NULL,NULL,NULL,NULL,NULL),(7307,'S',NULL,'obstacle course play and exercise equipment',NULL,NULL,NULL,NULL,NULL,NULL,7301,NULL,NULL,NULL,NULL,NULL),(7308,'S',NULL,'Maintenance equipment',NULL,NULL,NULL,NULL,NULL,NULL,NULL,NULL,NULL,18,NULL,NULL),(7309,'S',NULL,'Non-wooden picnic tables and outdoor furniture except cushions and wood frames',NULL,NULL,NULL,NULL,NULL,NULL,NULL,NULL,NULL,18,NULL,NULL),(7310,'S',NULL,'Playground equipment',NULL,NULL,NULL,NULL,NULL,NULL,NULL,NULL,NULL,18,NULL,NULL),(7311,'S',NULL,'{{}}',NULL,NULL,NULL,NULL,NULL,NULL,NULL,NULL,NULL,18,NULL,NULL),(7312,'S',NULL,'slurpee<sup>&reg;</sup> machines',NULL,NULL,NULL,NULL,NULL,NULL,7311,NULL,NULL,NULL,NULL,NULL),(7313,'S',NULL,'Drinking fountains',NULL,NULL,NULL,NULL,NULL,NULL,7311,NULL,NULL,NULL,NULL,NULL),(7314,'S',NULL,'{{}}',NULL,NULL,NULL,NULL,NULL,NULL,NULL,NULL,NULL,18,NULL,NULL),(7315,'S',NULL,'tanning spas/beds',NULL,NULL,NULL,NULL,NULL,NULL,7314,NULL,NULL,NULL,NULL,NULL),(7316,'S',NULL,'tanning equipment',NULL,NULL,NULL,NULL,NULL,NULL,7314,NULL,NULL,NULL,NULL,NULL),(7317,'S',NULL,'Tattoo equipment. (Not for use on needles or other skin piercing instruments)',NULL,NULL,NULL,NULL,NULL,NULL,NULL,NULL,NULL,18,NULL,NULL),(7318,'S',NULL,'{{}}',NULL,NULL,NULL,NULL,NULL,NULL,NULL,NULL,NULL,18,NULL,NULL),(7319,'S',NULL,'{{}}',NULL,NULL,NULL,NULL,NULL,NULL,NULL,NULL,NULL,18,NULL,NULL),(7320,'S',NULL,'ultrasonic baths',NULL,NULL,NULL,NULL,NULL,NULL,7319,NULL,NULL,NULL,NULL,NULL),(7321,'S',NULL,'whirlpools',NULL,NULL,NULL,NULL,NULL,NULL,7319,NULL,NULL,NULL,NULL,NULL),(7322,'S',NULL,'whirlpool bathtubs',NULL,NULL,NULL,NULL,NULL,NULL,7319,NULL,NULL,NULL,NULL,NULL),(7323,'S',NULL,'waterbed conditioner (Waterbed conditioner Not for use in CA.)',NULL,NULL,NULL,NULL,NULL,NULL,7319,NULL,NULL,NULL,NULL,NULL),(7324,'S',NULL,'{{}}',NULL,NULL,NULL,NULL,NULL,NULL,NULL,NULL,NULL,18,NULL,NULL),(7325,'S',NULL,'wrestling and gymnastic mats',NULL,NULL,NULL,NULL,NULL,NULL,7324,NULL,NULL,NULL,NULL,NULL),(7326,'S',NULL,'athletic mats',NULL,NULL,NULL,NULL,NULL,NULL,7324,NULL,NULL,NULL,NULL,NULL),(7327,'S',NULL,'athletic training tables',NULL,NULL,NULL,NULL,NULL,NULL,7324,NULL,NULL,NULL,NULL,NULL),(7328,'S',NULL,'physical therapy tables',NULL,NULL,NULL,NULL,NULL,NULL,7324,NULL,NULL,NULL,NULL,NULL),(7329,'S',NULL,'exercise equipment',NULL,NULL,NULL,NULL,NULL,NULL,7324,NULL,NULL,NULL,NULL,NULL),(7330,'S',NULL,'athletic helmets',NULL,NULL,NULL,NULL,NULL,NULL,7324,NULL,NULL,NULL,NULL,NULL),(7331,'S',NULL,'wrestling/boxing headgear',NULL,NULL,NULL,NULL,NULL,NULL,7324,NULL,NULL,NULL,NULL,NULL),(7332,'S',NULL,'athletic shoe soles',NULL,NULL,NULL,NULL,NULL,NULL,7324,NULL,NULL,NULL,NULL,NULL),(7333,'S',NULL,'and locker rooms {areas}',NULL,NULL,NULL,NULL,NULL,NULL,7324,NULL,NULL,NULL,NULL,NULL),(7334,'S',NULL,'{{}}',NULL,NULL,NULL,NULL,NULL,NULL,NULL,NULL,NULL,18,NULL,NULL),(7335,'S',NULL,'beer fermentation and holding tanks',NULL,NULL,NULL,NULL,NULL,NULL,7334,NULL,NULL,NULL,NULL,NULL),(7336,'S',NULL,'bottling or pre-mix dispensing equipment',NULL,NULL,NULL,NULL,NULL,NULL,7334,NULL,NULL,NULL,NULL,NULL),(7337,'S',NULL,'Citrus [{{}}]',NULL,NULL,NULL,NULL,NULL,NULL,NULL,NULL,NULL,18,NULL,NULL),(7338,'S',NULL,'Food [{{}}] areas',NULL,NULL,NULL,NULL,NULL,NULL,NULL,NULL,NULL,18,NULL,NULL),(7339,'S',NULL,'{{}}',NULL,NULL,NULL,NULL,NULL,NULL,NULL,NULL,NULL,18,NULL,NULL),(7340,'S',NULL,'hatchers',NULL,NULL,NULL,NULL,NULL,NULL,7339,NULL,NULL,NULL,NULL,NULL),(7341,'S',NULL,'setters',NULL,NULL,NULL,NULL,NULL,NULL,7339,NULL,NULL,NULL,NULL,NULL),(7342,'S',NULL,'trays',NULL,NULL,NULL,NULL,NULL,NULL,7339,NULL,NULL,NULL,NULL,NULL),(7343,'S',NULL,'racks',NULL,NULL,NULL,NULL,NULL,NULL,7339,NULL,NULL,NULL,NULL,NULL),(7344,'S',NULL,'egg flats',NULL,NULL,NULL,NULL,NULL,NULL,7339,NULL,NULL,NULL,NULL,NULL),(7345,'S',NULL,'chick boxes',NULL,NULL,NULL,NULL,NULL,NULL,7339,NULL,NULL,NULL,NULL,NULL),(7346,'S',NULL,'egg cases',NULL,NULL,NULL,NULL,NULL,NULL,7339,NULL,NULL,NULL,NULL,NULL),(7347,'S',NULL,'vans and trash containers seed houses',NULL,NULL,NULL,NULL,NULL,NULL,7339,NULL,NULL,NULL,NULL,NULL),(7348,'S',NULL,'poultry/turkey equipment',NULL,NULL,NULL,NULL,NULL,NULL,7339,NULL,NULL,NULL,NULL,NULL),(7349,'S',NULL,'carts',NULL,NULL,NULL,NULL,NULL,NULL,7339,NULL,NULL,NULL,NULL,NULL),(7350,'S',NULL,'sexing tables',NULL,NULL,NULL,NULL,NULL,NULL,7339,NULL,NULL,NULL,NULL,NULL),(7351,'S',NULL,'and automated tray',NULL,NULL,NULL,NULL,NULL,NULL,7339,NULL,NULL,NULL,NULL,NULL),(7352,'S',NULL,'rack and buggy washers',NULL,NULL,NULL,NULL,NULL,NULL,7339,NULL,NULL,NULL,NULL,NULL),(7353,'S',NULL,'egg receiving and egg holding areas',NULL,NULL,NULL,NULL,NULL,NULL,7339,NULL,NULL,NULL,NULL,NULL),(7354,'S',NULL,'Harvesting & Handling Equipment',NULL,NULL,NULL,NULL,NULL,NULL,NULL,NULL,NULL,18,NULL,NULL),(7355,'S',NULL,'Ice Machines',NULL,NULL,NULL,NULL,NULL,NULL,NULL,NULL,NULL,18,NULL,NULL),(7356,'S',NULL,'{{}}',NULL,NULL,NULL,NULL,NULL,NULL,NULL,NULL,NULL,18,NULL,NULL),(7357,'S',NULL,'kitchen equipment such as food processors',NULL,NULL,NULL,NULL,NULL,NULL,7356,NULL,NULL,NULL,NULL,NULL),(7358,'S',NULL,'blenders',NULL,NULL,NULL,NULL,NULL,NULL,7356,NULL,NULL,NULL,NULL,NULL),(7359,'S',NULL,'cutlery',NULL,NULL,NULL,NULL,NULL,NULL,7356,NULL,NULL,NULL,NULL,NULL),(7360,'S',NULL,'trash compactors and other utensils',NULL,NULL,NULL,NULL,NULL,NULL,7356,NULL,NULL,NULL,NULL,NULL),(7361,'S',NULL,'{{}}',NULL,NULL,NULL,NULL,NULL,NULL,NULL,NULL,NULL,18,NULL,NULL),(7362,'S',NULL,'meat packing plant surfaces such as livestock vehicles and holding pens',NULL,NULL,NULL,NULL,NULL,NULL,7361,NULL,NULL,NULL,NULL,NULL),(7363,'S',NULL,'receiving areas and delivery chutes',NULL,NULL,NULL,NULL,NULL,NULL,7361,NULL,NULL,NULL,NULL,NULL),(7364,'S',NULL,'slaughter areas and conveyors',NULL,NULL,NULL,NULL,NULL,NULL,7361,NULL,NULL,NULL,NULL,NULL),(7365,'S',NULL,'hand',NULL,NULL,NULL,NULL,NULL,NULL,7361,NULL,NULL,NULL,NULL,NULL),(7366,'S',NULL,'rub and guide rails',NULL,NULL,NULL,NULL,NULL,NULL,7361,NULL,NULL,NULL,NULL,NULL),(7367,'S',NULL,'post knock cabinets',NULL,NULL,NULL,NULL,NULL,NULL,7361,NULL,NULL,NULL,NULL,NULL),(7368,'S',NULL,'stands and flooring surfaces',NULL,NULL,NULL,NULL,NULL,NULL,7361,NULL,NULL,NULL,NULL,NULL),(7369,'S',NULL,'chains and moving process lines',NULL,NULL,NULL,NULL,NULL,NULL,7361,NULL,NULL,NULL,NULL,NULL),(7370,'S',NULL,'chutes',NULL,NULL,NULL,NULL,NULL,NULL,7361,NULL,NULL,NULL,NULL,NULL),(7371,'S',NULL,'conveyors',NULL,NULL,NULL,NULL,NULL,NULL,7361,NULL,NULL,NULL,NULL,NULL),(7372,'S',NULL,'tallow and animal feed production surfaces',NULL,NULL,NULL,NULL,NULL,NULL,7361,NULL,NULL,NULL,NULL,NULL),(7373,'S',NULL,'processed product and offal equipment surfaces',NULL,NULL,NULL,NULL,NULL,NULL,7361,NULL,NULL,NULL,NULL,NULL),(7374,'S',NULL,'fabrication and processing areas covering cold storage areas',NULL,NULL,NULL,NULL,NULL,NULL,7361,NULL,NULL,NULL,NULL,NULL),(7375,'S',NULL,'stainless steel cut out and prep tables',NULL,NULL,NULL,NULL,NULL,NULL,7361,NULL,NULL,NULL,NULL,NULL),(7376,'S',NULL,'and other stainless surfaces',NULL,NULL,NULL,NULL,NULL,NULL,7361,NULL,NULL,NULL,NULL,NULL),(7377,'S',NULL,'Tobacco plant equipment',NULL,NULL,NULL,NULL,NULL,NULL,NULL,NULL,NULL,18,NULL,NULL),(7378,'S',NULL,'Wine processing equipment and holding tanks',NULL,NULL,NULL,NULL,NULL,NULL,NULL,NULL,NULL,18,NULL,NULL),(7379,'S',NULL,'{{}}',NULL,NULL,NULL,NULL,NULL,NULL,NULL,NULL,NULL,18,NULL,NULL),(7380,'S',NULL,'external lenses',NULL,NULL,NULL,NULL,NULL,NULL,7379,NULL,NULL,NULL,NULL,NULL),(7381,'S',NULL,'vision correction devices including eyeglasses',NULL,NULL,NULL,NULL,NULL,NULL,7379,NULL,NULL,NULL,NULL,NULL),(7382,'S',NULL,'protective eyewear',NULL,NULL,NULL,NULL,NULL,NULL,7379,NULL,NULL,NULL,NULL,NULL),(7383,'S',NULL,'goggles',NULL,NULL,NULL,NULL,NULL,NULL,7379,NULL,NULL,NULL,NULL,NULL),(7384,'S',NULL,'light lens covers',NULL,NULL,NULL,NULL,NULL,NULL,7379,NULL,NULL,NULL,NULL,NULL),(7385,'S',NULL,'optical instruments/implements (Not for use on contact lenses.)',NULL,NULL,NULL,NULL,NULL,NULL,7379,NULL,NULL,NULL,NULL,NULL),(7386,'S',NULL,'{{}}',NULL,NULL,NULL,NULL,NULL,NULL,NULL,NULL,NULL,18,NULL,NULL),(7387,'S',NULL,'hospital beds',NULL,NULL,NULL,NULL,NULL,NULL,7386,NULL,NULL,NULL,NULL,NULL),(7388,'S',NULL,'bed railings',NULL,NULL,NULL,NULL,NULL,NULL,7386,NULL,NULL,NULL,NULL,NULL),(7389,'S',NULL,'bedpans',NULL,NULL,NULL,NULL,NULL,NULL,7386,NULL,NULL,NULL,NULL,NULL),(7390,'S',NULL,'gurneys',NULL,NULL,NULL,NULL,NULL,NULL,7386,NULL,NULL,NULL,NULL,NULL),(7391,'S',NULL,'traction devices',NULL,NULL,NULL,NULL,NULL,NULL,7386,NULL,NULL,NULL,NULL,NULL),(7392,'S',NULL,'MRI',NULL,NULL,NULL,NULL,NULL,NULL,7386,NULL,NULL,NULL,NULL,NULL),(7393,'S',NULL,'CAT',NULL,NULL,NULL,NULL,NULL,NULL,7386,NULL,NULL,NULL,NULL,NULL),(7394,'S',NULL,'examining tables',NULL,NULL,NULL,NULL,NULL,NULL,7386,NULL,NULL,NULL,NULL,NULL),(7395,'S',NULL,'scales',NULL,NULL,NULL,NULL,NULL,NULL,7386,NULL,NULL,NULL,NULL,NULL),(7396,'S',NULL,'paddles',NULL,NULL,NULL,NULL,NULL,NULL,7386,NULL,NULL,NULL,NULL,NULL),(7397,'S',NULL,'wheelchairs',NULL,NULL,NULL,NULL,NULL,NULL,7386,NULL,NULL,NULL,NULL,NULL),(7398,'S',NULL,'hard',NULL,NULL,NULL,NULL,NULL,NULL,7386,NULL,NULL,NULL,NULL,NULL),(7399,'S',NULL,'non-porous surfaces of cervical collars and neck braces',NULL,NULL,NULL,NULL,NULL,NULL,7386,NULL,NULL,NULL,NULL,NULL),(7400,'S',NULL,'spine backboards',NULL,NULL,NULL,NULL,NULL,NULL,7386,NULL,NULL,NULL,NULL,NULL),(7401,'S',NULL,'stretchers',NULL,NULL,NULL,NULL,NULL,NULL,7386,NULL,NULL,NULL,NULL,NULL),(7402,'S',NULL,'unit stools',NULL,NULL,NULL,NULL,NULL,NULL,7386,NULL,NULL,NULL,NULL,NULL),(7403,'S',NULL,'CPR training mannequins',NULL,NULL,NULL,NULL,NULL,NULL,7386,NULL,NULL,NULL,NULL,NULL),(7404,'S',NULL,'curing lights',NULL,NULL,NULL,NULL,NULL,NULL,7386,NULL,NULL,NULL,NULL,NULL),(7405,'S',NULL,'light lens covers',NULL,NULL,NULL,NULL,NULL,NULL,7386,NULL,NULL,NULL,NULL,NULL),(7406,'S',NULL,'slit lamps',NULL,NULL,NULL,NULL,NULL,NULL,7386,NULL,NULL,NULL,NULL,NULL),(7407,'S',NULL,'operating room lights',NULL,NULL,NULL,NULL,NULL,NULL,7386,NULL,NULL,NULL,NULL,NULL),(7408,'S',NULL,'operating tables',NULL,NULL,NULL,NULL,NULL,NULL,7386,NULL,NULL,NULL,NULL,NULL),(7409,'S',NULL,'oxygen hoods',NULL,NULL,NULL,NULL,NULL,NULL,7386,NULL,NULL,NULL,NULL,NULL),(7410,'S',NULL,'dental chairs/countertops',NULL,NULL,NULL,NULL,NULL,NULL,7386,NULL,NULL,NULL,NULL,NULL),(7411,'S',NULL,'examination tables',NULL,NULL,NULL,NULL,NULL,NULL,7386,NULL,NULL,NULL,NULL,NULL),(7412,'S',NULL,'x-ray tables',NULL,NULL,NULL,NULL,NULL,NULL,7386,NULL,NULL,NULL,NULL,NULL),(7413,'S',NULL,'ambulance equipment/surfaces',NULL,NULL,NULL,NULL,NULL,NULL,7386,NULL,NULL,NULL,NULL,NULL),(7414,'S',NULL,'medical equipment surfaces',NULL,NULL,NULL,NULL,NULL,NULL,7386,NULL,NULL,NULL,NULL,NULL),(7415,'S',NULL,'{{}}',NULL,NULL,NULL,NULL,NULL,NULL,NULL,NULL,NULL,18,NULL,NULL),(7416,'S',NULL,'exhaust fans',NULL,NULL,NULL,NULL,NULL,NULL,7415,NULL,NULL,NULL,NULL,NULL),(7417,'S',NULL,'refrigerated storage and display equipment',NULL,NULL,NULL,NULL,NULL,NULL,7415,NULL,NULL,NULL,NULL,NULL),(7418,'S',NULL,'coils and drain pans of air conditioning',NULL,NULL,NULL,NULL,NULL,NULL,7415,NULL,NULL,NULL,NULL,NULL),(7419,'S',NULL,'refrigeration equipment and heat pumps',NULL,NULL,NULL,NULL,NULL,NULL,7415,NULL,NULL,NULL,NULL,NULL),(7420,'S',NULL,'Humidifier water tanks (Not for use in CA.)',NULL,NULL,NULL,NULL,NULL,NULL,NULL,NULL,NULL,18,NULL,NULL),(7421,'S',NULL,'{{}}',NULL,NULL,NULL,NULL,NULL,NULL,NULL,NULL,NULL,18,NULL,NULL),(7422,'S',NULL,'interior hard',NULL,NULL,NULL,NULL,NULL,NULL,7421,NULL,NULL,NULL,NULL,NULL),(7423,'S',NULL,'non-porous surfaces of water softeners',NULL,NULL,NULL,NULL,NULL,NULL,7421,NULL,NULL,NULL,NULL,NULL),(7424,'S',NULL,'reverse osmosis units',NULL,NULL,NULL,NULL,NULL,NULL,7421,NULL,NULL,NULL,NULL,NULL),(7425,'S',NULL,'ice machines',NULL,NULL,NULL,NULL,NULL,NULL,7421,NULL,NULL,NULL,NULL,NULL),(7426,'S',NULL,'water coolers',NULL,NULL,NULL,NULL,NULL,NULL,7421,NULL,NULL,NULL,NULL,NULL),(7427,'S',NULL,'water holding tanks and pressure tanks',NULL,NULL,NULL,NULL,NULL,NULL,7421,NULL,NULL,NULL,NULL,NULL),(7428,'S',NULL,'telephones',NULL,NULL,NULL,NULL,NULL,NULL,7318,NULL,NULL,NULL,NULL,NULL),(7429,'S',NULL,'telephone booths',NULL,NULL,NULL,NULL,NULL,NULL,7318,NULL,NULL,NULL,NULL,NULL),(7430,'S',NULL,'Appliances',NULL,NULL,NULL,NULL,NULL,NULL,NULL,NULL,NULL,18,NULL,NULL),(7431,'S',NULL,'preparation',NULL,NULL,NULL,NULL,NULL,NULL,7338,NULL,NULL,NULL,NULL,NULL),(7432,'S',NULL,'storage',NULL,NULL,NULL,NULL,NULL,NULL,7338,NULL,NULL,NULL,NULL,NULL),(7433,'S',NULL,'processing equipment',NULL,NULL,NULL,NULL,NULL,NULL,7337,NULL,NULL,NULL,NULL,NULL),(7434,'S',NULL,'holding tanks',NULL,NULL,NULL,NULL,NULL,NULL,7337,NULL,NULL,NULL,NULL,NULL),(7435,'L',NULL,'Egg Receiving Area',NULL,NULL,NULL,NULL,NULL,NULL,7079,NULL,NULL,NULL,NULL,NULL),(7436,'L',NULL,'Tray Dumping Area',NULL,NULL,NULL,NULL,NULL,NULL,7079,NULL,NULL,NULL,NULL,NULL),(7437,'L',NULL,'Chick Processing Area',NULL,NULL,NULL,NULL,NULL,NULL,7079,NULL,NULL,NULL,NULL,NULL),(7438,'L',NULL,'Egg Holding Area',NULL,NULL,NULL,NULL,NULL,NULL,7079,NULL,NULL,NULL,NULL,NULL),(7439,'L',NULL,'Chick Holding Area',NULL,NULL,NULL,NULL,NULL,NULL,7079,NULL,NULL,NULL,NULL,NULL),(7440,'L',NULL,'Chick Loading Area',NULL,NULL,NULL,NULL,NULL,NULL,7079,NULL,NULL,NULL,NULL,NULL),(7441,'L',NULL,'Setter Room',NULL,NULL,NULL,NULL,NULL,NULL,7079,NULL,NULL,NULL,NULL,NULL),(7442,'L',NULL,'Hatchery Room',NULL,NULL,NULL,NULL,NULL,NULL,7079,NULL,NULL,NULL,NULL,NULL),(7443,'L',NULL,'Poultry Buildings',NULL,NULL,NULL,NULL,NULL,NULL,7079,NULL,NULL,NULL,NULL,NULL),(7444,'L',NULL,'Farrowing Barns and Areas',NULL,NULL,NULL,NULL,NULL,NULL,7097,NULL,NULL,NULL,NULL,NULL),(7445,'L',NULL,'Dressing Plants',NULL,NULL,NULL,NULL,NULL,NULL,7097,NULL,NULL,NULL,NULL,NULL),(7446,'L',NULL,'Blocks',NULL,NULL,NULL,NULL,NULL,NULL,7097,NULL,NULL,NULL,NULL,NULL),(7447,'L',NULL,'Waterers and Feeders',NULL,NULL,NULL,NULL,NULL,NULL,7097,NULL,NULL,NULL,NULL,NULL),(7448,'L',NULL,'Loading Equipment',NULL,NULL,NULL,NULL,NULL,NULL,7097,NULL,NULL,NULL,NULL,NULL),(7449,'L',NULL,'Creep Area',NULL,NULL,NULL,NULL,NULL,NULL,7097,NULL,NULL,NULL,NULL,NULL),(7450,'L',NULL,'Hauling Equipment',NULL,NULL,NULL,NULL,NULL,NULL,7097,NULL,NULL,NULL,NULL,NULL),(7451,'L',NULL,'Nursery',NULL,NULL,NULL,NULL,NULL,NULL,7097,NULL,NULL,NULL,NULL,NULL),(7452,'L',NULL,'Chutes',NULL,NULL,NULL,NULL,NULL,NULL,7097,NULL,NULL,NULL,NULL,NULL);
/*!40000 ALTER TABLE `m_usage` ENABLE KEYS */;
UNLOCK TABLES;

--
-- Table structure for table `m_usagefootnote`
--

DROP TABLE IF EXISTS `m_usagefootnote`;
/*!40101 SET @saved_cs_client     = @@character_set_client */;
/*!40101 SET character_set_client = utf8 */;
CREATE TABLE `m_usagefootnote` (
  `ID` int(11) NOT NULL,
  `z_TEXT` longtext,
  `SYMBOL` varchar(32) DEFAULT NULL,
  `FK_ID_MASTERLABELCONTENT` int(11) NOT NULL,
  PRIMARY KEY (`ID`),
  KEY `MUSAGEFOOTNOTEFKIDMASTERL47455` (`FK_ID_MASTERLABELCONTENT`)
) ENGINE=InnoDB DEFAULT CHARSET=utf8;
/*!40101 SET character_set_client = @saved_cs_client */;

--
-- Dumping data for table `m_usagefootnote`
--

LOCK TABLES `m_usagefootnote` WRITE;
/*!40000 ALTER TABLE `m_usagefootnote` DISABLE KEYS */;
INSERT INTO `m_usagefootnote` VALUES (2,'ATCC &amp; antibiotic-resistant strain',NULL,11),(3,'antibiotic-resistant strain only',NULL,11),(4,'ATCC &amp; antibiotic-resistant strain',NULL,10),(5,'antibiotic-resistant strain only',NULL,10),(6,'Indicates that a dilution of 8oz. per gal. of water is required for this claim.',NULL,16),(7,'Indicates a 4 minute contact time is required for this claim.','&Dagger;&Dagger;',17),(16,'ATCC &amp; antibiotic-resistant strain',NULL,34),(17,'antibiotic-resistant strain only',NULL,34);
/*!40000 ALTER TABLE `m_usagefootnote` ENABLE KEYS */;
UNLOCK TABLES;

--
-- Table structure for table `m_usagegroup`
--

DROP TABLE IF EXISTS `m_usagegroup`;
/*!40101 SET @saved_cs_client     = @@character_set_client */;
/*!40101 SET character_set_client = utf8 */;
CREATE TABLE `m_usagegroup` (
  `ID` int(11) NOT NULL,
  `NAME` varchar(254) DEFAULT NULL,
  `FK_ID_M_USAGETYPE` int(11) NOT NULL,
  PRIMARY KEY (`ID`),
  UNIQUE KEY `UM_USAGEGROUP_ID_692400` (`ID`),
  KEY `M_USAGEGROUP_FKIDMUSAGETYPE69849` (`FK_ID_M_USAGETYPE`)
) ENGINE=InnoDB DEFAULT CHARSET=utf8;
/*!40101 SET character_set_client = @saved_cs_client */;

--
-- Dumping data for table `m_usagegroup`
--

LOCK TABLES `m_usagegroup` WRITE;
/*!40000 ALTER TABLE `m_usagegroup` DISABLE KEYS */;
INSERT INTO `m_usagegroup` VALUES (1,'1',14),(2,'2',14),(6,'1',18),(7,'1',2);
/*!40000 ALTER TABLE `m_usagegroup` ENABLE KEYS */;
UNLOCK TABLES;

--
-- Table structure for table `m_usageordering`
--

DROP TABLE IF EXISTS `m_usageordering`;
/*!40101 SET @saved_cs_client     = @@character_set_client */;
/*!40101 SET character_set_client = utf8 */;
CREATE TABLE `m_usageordering` (
  `ID` int(11) NOT NULL,
  `AUTOSEQ` int(11) DEFAULT NULL,
  `AUTOSEQ02` int(11) DEFAULT NULL,
  `FK_ID_M_USAGE` int(11) NOT NULL,
  `FK_ID_M_DIRECTIONSFORUSESTATEMEN` int(11) DEFAULT NULL,
  `FK_ID_M_MARKETINGSTATEMENT` int(11) DEFAULT NULL,
  PRIMARY KEY (`ID`),
  KEY `M_USAGEORDERINGFKIDMUSAGE10334` (`FK_ID_M_USAGE`),
  KEY `MUSAGEORDERINGFKIDMDIRECT10335` (`FK_ID_M_DIRECTIONSFORUSESTATEMEN`),
  KEY `MUSAGEORDERINGFKIDMMARKET10454` (`FK_ID_M_MARKETINGSTATEMENT`)
) ENGINE=InnoDB DEFAULT CHARSET=utf8;
/*!40101 SET character_set_client = @saved_cs_client */;

--
-- Dumping data for table `m_usageordering`
--

LOCK TABLES `m_usageordering` WRITE;
/*!40000 ALTER TABLE `m_usageordering` DISABLE KEYS */;
INSERT INTO `m_usageordering` VALUES (927,1,NULL,874,7,NULL),(928,2,NULL,861,7,NULL),(929,3,NULL,860,7,NULL),(930,4,NULL,859,7,NULL),(931,5,NULL,858,7,NULL),(932,6,NULL,857,7,NULL),(933,7,NULL,856,7,NULL),(934,8,NULL,855,7,NULL),(935,9,NULL,854,7,NULL),(936,10,NULL,853,7,NULL),(937,11,NULL,862,7,NULL),(938,12,NULL,863,7,NULL),(939,13,NULL,864,7,NULL),(940,14,NULL,873,7,NULL),(941,15,NULL,872,7,NULL),(942,16,NULL,871,7,NULL),(943,17,NULL,870,7,NULL),(944,18,NULL,869,7,NULL),(945,19,NULL,868,7,NULL),(946,20,NULL,867,7,NULL),(947,21,NULL,866,7,NULL),(948,22,NULL,865,7,NULL),(949,23,NULL,852,7,NULL),(950,24,NULL,851,7,NULL),(951,25,NULL,838,7,NULL),(952,26,NULL,837,7,NULL),(953,27,NULL,836,7,NULL),(954,28,NULL,835,7,NULL),(955,29,NULL,834,7,NULL),(956,30,NULL,833,7,NULL),(957,31,NULL,832,7,NULL),(958,32,NULL,831,7,NULL),(959,33,NULL,830,7,NULL),(960,34,NULL,839,7,NULL),(961,35,NULL,840,7,NULL),(962,36,NULL,841,7,NULL),(963,37,NULL,850,7,NULL),(964,38,NULL,849,7,NULL),(965,39,NULL,848,7,NULL),(966,40,NULL,847,7,NULL),(967,41,NULL,846,7,NULL),(968,42,NULL,845,7,NULL),(969,43,NULL,844,7,NULL),(970,44,NULL,843,7,NULL),(971,45,NULL,842,7,NULL),(972,46,NULL,829,7,NULL),(973,47,NULL,920,7,NULL),(974,48,NULL,907,7,NULL),(975,49,NULL,906,7,NULL),(976,50,NULL,905,7,NULL),(977,51,NULL,904,7,NULL),(978,52,NULL,903,7,NULL),(979,53,NULL,902,7,NULL),(980,54,NULL,901,7,NULL),(981,55,NULL,900,7,NULL),(982,56,NULL,899,7,NULL),(983,57,NULL,908,7,NULL),(984,58,NULL,909,7,NULL),(985,59,NULL,910,7,NULL),(986,60,NULL,919,7,NULL),(987,61,NULL,918,7,NULL),(988,62,NULL,917,7,NULL),(989,63,NULL,916,7,NULL),(990,64,NULL,915,7,NULL),(991,65,NULL,914,7,NULL),(992,66,NULL,913,7,NULL),(993,67,NULL,912,7,NULL),(994,68,NULL,911,7,NULL),(995,69,NULL,898,7,NULL),(996,70,NULL,897,7,NULL),(997,71,NULL,884,7,NULL),(998,72,NULL,883,7,NULL),(999,73,NULL,882,7,NULL),(1000,74,NULL,881,7,NULL),(1001,75,NULL,880,7,NULL),(1002,76,NULL,879,7,NULL),(1003,77,NULL,878,7,NULL),(1004,78,NULL,877,7,NULL),(1005,79,NULL,876,7,NULL),(1006,80,NULL,885,7,NULL),(1007,81,NULL,886,7,NULL),(1008,82,NULL,887,7,NULL),(1009,83,NULL,896,7,NULL),(1010,84,NULL,895,7,NULL),(1011,85,NULL,894,7,NULL),(1012,86,NULL,893,7,NULL),(1013,87,NULL,892,7,NULL),(1014,88,NULL,891,7,NULL),(1015,89,NULL,890,7,NULL),(1016,90,NULL,889,7,NULL),(1017,91,NULL,888,7,NULL),(1018,92,NULL,875,7,NULL),(1019,93,NULL,782,7,NULL),(1020,94,NULL,769,7,NULL),(1021,95,NULL,768,7,NULL),(1022,96,NULL,767,7,NULL),(1023,97,NULL,766,7,NULL),(1024,98,NULL,765,7,NULL),(1025,99,NULL,764,7,NULL),(1026,100,NULL,763,7,NULL),(1027,101,NULL,762,7,NULL),(1028,102,NULL,761,7,NULL),(1029,103,NULL,770,7,NULL),(1030,104,NULL,771,7,NULL),(1031,105,NULL,772,7,NULL),(1032,106,NULL,781,7,NULL),(1033,107,NULL,780,7,NULL),(1034,108,NULL,779,7,NULL),(1035,109,NULL,778,7,NULL),(1036,110,NULL,777,7,NULL),(1037,111,NULL,776,7,NULL),(1038,112,NULL,775,7,NULL),(1039,113,NULL,774,7,NULL),(1040,114,NULL,773,7,NULL),(1041,115,NULL,760,7,NULL),(1042,116,NULL,759,7,NULL),(1043,117,NULL,746,7,NULL),(1044,118,NULL,745,7,NULL),(1045,119,NULL,744,7,NULL),(1046,120,NULL,743,7,NULL),(1047,121,NULL,742,7,NULL),(1048,122,NULL,741,7,NULL),(1049,123,NULL,740,7,NULL),(1050,124,NULL,739,7,NULL),(1051,125,NULL,738,7,NULL),(1052,126,NULL,747,7,NULL),(1053,127,NULL,748,7,NULL),(1054,128,NULL,749,7,NULL),(1055,129,NULL,758,7,NULL),(1056,130,NULL,757,7,NULL),(1057,131,NULL,756,7,NULL),(1058,132,NULL,755,7,NULL),(1059,133,NULL,754,7,NULL),(1060,134,NULL,753,7,NULL),(1061,135,NULL,752,7,NULL),(1062,136,NULL,751,7,NULL),(1063,137,NULL,750,7,NULL),(1064,138,NULL,737,7,NULL),(1065,139,NULL,828,7,NULL),(1066,140,NULL,815,7,NULL),(1067,141,NULL,814,7,NULL),(1068,142,NULL,813,7,NULL),(1069,143,NULL,812,7,NULL),(1070,144,NULL,811,7,NULL),(1071,145,NULL,810,7,NULL),(1072,146,NULL,809,7,NULL),(1073,147,NULL,808,7,NULL),(1074,148,NULL,807,7,NULL),(1075,149,NULL,816,7,NULL),(1076,150,NULL,817,7,NULL),(1077,151,NULL,818,7,NULL),(1078,152,NULL,827,7,NULL),(1079,153,NULL,826,7,NULL),(1080,154,NULL,825,7,NULL),(1081,155,NULL,824,7,NULL),(1082,156,NULL,823,7,NULL),(1083,157,NULL,822,7,NULL),(1084,158,NULL,821,7,NULL),(1085,159,NULL,820,7,NULL),(1086,160,NULL,819,7,NULL),(1087,161,NULL,806,7,NULL),(1088,162,NULL,805,7,NULL),(1089,163,NULL,792,7,NULL),(1090,164,NULL,791,7,NULL),(1091,165,NULL,790,7,NULL),(1092,166,NULL,789,7,NULL),(1093,167,NULL,788,7,NULL),(1094,168,NULL,787,7,NULL),(1095,169,NULL,786,7,NULL),(1096,170,NULL,785,7,NULL),(1097,171,NULL,784,7,NULL),(1098,172,NULL,793,7,NULL),(1099,173,NULL,794,7,NULL),(1100,174,NULL,795,7,NULL),(1101,175,NULL,804,7,NULL),(1102,176,NULL,803,7,NULL),(1103,177,NULL,802,7,NULL),(1104,178,NULL,801,7,NULL),(1105,179,NULL,800,7,NULL),(1106,180,NULL,799,7,NULL),(1107,181,NULL,798,7,NULL),(1108,182,NULL,797,7,NULL),(1109,183,NULL,796,7,NULL),(1110,184,NULL,783,7,NULL),(1111,1,NULL,874,8,NULL),(1112,2,NULL,861,8,NULL),(1113,3,NULL,860,8,NULL),(1114,4,NULL,859,8,NULL),(1115,5,NULL,858,8,NULL),(1116,6,NULL,857,8,NULL),(1117,7,NULL,856,8,NULL),(1118,8,NULL,855,8,NULL),(1119,9,NULL,854,8,NULL),(1120,10,NULL,744,8,NULL),(1121,11,NULL,816,8,NULL),(1122,12,NULL,906,8,NULL),(1123,13,NULL,822,8,NULL),(1124,14,NULL,805,8,NULL),(1125,15,NULL,788,8,NULL),(1126,16,NULL,793,8,NULL),(1127,17,NULL,790,8,NULL),(1128,18,NULL,799,8,NULL),(1129,19,NULL,889,8,NULL),(1130,20,NULL,867,8,NULL),(1131,21,NULL,866,8,NULL),(1132,22,NULL,865,8,NULL),(1133,23,NULL,852,8,NULL),(1134,24,NULL,851,8,NULL),(1135,25,NULL,838,8,NULL),(1136,26,NULL,837,8,NULL),(1137,27,NULL,836,8,NULL),(1138,28,NULL,835,8,NULL),(1139,29,NULL,834,8,NULL),(1140,30,NULL,833,8,NULL),(1141,31,NULL,832,8,NULL),(1142,32,NULL,831,8,NULL),(1143,33,NULL,830,8,NULL),(1144,34,NULL,839,8,NULL),(1145,35,NULL,840,8,NULL),(1146,36,NULL,841,8,NULL),(1147,37,NULL,850,8,NULL),(1148,38,NULL,849,8,NULL),(1149,39,NULL,848,8,NULL),(1150,40,NULL,847,8,NULL),(1151,41,NULL,846,8,NULL),(1152,42,NULL,845,8,NULL),(1153,43,NULL,844,8,NULL),(1154,44,NULL,843,8,NULL),(1155,45,NULL,842,8,NULL),(1156,46,NULL,899,8,NULL),(1157,47,NULL,863,8,NULL),(1158,48,NULL,862,8,NULL),(1159,49,NULL,893,8,NULL),(1160,50,NULL,864,8,NULL),(1161,51,NULL,873,8,NULL),(1162,52,NULL,872,8,NULL),(1163,53,NULL,871,8,NULL),(1164,54,NULL,810,8,NULL),(1165,55,NULL,908,8,NULL),(1166,56,NULL,909,8,NULL),(1167,57,NULL,912,8,NULL),(1168,58,NULL,829,8,NULL),(1169,59,NULL,910,8,NULL),(1170,60,NULL,919,8,NULL),(1171,61,NULL,918,8,NULL),(1172,62,NULL,917,8,NULL),(1173,63,NULL,916,8,NULL),(1174,64,NULL,915,8,NULL),(1175,65,NULL,914,8,NULL),(1176,66,NULL,913,8,NULL),(1177,67,NULL,869,8,NULL),(1178,68,NULL,911,8,NULL),(1179,69,NULL,897,8,NULL),(1180,70,NULL,884,8,NULL),(1181,71,NULL,883,8,NULL),(1182,72,NULL,882,8,NULL),(1183,73,NULL,881,8,NULL),(1184,74,NULL,898,8,NULL),(1185,75,NULL,880,8,NULL),(1186,76,NULL,879,8,NULL),(1187,77,NULL,878,8,NULL),(1188,78,NULL,877,8,NULL),(1189,79,NULL,876,8,NULL),(1190,80,NULL,885,8,NULL),(1191,81,NULL,886,8,NULL),(1192,82,NULL,887,8,NULL),(1193,83,NULL,896,8,NULL),(1194,84,NULL,920,8,NULL),(1195,85,NULL,907,8,NULL),(1196,86,NULL,904,8,NULL),(1197,87,NULL,905,8,NULL),(1198,88,NULL,826,8,NULL),(1199,89,NULL,903,8,NULL),(1200,90,NULL,902,8,NULL),(1201,91,NULL,901,8,NULL),(1202,92,NULL,900,8,NULL),(1203,93,NULL,782,8,NULL),(1204,94,NULL,769,8,NULL),(1205,95,NULL,768,8,NULL),(1206,96,NULL,767,8,NULL),(1207,97,NULL,766,8,NULL),(1208,98,NULL,765,8,NULL),(1209,99,NULL,764,8,NULL),(1210,100,NULL,763,8,NULL),(1211,101,NULL,762,8,NULL),(1212,102,NULL,761,8,NULL),(1213,103,NULL,770,8,NULL),(1214,104,NULL,771,8,NULL),(1215,105,NULL,772,8,NULL),(1216,106,NULL,781,8,NULL),(1217,107,NULL,780,8,NULL),(1218,108,NULL,779,8,NULL),(1219,109,NULL,778,8,NULL),(1220,110,NULL,777,8,NULL),(1221,111,NULL,776,8,NULL),(1222,112,NULL,759,8,NULL),(1223,113,NULL,828,8,NULL),(1224,114,NULL,875,8,NULL),(1225,115,NULL,742,8,NULL),(1226,116,NULL,815,8,NULL),(1227,117,NULL,740,8,NULL),(1228,118,NULL,739,8,NULL),(1229,119,NULL,895,8,NULL),(1230,120,NULL,747,8,NULL),(1231,121,NULL,748,8,NULL),(1232,122,NULL,755,8,NULL),(1233,123,NULL,894,8,NULL),(1234,124,NULL,749,8,NULL),(1235,125,NULL,758,8,NULL),(1236,126,NULL,754,8,NULL),(1237,127,NULL,853,8,NULL),(1238,128,NULL,757,8,NULL),(1239,129,NULL,756,8,NULL),(1240,130,NULL,753,8,NULL),(1241,131,NULL,892,8,NULL),(1242,132,NULL,741,8,NULL),(1243,133,NULL,738,8,NULL),(1244,134,NULL,750,8,NULL),(1245,135,NULL,752,8,NULL),(1246,136,NULL,891,8,NULL),(1247,137,NULL,808,8,NULL),(1248,138,NULL,807,8,NULL),(1249,139,NULL,803,8,NULL),(1250,140,NULL,751,8,NULL),(1251,141,NULL,890,8,NULL),(1252,142,NULL,775,8,NULL),(1253,143,NULL,774,8,NULL),(1254,144,NULL,760,8,NULL),(1255,145,NULL,737,8,NULL),(1256,146,NULL,888,8,NULL),(1257,147,NULL,745,8,NULL),(1258,148,NULL,824,8,NULL),(1259,149,NULL,806,8,NULL),(1260,150,NULL,811,8,NULL),(1261,151,NULL,792,8,NULL),(1262,152,NULL,791,8,NULL),(1263,153,NULL,789,8,NULL),(1264,154,NULL,773,8,NULL),(1265,155,NULL,787,8,NULL),(1266,156,NULL,786,8,NULL),(1267,157,NULL,784,8,NULL),(1268,158,NULL,809,8,NULL),(1269,159,NULL,794,8,NULL),(1270,160,NULL,795,8,NULL),(1271,161,NULL,804,8,NULL),(1272,162,NULL,870,8,NULL),(1273,163,NULL,802,8,NULL),(1274,164,NULL,801,8,NULL),(1275,165,NULL,800,8,NULL),(1276,166,NULL,746,8,NULL),(1277,167,NULL,798,8,NULL),(1278,168,NULL,819,8,NULL),(1279,169,NULL,743,8,NULL),(1280,170,NULL,785,8,NULL),(1281,171,NULL,827,8,NULL),(1282,172,NULL,797,8,NULL),(1283,173,NULL,796,8,NULL),(1284,174,NULL,783,8,NULL),(1285,175,NULL,813,8,NULL),(1286,176,NULL,868,8,NULL),(1287,177,NULL,814,8,NULL),(1288,178,NULL,817,8,NULL),(1289,179,NULL,818,8,NULL),(1290,180,NULL,825,8,NULL),(1291,181,NULL,823,8,NULL),(1292,182,NULL,812,8,NULL),(1293,183,NULL,821,8,NULL),(1294,184,NULL,820,8,NULL),(1295,NULL,NULL,855,NULL,5),(1296,NULL,NULL,833,NULL,5),(1297,NULL,NULL,839,NULL,5),(1298,NULL,NULL,851,NULL,5),(1299,NULL,NULL,873,NULL,5),(1300,NULL,NULL,859,NULL,5),(1301,NULL,NULL,867,NULL,5),(1302,NULL,NULL,830,NULL,5),(1303,NULL,NULL,852,NULL,5),(1304,NULL,NULL,864,NULL,5),(1305,NULL,NULL,858,NULL,5),(1306,NULL,NULL,872,NULL,5),(1307,NULL,NULL,838,NULL,5),(1308,NULL,NULL,850,NULL,5),(1309,NULL,NULL,836,NULL,5),(1310,NULL,NULL,870,NULL,5),(1311,NULL,NULL,856,NULL,5),(1312,NULL,NULL,841,NULL,5),(1313,NULL,NULL,837,NULL,5),(1314,NULL,NULL,871,NULL,5),(1315,NULL,NULL,857,NULL,5),(1316,NULL,NULL,840,NULL,5),(1317,NULL,NULL,860,NULL,5),(1318,NULL,NULL,853,NULL,5),(1319,NULL,NULL,785,NULL,5),(1320,NULL,NULL,798,NULL,5),(1321,NULL,NULL,802,NULL,5),(1322,NULL,NULL,794,NULL,5),(1323,NULL,NULL,787,NULL,5),(1324,NULL,NULL,792,NULL,5),(1325,NULL,NULL,821,NULL,5),(1326,NULL,NULL,825,NULL,5),(1327,NULL,NULL,817,NULL,5),(1328,NULL,NULL,783,NULL,5),(1329,NULL,NULL,818,NULL,5),(1330,NULL,NULL,824,NULL,5),(1331,NULL,NULL,831,NULL,5),(1332,NULL,NULL,865,NULL,5),(1333,NULL,NULL,863,NULL,5),(1334,NULL,NULL,861,NULL,5),(1335,NULL,NULL,801,NULL,5),(1336,NULL,NULL,795,NULL,5),(1337,NULL,NULL,786,NULL,5),(1338,NULL,NULL,791,NULL,5),(1339,NULL,NULL,820,NULL,5),(1340,NULL,NULL,796,NULL,5),(1341,NULL,NULL,882,NULL,5),(1342,NULL,NULL,910,NULL,5),(1343,NULL,NULL,906,NULL,5),(1344,NULL,NULL,848,NULL,5),(1345,NULL,NULL,911,NULL,5),(1346,NULL,NULL,909,NULL,5),(1347,NULL,NULL,907,NULL,5),(1348,NULL,NULL,849,NULL,5),(1349,NULL,NULL,883,NULL,5),(1350,NULL,NULL,912,NULL,5),(1351,NULL,NULL,898,NULL,5),(1352,NULL,NULL,847,NULL,5),(1353,NULL,NULL,905,NULL,5),(1354,NULL,NULL,916,NULL,5),(1355,NULL,NULL,902,NULL,5),(1356,NULL,NULL,844,NULL,5),(1357,NULL,NULL,884,NULL,5),(1358,NULL,NULL,918,NULL,5),(1359,NULL,NULL,904,NULL,5),(1360,NULL,NULL,846,NULL,5),(1361,NULL,NULL,897,NULL,5),(1362,NULL,NULL,919,NULL,5),(1363,NULL,NULL,908,NULL,5),(1364,NULL,NULL,920,NULL,5),(1365,NULL,NULL,843,NULL,5),(1366,NULL,NULL,832,NULL,5),(1367,NULL,NULL,866,NULL,5),(1368,NULL,NULL,862,NULL,5),(1369,NULL,NULL,874,NULL,5),(1370,NULL,NULL,834,NULL,5),(1371,NULL,NULL,868,NULL,5),(1372,NULL,NULL,854,NULL,5),(1373,NULL,NULL,835,NULL,5),(1374,NULL,NULL,901,NULL,5),(1375,NULL,NULL,915,NULL,5),(1376,NULL,NULL,881,NULL,5),(1377,NULL,NULL,917,NULL,5),(1378,NULL,NULL,913,NULL,5),(1379,NULL,NULL,899,NULL,5),(1380,NULL,NULL,829,NULL,5),(1381,NULL,NULL,903,NULL,5),(1382,NULL,NULL,914,NULL,5),(1383,NULL,NULL,900,NULL,5),(1384,NULL,NULL,842,NULL,5),(1385,NULL,NULL,845,NULL,5),(1386,NULL,NULL,869,NULL,5),(1387,NULL,NULL,828,NULL,5),(1388,NULL,NULL,780,NULL,5),(1389,NULL,NULL,781,NULL,5),(1390,NULL,NULL,772,NULL,5),(1391,NULL,NULL,771,NULL,5),(1392,NULL,NULL,770,NULL,5),(1393,NULL,NULL,761,NULL,5),(1394,NULL,NULL,762,NULL,5),(1395,NULL,NULL,763,NULL,5),(1396,NULL,NULL,764,NULL,5),(1397,NULL,NULL,779,NULL,5),(1398,NULL,NULL,778,NULL,5),(1399,NULL,NULL,777,NULL,5),(1400,NULL,NULL,773,NULL,5),(1401,NULL,NULL,737,NULL,5),(1402,NULL,NULL,750,NULL,5),(1403,NULL,NULL,753,NULL,5),(1404,NULL,NULL,754,NULL,5),(1405,NULL,NULL,755,NULL,5),(1406,NULL,NULL,751,NULL,5),(1407,NULL,NULL,746,NULL,5),(1408,NULL,NULL,776,NULL,5),(1409,NULL,NULL,765,NULL,5),(1410,NULL,NULL,766,NULL,5),(1411,NULL,NULL,895,NULL,5),(1412,NULL,NULL,896,NULL,5),(1413,NULL,NULL,887,NULL,5),(1414,NULL,NULL,886,NULL,5),(1415,NULL,NULL,885,NULL,5),(1416,NULL,NULL,876,NULL,5),(1417,NULL,NULL,877,NULL,5),(1418,NULL,NULL,878,NULL,5),(1419,NULL,NULL,879,NULL,5),(1420,NULL,NULL,894,NULL,5),(1421,NULL,NULL,893,NULL,5),(1422,NULL,NULL,892,NULL,5),(1423,NULL,NULL,767,NULL,5),(1424,NULL,NULL,768,NULL,5),(1425,NULL,NULL,769,NULL,5),(1426,NULL,NULL,782,NULL,5),(1427,NULL,NULL,875,NULL,5),(1428,NULL,NULL,888,NULL,5),(1429,NULL,NULL,889,NULL,5),(1430,NULL,NULL,890,NULL,5),(1431,NULL,NULL,891,NULL,5),(1432,NULL,NULL,880,NULL,5),(1433,NULL,NULL,790,NULL,5),(1434,NULL,NULL,784,NULL,5),(1435,NULL,NULL,789,NULL,5),(1436,NULL,NULL,806,NULL,5),(1437,NULL,NULL,823,NULL,5),(1438,NULL,NULL,827,NULL,5),(1439,NULL,NULL,744,NULL,5),(1440,NULL,NULL,759,NULL,5),(1441,NULL,NULL,774,NULL,5),(1442,NULL,NULL,807,NULL,5),(1443,NULL,NULL,804,NULL,5),(1444,NULL,NULL,800,NULL,5),(1445,NULL,NULL,819,NULL,5),(1446,NULL,NULL,799,NULL,5),(1447,NULL,NULL,803,NULL,5),(1448,NULL,NULL,793,NULL,5),(1449,NULL,NULL,788,NULL,5),(1450,NULL,NULL,805,NULL,5),(1451,NULL,NULL,822,NULL,5),(1452,NULL,NULL,826,NULL,5),(1453,NULL,NULL,816,NULL,5),(1454,NULL,NULL,797,NULL,5),(1455,NULL,NULL,738,NULL,5),(1456,NULL,NULL,756,NULL,5),(1457,NULL,NULL,740,NULL,5),(1458,NULL,NULL,743,NULL,5),(1459,NULL,NULL,752,NULL,5),(1460,NULL,NULL,809,NULL,5),(1461,NULL,NULL,810,NULL,5),(1462,NULL,NULL,811,NULL,5),(1463,NULL,NULL,812,NULL,5),(1464,NULL,NULL,813,NULL,5),(1465,NULL,NULL,814,NULL,5),(1466,NULL,NULL,747,NULL,5),(1467,NULL,NULL,749,NULL,5),(1468,NULL,NULL,757,NULL,5),(1469,NULL,NULL,758,NULL,5),(1470,NULL,NULL,748,NULL,5),(1471,NULL,NULL,739,NULL,5),(1472,NULL,NULL,742,NULL,5),(1473,NULL,NULL,745,NULL,5),(1474,NULL,NULL,760,NULL,5),(1475,NULL,NULL,775,NULL,5),(1476,NULL,NULL,808,NULL,5),(1477,NULL,NULL,741,NULL,5),(1478,NULL,NULL,815,NULL,5),(1479,NULL,NULL,874,NULL,6),(1480,NULL,NULL,829,NULL,6),(1481,NULL,NULL,757,NULL,6),(1482,NULL,NULL,839,NULL,6),(1483,NULL,NULL,758,NULL,6),(1484,NULL,NULL,801,NULL,6),(1485,NULL,NULL,812,NULL,6),(1486,NULL,NULL,851,NULL,6),(1487,NULL,NULL,749,NULL,6),(1488,NULL,NULL,836,NULL,6),(1489,NULL,NULL,792,NULL,6),(1490,NULL,NULL,844,NULL,6),(1491,NULL,NULL,756,NULL,6),(1492,NULL,NULL,788,NULL,6),(1493,NULL,NULL,916,NULL,6),(1494,NULL,NULL,780,NULL,6),(1495,NULL,NULL,786,NULL,6),(1496,NULL,NULL,913,NULL,6),(1497,NULL,NULL,789,NULL,6),(1498,NULL,NULL,902,NULL,6),(1499,NULL,NULL,895,NULL,6),(1500,NULL,NULL,899,NULL,6),(1501,NULL,NULL,766,NULL,6),(1502,NULL,NULL,873,NULL,6),(1503,NULL,NULL,901,NULL,6),(1504,NULL,NULL,843,NULL,6),(1505,NULL,NULL,840,NULL,6),(1506,NULL,NULL,838,NULL,6),(1507,NULL,NULL,872,NULL,6),(1508,NULL,NULL,858,NULL,6),(1509,NULL,NULL,820,NULL,6),(1510,NULL,NULL,821,NULL,6),(1511,NULL,NULL,822,NULL,6),(1512,NULL,NULL,915,NULL,6),(1513,NULL,NULL,850,NULL,6),(1514,NULL,NULL,880,NULL,6),(1515,NULL,NULL,813,NULL,6),(1516,NULL,NULL,870,NULL,6),(1517,NULL,NULL,771,NULL,6),(1518,NULL,NULL,859,NULL,6),(1519,NULL,NULL,739,NULL,6),(1520,NULL,NULL,740,NULL,6),(1521,NULL,NULL,815,NULL,6),(1522,NULL,NULL,878,NULL,6),(1523,NULL,NULL,879,NULL,6),(1524,NULL,NULL,764,NULL,6),(1525,NULL,NULL,806,NULL,6),(1526,NULL,NULL,802,NULL,6),(1527,NULL,NULL,893,NULL,6),(1528,NULL,NULL,774,NULL,6),(1529,NULL,NULL,911,NULL,6),(1530,NULL,NULL,803,NULL,6),(1531,NULL,NULL,768,NULL,6),(1532,NULL,NULL,794,NULL,6),(1533,NULL,NULL,909,NULL,6),(1534,NULL,NULL,804,NULL,6),(1535,NULL,NULL,849,NULL,6),(1536,NULL,NULL,857,NULL,6),(1537,NULL,NULL,767,NULL,6),(1538,NULL,NULL,868,NULL,6),(1539,NULL,NULL,752,NULL,6),(1540,NULL,NULL,837,NULL,6),(1541,NULL,NULL,823,NULL,6),(1542,NULL,NULL,854,NULL,6),(1543,NULL,NULL,781,NULL,6),(1544,NULL,NULL,871,NULL,6),(1545,NULL,NULL,827,NULL,6),(1546,NULL,NULL,759,NULL,6),(1547,NULL,NULL,914,NULL,6),(1548,NULL,NULL,793,NULL,6),(1549,NULL,NULL,795,NULL,6),(1550,NULL,NULL,753,NULL,6),(1551,NULL,NULL,856,NULL,6),(1552,NULL,NULL,769,NULL,6),(1553,NULL,NULL,791,NULL,6),(1554,NULL,NULL,755,NULL,6),(1555,NULL,NULL,787,NULL,6),(1556,NULL,NULL,841,NULL,6),(1557,NULL,NULL,805,NULL,6),(1558,NULL,NULL,810,NULL,6),(1559,NULL,NULL,834,NULL,6),(1560,NULL,NULL,811,NULL,6),(1561,NULL,NULL,738,NULL,6),(1562,NULL,NULL,907,NULL,6),(1563,NULL,NULL,807,NULL,6),(1564,NULL,NULL,900,NULL,6),(1565,NULL,NULL,784,NULL,6),(1566,NULL,NULL,741,NULL,6),(1567,NULL,NULL,894,NULL,6),(1568,NULL,NULL,808,NULL,6),(1569,NULL,NULL,842,NULL,6),(1570,NULL,NULL,754,NULL,6),(1571,NULL,NULL,748,NULL,6),(1572,NULL,NULL,906,NULL,6),(1573,NULL,NULL,860,NULL,6),(1574,NULL,NULL,861,NULL,6),(1575,NULL,NULL,892,NULL,6),(1576,NULL,NULL,897,NULL,6),(1577,NULL,NULL,919,NULL,6),(1578,NULL,NULL,905,NULL,6),(1579,NULL,NULL,770,NULL,6),(1580,NULL,NULL,832,NULL,6),(1581,NULL,NULL,866,NULL,6),(1582,NULL,NULL,751,NULL,6),(1583,NULL,NULL,809,NULL,6),(1584,NULL,NULL,775,NULL,6),(1585,NULL,NULL,881,NULL,6),(1586,NULL,NULL,833,NULL,6),(1587,NULL,NULL,867,NULL,6),(1588,NULL,NULL,853,NULL,6),(1589,NULL,NULL,888,NULL,6),(1590,NULL,NULL,783,NULL,6),(1591,NULL,NULL,796,NULL,6),(1592,NULL,NULL,797,NULL,6),(1593,NULL,NULL,778,NULL,6),(1594,NULL,NULL,862,NULL,6),(1595,NULL,NULL,896,NULL,6),(1596,NULL,NULL,908,NULL,6),(1597,NULL,NULL,920,NULL,6),(1598,NULL,NULL,782,NULL,6),(1599,NULL,NULL,835,NULL,6),(1600,NULL,NULL,869,NULL,6),(1601,NULL,NULL,855,NULL,6),(1602,NULL,NULL,744,NULL,6),(1603,NULL,NULL,798,NULL,6),(1604,NULL,NULL,799,NULL,6),(1605,NULL,NULL,912,NULL,6),(1606,NULL,NULL,877,NULL,6),(1607,NULL,NULL,891,NULL,6),(1608,NULL,NULL,785,NULL,6),(1609,NULL,NULL,790,NULL,6),(1610,NULL,NULL,819,NULL,6),(1611,NULL,NULL,777,NULL,6),(1612,NULL,NULL,760,NULL,6),(1613,NULL,NULL,773,NULL,6),(1614,NULL,NULL,750,NULL,6),(1615,NULL,NULL,779,NULL,6),(1616,NULL,NULL,765,NULL,6),(1617,NULL,NULL,800,NULL,6),(1618,NULL,NULL,747,NULL,6),(1619,NULL,NULL,883,NULL,6),(1620,NULL,NULL,824,NULL,6),(1621,NULL,NULL,825,NULL,6),(1622,NULL,NULL,826,NULL,6),(1623,NULL,NULL,890,NULL,6),(1624,NULL,NULL,776,NULL,6),(1625,NULL,NULL,745,NULL,6),(1626,NULL,NULL,746,NULL,6),(1627,NULL,NULL,737,NULL,6),(1628,NULL,NULL,863,NULL,6),(1629,NULL,NULL,865,NULL,6),(1630,NULL,NULL,831,NULL,6),(1631,NULL,NULL,814,NULL,6),(1632,NULL,NULL,876,NULL,6),(1633,NULL,NULL,761,NULL,6),(1634,NULL,NULL,875,NULL,6),(1635,NULL,NULL,887,NULL,6),(1636,NULL,NULL,884,NULL,6),(1637,NULL,NULL,918,NULL,6),(1638,NULL,NULL,904,NULL,6),(1639,NULL,NULL,846,NULL,6),(1640,NULL,NULL,847,NULL,6),(1641,NULL,NULL,848,NULL,6),(1642,NULL,NULL,886,NULL,6),(1643,NULL,NULL,742,NULL,6),(1644,NULL,NULL,743,NULL,6),(1645,NULL,NULL,828,NULL,6),(1646,NULL,NULL,882,NULL,6),(1647,NULL,NULL,763,NULL,6),(1648,NULL,NULL,889,NULL,6),(1649,NULL,NULL,885,NULL,6),(1650,NULL,NULL,898,NULL,6),(1651,NULL,NULL,816,NULL,6),(1652,NULL,NULL,817,NULL,6),(1653,NULL,NULL,818,NULL,6),(1654,NULL,NULL,772,NULL,6),(1655,NULL,NULL,840,NULL,6),(1656,NULL,NULL,917,NULL,6),(1657,NULL,NULL,903,NULL,6),(1658,NULL,NULL,845,NULL,6),(1659,NULL,NULL,830,NULL,6),(1660,NULL,NULL,852,NULL,6),(1661,NULL,NULL,864,NULL,6),(1662,NULL,NULL,762,NULL,6),(1663,NULL,NULL,910,NULL,6),(1664,NULL,NULL,808,NULL,7),(1665,NULL,NULL,745,NULL,7),(1666,NULL,NULL,809,NULL,7),(1667,NULL,NULL,847,NULL,7),(1668,NULL,NULL,765,NULL,7),(1669,NULL,NULL,867,NULL,7),(1670,NULL,NULL,751,NULL,7),(1671,NULL,NULL,831,NULL,7),(1672,NULL,NULL,759,NULL,7),(1673,NULL,NULL,853,NULL,7),(1674,NULL,NULL,780,NULL,7),(1675,NULL,NULL,905,NULL,7),(1676,NULL,NULL,885,NULL,7),(1677,NULL,NULL,908,NULL,7),(1678,NULL,NULL,784,NULL,7),(1679,NULL,NULL,742,NULL,7),(1680,NULL,NULL,803,NULL,7),(1681,NULL,NULL,920,NULL,7),(1682,NULL,NULL,756,NULL,7),(1683,NULL,NULL,919,NULL,7),(1684,NULL,NULL,804,NULL,7),(1685,NULL,NULL,777,NULL,7),(1686,NULL,NULL,884,NULL,7),(1687,NULL,NULL,875,NULL,7),(1688,NULL,NULL,786,NULL,7),(1689,NULL,NULL,794,NULL,7),(1690,NULL,NULL,869,NULL,7),(1691,NULL,NULL,855,NULL,7),(1692,NULL,NULL,807,NULL,7),(1693,NULL,NULL,775,NULL,7),(1694,NULL,NULL,799,NULL,7),(1695,NULL,NULL,806,NULL,7),(1696,NULL,NULL,818,NULL,7),(1697,NULL,NULL,842,NULL,7),(1698,NULL,NULL,900,NULL,7),(1699,NULL,NULL,837,NULL,7),(1700,NULL,NULL,796,NULL,7),(1701,NULL,NULL,747,NULL,7),(1702,NULL,NULL,882,NULL,7),(1703,NULL,NULL,917,NULL,7),(1704,NULL,NULL,872,NULL,7),(1705,NULL,NULL,896,NULL,7),(1706,NULL,NULL,743,NULL,7),(1707,NULL,NULL,828,NULL,7),(1708,NULL,NULL,840,NULL,7),(1709,NULL,NULL,741,NULL,7),(1710,NULL,NULL,906,NULL,7),(1711,NULL,NULL,746,NULL,7),(1712,NULL,NULL,903,NULL,7),(1713,NULL,NULL,819,NULL,7),(1714,NULL,NULL,757,NULL,7),(1715,NULL,NULL,863,NULL,7),(1716,NULL,NULL,737,NULL,7),(1717,NULL,NULL,845,NULL,7),(1718,NULL,NULL,840,NULL,7),(1719,NULL,NULL,812,NULL,7),(1720,NULL,NULL,865,NULL,7),(1721,NULL,NULL,790,NULL,7),(1722,NULL,NULL,879,NULL,7),(1723,NULL,NULL,826,NULL,7),(1724,NULL,NULL,880,NULL,7),(1725,NULL,NULL,883,NULL,7),(1726,NULL,NULL,848,NULL,7),(1727,NULL,NULL,779,NULL,7),(1728,NULL,NULL,771,NULL,7),(1729,NULL,NULL,763,NULL,7),(1730,NULL,NULL,770,NULL,7),(1731,NULL,NULL,764,NULL,7),(1732,NULL,NULL,861,NULL,7),(1733,NULL,NULL,795,NULL,7),(1734,NULL,NULL,894,NULL,7),(1735,NULL,NULL,856,NULL,7),(1736,NULL,NULL,814,NULL,7),(1737,NULL,NULL,762,NULL,7),(1738,NULL,NULL,782,NULL,7),(1739,NULL,NULL,858,NULL,7),(1740,NULL,NULL,738,NULL,7),(1741,NULL,NULL,798,NULL,7),(1742,NULL,NULL,800,NULL,7),(1743,NULL,NULL,797,NULL,7),(1744,NULL,NULL,910,NULL,7),(1745,NULL,NULL,870,NULL,7),(1746,NULL,NULL,791,NULL,7),(1747,NULL,NULL,916,NULL,7),(1748,NULL,NULL,754,NULL,7),(1749,NULL,NULL,913,NULL,7),(1750,NULL,NULL,836,NULL,7),(1751,NULL,NULL,787,NULL,7),(1752,NULL,NULL,739,NULL,7),(1753,NULL,NULL,825,NULL,7),(1754,NULL,NULL,768,NULL,7),(1755,NULL,NULL,776,NULL,7),(1756,NULL,NULL,811,NULL,7),(1757,NULL,NULL,761,NULL,7),(1758,NULL,NULL,918,NULL,7),(1759,NULL,NULL,904,NULL,7),(1760,NULL,NULL,846,NULL,7),(1761,NULL,NULL,911,NULL,7),(1762,NULL,NULL,851,NULL,7),(1763,NULL,NULL,873,NULL,7),(1764,NULL,NULL,859,NULL,7),(1765,NULL,NULL,832,NULL,7),(1766,NULL,NULL,792,NULL,7),(1767,NULL,NULL,772,NULL,7),(1768,NULL,NULL,752,NULL,7),(1769,NULL,NULL,810,NULL,7),(1770,NULL,NULL,866,NULL,7),(1771,NULL,NULL,862,NULL,7),(1772,NULL,NULL,874,NULL,7),(1773,NULL,NULL,833,NULL,7),(1774,NULL,NULL,821,NULL,7),(1775,NULL,NULL,822,NULL,7),(1776,NULL,NULL,823,NULL,7),(1777,NULL,NULL,783,NULL,7),(1778,NULL,NULL,773,NULL,7),(1779,NULL,NULL,805,NULL,7),(1780,NULL,NULL,841,NULL,7),(1781,NULL,NULL,778,NULL,7),(1782,NULL,NULL,760,NULL,7),(1783,NULL,NULL,868,NULL,7),(1784,NULL,NULL,854,NULL,7),(1785,NULL,NULL,850,NULL,7),(1786,NULL,NULL,914,NULL,7),(1787,NULL,NULL,817,NULL,7),(1788,NULL,NULL,816,NULL,7),(1789,NULL,NULL,801,NULL,7),(1790,NULL,NULL,843,NULL,7),(1791,NULL,NULL,901,NULL,7),(1792,NULL,NULL,769,NULL,7),(1793,NULL,NULL,915,NULL,7),(1794,NULL,NULL,740,NULL,7),(1795,NULL,NULL,815,NULL,7),(1796,NULL,NULL,744,NULL,7),(1797,NULL,NULL,785,NULL,7),(1798,NULL,NULL,766,NULL,7),(1799,NULL,NULL,892,NULL,7),(1800,NULL,NULL,878,NULL,7),(1801,NULL,NULL,898,NULL,7),(1802,NULL,NULL,835,NULL,7),(1803,NULL,NULL,753,NULL,7),(1804,NULL,NULL,860,NULL,7),(1805,NULL,NULL,824,NULL,7),(1806,NULL,NULL,889,NULL,7),(1807,NULL,NULL,788,NULL,7),(1808,NULL,NULL,789,NULL,7),(1809,NULL,NULL,758,NULL,7),(1810,NULL,NULL,891,NULL,7),(1811,NULL,NULL,750,NULL,7),(1812,NULL,NULL,897,NULL,7),(1813,NULL,NULL,864,NULL,7),(1814,NULL,NULL,852,NULL,7),(1815,NULL,NULL,912,NULL,7),(1816,NULL,NULL,781,NULL,7),(1817,NULL,NULL,767,NULL,7),(1818,NULL,NULL,888,NULL,7),(1819,NULL,NULL,886,NULL,7),(1820,NULL,NULL,774,NULL,7),(1821,NULL,NULL,802,NULL,7),(1822,NULL,NULL,909,NULL,7),(1823,NULL,NULL,907,NULL,7),(1824,NULL,NULL,849,NULL,7),(1825,NULL,NULL,893,NULL,7),(1826,NULL,NULL,902,NULL,7),(1827,NULL,NULL,755,NULL,7),(1828,NULL,NULL,748,NULL,7),(1829,NULL,NULL,877,NULL,7),(1830,NULL,NULL,890,NULL,7),(1831,NULL,NULL,876,NULL,7),(1832,NULL,NULL,839,NULL,7),(1833,NULL,NULL,838,NULL,7),(1834,NULL,NULL,899,NULL,7),(1835,NULL,NULL,829,NULL,7),(1836,NULL,NULL,813,NULL,7),(1837,NULL,NULL,749,NULL,7),(1838,NULL,NULL,834,NULL,7),(1839,NULL,NULL,844,NULL,7),(1840,NULL,NULL,830,NULL,7),(1841,NULL,NULL,895,NULL,7),(1842,NULL,NULL,871,NULL,7),(1843,NULL,NULL,857,NULL,7),(1844,NULL,NULL,820,NULL,7),(1845,NULL,NULL,887,NULL,7),(1846,NULL,NULL,793,NULL,7),(1847,NULL,NULL,827,NULL,7),(1848,NULL,NULL,881,NULL,7),(1849,1,NULL,937,12,NULL),(1850,2,NULL,942,12,NULL),(1851,3,NULL,953,12,NULL),(1852,4,NULL,957,12,NULL),(1853,5,NULL,959,12,NULL),(1854,6,NULL,976,12,NULL),(1855,7,NULL,980,12,NULL),(1856,8,NULL,981,12,NULL),(1857,9,NULL,995,12,NULL),(1858,10,NULL,996,12,NULL),(1859,11,NULL,997,12,NULL),(1860,12,NULL,998,12,NULL),(1861,13,NULL,999,12,NULL),(1862,14,NULL,1000,12,NULL),(1863,15,NULL,1001,12,NULL),(1864,16,NULL,1002,12,NULL),(1865,17,NULL,1008,12,NULL),(1866,18,NULL,1009,12,NULL),(1867,19,NULL,1010,12,NULL),(1868,20,NULL,1011,12,NULL),(1869,21,NULL,1012,12,NULL),(1870,22,NULL,1013,12,NULL),(1871,23,NULL,1014,12,NULL),(1872,24,NULL,1027,12,NULL),(1873,25,NULL,1029,12,NULL),(1874,26,NULL,1030,12,NULL),(1875,27,NULL,1031,12,NULL),(1876,28,NULL,1032,12,NULL),(1877,29,NULL,1033,12,NULL),(1878,30,NULL,1038,12,NULL),(1879,31,NULL,1039,12,NULL),(1880,32,NULL,1040,12,NULL),(1881,33,NULL,1074,12,NULL),(1882,34,NULL,1087,12,NULL),(1883,35,NULL,1088,12,NULL),(1884,36,NULL,1089,12,NULL),(1885,37,NULL,1090,12,NULL),(1886,38,NULL,1091,12,NULL),(1887,39,NULL,1092,12,NULL),(1888,1,NULL,978,13,NULL),(1889,2,NULL,1085,13,NULL),(1890,3,NULL,931,13,NULL),(1907,NULL,NULL,1031,NULL,13),(1908,NULL,NULL,937,NULL,13),(1909,NULL,NULL,1087,NULL,13),(1910,NULL,NULL,1105,NULL,13),(1911,NULL,NULL,1106,NULL,13),(1912,NULL,NULL,1107,NULL,13),(1913,NULL,NULL,1062,NULL,15),(1914,NULL,NULL,1086,NULL,15),(1915,NULL,NULL,1072,NULL,15),(1916,NULL,NULL,1070,NULL,15),(1917,NULL,NULL,955,NULL,15),(1918,NULL,NULL,987,NULL,15),(1919,NULL,NULL,986,NULL,15),(1920,NULL,NULL,977,NULL,15),(1921,NULL,NULL,993,NULL,15),(1922,NULL,NULL,927,NULL,15),(1923,NULL,NULL,1034,NULL,15),(1924,NULL,NULL,962,NULL,17),(1925,NULL,NULL,946,NULL,17),(1926,NULL,NULL,1047,NULL,17),(1927,NULL,NULL,979,NULL,17),(1928,NULL,NULL,1017,NULL,17),(1929,NULL,NULL,963,NULL,17),(1930,NULL,NULL,1056,NULL,17),(1931,NULL,NULL,1043,NULL,17),(1932,NULL,NULL,1073,NULL,17),(1933,NULL,NULL,1048,NULL,17),(1934,NULL,NULL,967,NULL,17),(1935,NULL,NULL,969,NULL,17),(1936,NULL,NULL,1015,NULL,17),(1937,NULL,NULL,1060,NULL,17),(1938,NULL,NULL,966,NULL,17),(1939,NULL,NULL,1016,NULL,17),(1940,NULL,NULL,1059,NULL,17),(1941,NULL,NULL,1046,NULL,17),(1942,NULL,NULL,965,NULL,17),(1943,NULL,NULL,975,NULL,17),(1944,NULL,NULL,1058,NULL,17),(1945,NULL,NULL,1045,NULL,17),(1946,NULL,NULL,964,NULL,17),(1947,NULL,NULL,958,NULL,17),(1948,NULL,NULL,1026,NULL,17),(1949,NULL,NULL,1057,NULL,17),(1950,NULL,NULL,1044,NULL,17),(1951,NULL,NULL,941,NULL,17),(1952,NULL,NULL,1025,NULL,17),(1953,NULL,NULL,956,NULL,19),(1954,NULL,NULL,1023,NULL,19),(1955,NULL,NULL,1054,NULL,19),(1956,NULL,NULL,1041,NULL,19),(1957,NULL,NULL,1083,NULL,19),(1958,NULL,NULL,952,NULL,19),(1959,NULL,NULL,1022,NULL,19),(1960,NULL,NULL,1053,NULL,19),(1961,NULL,NULL,1028,NULL,19),(1962,NULL,NULL,1080,NULL,19),(1963,NULL,NULL,943,NULL,19),(1964,NULL,NULL,1021,NULL,19),(1965,NULL,NULL,1052,NULL,19),(1966,NULL,NULL,935,NULL,19),(1967,NULL,NULL,1077,NULL,19),(1968,NULL,NULL,949,NULL,19),(1969,NULL,NULL,1020,NULL,19),(1970,NULL,NULL,1061,NULL,19),(1971,NULL,NULL,922,NULL,19),(1972,NULL,NULL,1084,NULL,19),(1973,NULL,NULL,970,NULL,19),(1974,NULL,NULL,1086,NULL,13),(1975,NULL,NULL,978,NULL,13),(1976,NULL,NULL,1094,NULL,13),(1977,NULL,NULL,1072,NULL,13),(1978,NULL,NULL,1070,NULL,13),(1979,NULL,NULL,955,NULL,13),(1980,NULL,NULL,1068,NULL,13),(1981,NULL,NULL,1098,NULL,13),(1982,NULL,NULL,1079,NULL,13),(1983,NULL,NULL,986,NULL,13),(1984,NULL,NULL,977,NULL,13),(1985,NULL,NULL,983,NULL,13),(1986,NULL,NULL,993,NULL,13),(1987,NULL,NULL,931,NULL,13),(1988,NULL,NULL,927,NULL,13),(1989,NULL,NULL,954,NULL,13),(1990,NULL,NULL,1081,NULL,13),(1991,NULL,NULL,990,NULL,13),(1992,NULL,NULL,1099,NULL,13),(1993,NULL,NULL,933,NULL,13),(1994,NULL,NULL,1034,NULL,13),(1996,1,NULL,1081,16,NULL),(1997,2,NULL,986,16,NULL),(1998,3,NULL,983,16,NULL),(1999,4,NULL,1109,16,NULL),(2000,5,NULL,921,16,NULL),(2001,6,NULL,1108,16,NULL),(2002,7,NULL,1110,16,NULL),(2175,NULL,3,1683,NULL,105),(2176,NULL,4,1684,NULL,105),(2177,NULL,5,1685,NULL,105),(2178,NULL,6,1686,NULL,105),(2179,NULL,7,1687,NULL,105),(2180,NULL,8,1688,NULL,105),(2181,NULL,9,1689,NULL,105),(2182,NULL,10,1690,NULL,105),(2183,NULL,11,1691,NULL,105),(2186,NULL,3,1683,NULL,108),(2187,NULL,4,1684,NULL,108),(2188,NULL,5,1685,NULL,108),(2189,NULL,6,1686,NULL,108),(2190,NULL,1,1683,NULL,107),(2191,NULL,2,1684,NULL,107),(2192,NULL,3,1685,NULL,107),(2193,NULL,4,1686,NULL,107),(2194,NULL,5,1687,NULL,107),(2195,NULL,6,1688,NULL,107),(2196,NULL,7,1689,NULL,107),(2197,NULL,8,1690,NULL,107),(2198,NULL,9,1691,NULL,107),(2199,NULL,10,1692,NULL,107),(2200,NULL,11,1693,NULL,107),(2201,NULL,12,1694,NULL,107),(2202,NULL,13,1695,NULL,107),(2203,NULL,14,1696,NULL,107),(2204,NULL,15,1697,NULL,107),(2205,NULL,16,1698,NULL,107),(2206,NULL,17,1699,NULL,107),(2207,NULL,18,1700,NULL,107),(2208,NULL,19,1701,NULL,107),(2209,NULL,20,1702,NULL,107),(2210,NULL,21,1703,NULL,107),(2211,NULL,22,1704,NULL,107),(2212,NULL,23,1707,NULL,107),(2213,NULL,24,1705,NULL,107),(2214,NULL,25,1706,NULL,107),(2215,NULL,26,1708,NULL,107),(2216,NULL,27,1709,NULL,107),(2217,NULL,28,1710,NULL,107),(2218,NULL,29,1711,NULL,107),(2219,NULL,30,1712,NULL,107),(2220,NULL,31,1713,NULL,107),(2221,NULL,32,1714,NULL,107),(2222,NULL,33,1715,NULL,107),(2223,NULL,34,1716,NULL,107),(2224,NULL,35,1717,NULL,107),(2225,NULL,36,1718,NULL,107),(2226,NULL,37,1719,NULL,107),(2227,NULL,38,1720,NULL,107),(2228,NULL,39,1721,NULL,107),(2229,NULL,40,1722,NULL,107),(2230,NULL,41,1723,NULL,107),(2231,NULL,42,1724,NULL,107),(2232,NULL,43,1725,NULL,107),(2233,NULL,44,1726,NULL,107),(2234,NULL,45,1727,NULL,107),(2235,NULL,46,1728,NULL,107),(2236,NULL,47,1729,NULL,107),(2237,NULL,48,1730,NULL,107),(2238,NULL,49,1731,NULL,107),(2239,NULL,50,1732,NULL,107),(2240,NULL,51,1733,NULL,107),(2241,NULL,52,1734,NULL,107),(2242,NULL,5,1687,NULL,108),(2243,NULL,6,1688,NULL,108),(2244,NULL,7,1689,NULL,108),(2245,NULL,8,1690,NULL,108),(2246,NULL,9,1691,NULL,108),(2247,NULL,10,1692,NULL,108),(2248,NULL,11,1693,NULL,108),(2249,NULL,12,1694,NULL,108),(2250,NULL,13,1695,NULL,108),(2251,NULL,14,1696,NULL,108),(2252,NULL,15,1697,NULL,108),(2253,NULL,16,1698,NULL,108),(2254,NULL,17,1699,NULL,108),(2255,NULL,18,1700,NULL,108),(2256,NULL,19,1701,NULL,108),(2257,NULL,20,1702,NULL,108),(2258,NULL,21,1703,NULL,108),(2259,NULL,22,1704,NULL,108),(2260,NULL,23,1707,NULL,108),(2261,NULL,24,1705,NULL,108),(2262,NULL,25,1706,NULL,108),(2263,NULL,26,1708,NULL,108),(2264,NULL,27,1709,NULL,108),(2265,NULL,28,1710,NULL,108),(2266,NULL,29,1711,NULL,108),(2267,NULL,30,1712,NULL,108),(2268,NULL,31,1713,NULL,108),(2269,NULL,32,1714,NULL,108),(2270,NULL,33,1715,NULL,108),(2271,NULL,34,1716,NULL,108),(2272,NULL,35,1717,NULL,108),(2273,NULL,36,1718,NULL,108),(2274,NULL,37,1719,NULL,108),(2275,NULL,38,1720,NULL,108),(2276,NULL,39,1721,NULL,108),(2277,NULL,40,1722,NULL,108),(2278,NULL,41,1723,NULL,108),(2279,NULL,42,1724,NULL,108),(2280,NULL,43,1725,NULL,108),(2281,NULL,44,1726,NULL,108),(2282,NULL,45,1727,NULL,108),(2283,NULL,46,1728,NULL,108),(2284,NULL,47,1729,NULL,108),(2285,NULL,48,1730,NULL,108),(2286,NULL,49,1731,NULL,108),(2287,NULL,50,1732,NULL,108),(2288,NULL,51,1733,NULL,108),(2289,NULL,52,1734,NULL,108),(2290,NULL,1,1784,NULL,104),(2291,NULL,2,1785,NULL,104),(2292,NULL,3,1786,NULL,104),(2293,NULL,4,1787,NULL,104),(2294,NULL,5,1788,NULL,104),(2295,NULL,6,1789,NULL,104),(2296,NULL,7,1790,NULL,104),(2297,NULL,8,1791,NULL,104),(2298,NULL,9,1792,NULL,104),(2299,NULL,10,1793,NULL,104),(2300,NULL,11,1794,NULL,104),(2301,NULL,12,1795,NULL,104),(2302,NULL,13,1796,NULL,104),(2303,NULL,14,1797,NULL,104),(2304,NULL,15,1798,NULL,104),(2305,NULL,16,1799,NULL,104),(2306,NULL,17,1800,NULL,104),(2307,NULL,18,1801,NULL,104),(2308,NULL,19,1802,NULL,104),(2309,NULL,20,1803,NULL,104),(2310,NULL,21,1804,NULL,104),(2311,NULL,22,1805,NULL,104),(2312,NULL,23,1806,NULL,104),(2313,NULL,24,1807,NULL,104),(2314,NULL,25,1808,NULL,104),(2315,NULL,26,1809,NULL,104),(2316,NULL,27,1810,NULL,104),(2317,NULL,28,1811,NULL,104),(2318,NULL,29,1812,NULL,104),(2319,NULL,30,1813,NULL,104),(2320,NULL,31,1814,NULL,104),(2321,NULL,32,1815,NULL,104),(2322,NULL,33,1816,NULL,104),(2323,NULL,34,1817,NULL,104),(2324,NULL,35,1818,NULL,104),(2325,NULL,36,1819,NULL,104),(2326,NULL,37,1820,NULL,104),(2327,NULL,38,1821,NULL,104),(2328,NULL,39,1822,NULL,104),(2329,NULL,40,1823,NULL,104),(2330,NULL,41,1824,NULL,104),(2331,NULL,42,1825,NULL,104),(2332,NULL,43,1826,NULL,104),(2333,NULL,44,1827,NULL,104),(2334,NULL,45,1828,NULL,104),(2335,NULL,46,1829,NULL,104),(2336,NULL,47,1830,NULL,104),(2337,NULL,48,1831,NULL,104),(2338,NULL,49,1832,NULL,104),(2339,NULL,50,1833,NULL,104),(2340,NULL,51,1834,NULL,104),(2341,NULL,52,1835,NULL,104),(2342,NULL,53,1836,NULL,104),(2343,NULL,54,1837,NULL,104),(2344,NULL,55,1838,NULL,104),(2345,NULL,56,1839,NULL,104),(2346,NULL,57,1840,NULL,104),(2347,NULL,58,1841,NULL,104),(2348,NULL,59,1842,NULL,104),(2349,NULL,60,1843,NULL,104),(2350,NULL,61,1844,NULL,104),(2351,NULL,62,1845,NULL,104),(2352,NULL,63,1846,NULL,104),(2353,NULL,64,1847,NULL,104),(2354,NULL,65,1848,NULL,104),(2355,NULL,66,1849,NULL,104),(2356,NULL,67,1850,NULL,104),(2357,NULL,68,1851,NULL,104),(2358,NULL,69,1852,NULL,104),(2359,NULL,70,1853,NULL,104),(2360,NULL,71,1854,NULL,104),(2361,NULL,72,1855,NULL,104),(2362,NULL,73,1856,NULL,104),(2363,NULL,74,1857,NULL,104),(2364,NULL,75,1858,NULL,104),(2365,NULL,76,1859,NULL,104),(2366,NULL,77,1860,NULL,104),(2367,NULL,78,1861,NULL,104),(2368,NULL,79,1862,NULL,104),(2369,NULL,80,1863,NULL,104),(2370,NULL,81,1864,NULL,104),(2371,NULL,82,1865,NULL,104),(2372,NULL,83,1866,NULL,104),(2373,NULL,84,1867,NULL,104),(2374,NULL,85,1868,NULL,104),(2375,NULL,86,1869,NULL,104),(2376,NULL,87,1870,NULL,104),(2377,NULL,1,1735,NULL,101),(2378,NULL,2,1736,NULL,101),(2379,NULL,3,1737,NULL,101),(2380,NULL,4,1738,NULL,101),(2381,NULL,5,1739,NULL,101),(2382,NULL,6,1740,NULL,101),(2383,NULL,7,1741,NULL,101),(2384,NULL,8,1742,NULL,101),(2385,NULL,9,1743,NULL,101),(2386,NULL,10,1744,NULL,101),(2387,NULL,11,1745,NULL,101),(2388,NULL,12,1746,NULL,101),(2389,NULL,13,1747,NULL,101),(2390,NULL,14,1748,NULL,101),(2391,NULL,15,1749,NULL,101),(2392,NULL,16,1750,NULL,101),(2393,NULL,17,1751,NULL,101),(2394,NULL,18,1752,NULL,101),(2395,NULL,19,1753,NULL,101),(2396,NULL,20,1754,NULL,101),(2397,NULL,21,1755,NULL,101),(2398,NULL,22,1756,NULL,101),(2399,NULL,23,1757,NULL,101),(2400,NULL,24,1758,NULL,101),(2401,NULL,25,1759,NULL,101),(2402,NULL,26,1760,NULL,101),(2403,NULL,27,1761,NULL,101),(2404,NULL,28,1762,NULL,101),(2405,NULL,29,1763,NULL,101),(2406,NULL,30,1764,NULL,101),(2407,NULL,31,1765,NULL,101),(2408,NULL,32,1766,NULL,101),(2409,NULL,33,1767,NULL,101),(2410,NULL,34,1768,NULL,101),(2411,NULL,35,1769,NULL,101),(2412,NULL,36,1770,NULL,101),(2413,NULL,37,1771,NULL,101),(2414,NULL,38,1772,NULL,101),(2415,NULL,39,1773,NULL,101),(2416,NULL,40,1774,NULL,101),(2417,NULL,41,1775,NULL,101),(2418,NULL,42,1776,NULL,101),(2419,NULL,43,1784,NULL,101),(2420,NULL,44,1785,NULL,101),(2421,NULL,45,1786,NULL,101),(2422,NULL,46,1787,NULL,101),(2423,NULL,47,1788,NULL,101),(2424,NULL,48,1789,NULL,101),(2425,NULL,49,1790,NULL,101),(2426,NULL,50,1791,NULL,101),(2427,NULL,51,1792,NULL,101),(2428,NULL,52,1793,NULL,101),(2429,NULL,53,1794,NULL,101),(2430,NULL,54,1795,NULL,101),(2431,NULL,55,1796,NULL,101),(2432,NULL,56,1797,NULL,101),(2433,NULL,57,1798,NULL,101),(2434,NULL,58,1799,NULL,101),(2435,NULL,59,1800,NULL,101),(2436,NULL,60,1801,NULL,101),(2437,NULL,61,1802,NULL,101),(2438,NULL,62,1803,NULL,101),(2439,NULL,63,1804,NULL,101),(2440,NULL,64,1805,NULL,101),(2441,NULL,65,1806,NULL,101),(2442,NULL,66,1807,NULL,101),(2443,NULL,67,1808,NULL,101),(2444,NULL,68,1809,NULL,101),(2445,NULL,69,1810,NULL,101),(2446,NULL,70,1811,NULL,101),(2447,NULL,71,1812,NULL,101),(2448,NULL,72,1813,NULL,101),(2449,NULL,73,1814,NULL,101),(2450,NULL,74,1815,NULL,101),(2451,NULL,75,1816,NULL,101),(2452,NULL,76,1817,NULL,101),(2453,NULL,77,1818,NULL,101),(2454,NULL,78,1819,NULL,101),(2455,NULL,79,1820,NULL,101),(2456,NULL,80,1821,NULL,101),(2457,NULL,81,1822,NULL,101),(2458,NULL,82,1823,NULL,101),(2459,NULL,83,1824,NULL,101),(2460,NULL,84,1825,NULL,101),(2461,NULL,85,1826,NULL,101),(2462,NULL,86,1827,NULL,101),(2463,NULL,87,1828,NULL,101),(2464,NULL,88,1829,NULL,101),(2465,NULL,89,1830,NULL,101),(2466,NULL,90,1831,NULL,101),(2467,NULL,91,1832,NULL,101),(2468,NULL,92,1833,NULL,101),(2469,NULL,93,1834,NULL,101),(2470,NULL,94,1835,NULL,101),(2471,NULL,95,1836,NULL,101),(2472,NULL,96,1837,NULL,101),(2473,NULL,97,1838,NULL,101),(2474,NULL,98,1839,NULL,101),(2475,NULL,99,1840,NULL,101),(2476,NULL,100,1841,NULL,101),(2477,NULL,101,1842,NULL,101),(2478,NULL,102,1843,NULL,101),(2479,NULL,103,1844,NULL,101),(2480,NULL,104,1845,NULL,101),(2481,NULL,105,1846,NULL,101),(2482,NULL,106,1847,NULL,101),(2483,NULL,107,1848,NULL,101),(2484,NULL,108,1849,NULL,101),(2485,NULL,109,1850,NULL,101),(2486,NULL,110,1851,NULL,101),(2487,NULL,111,1852,NULL,101),(2488,NULL,112,1853,NULL,101),(2489,NULL,113,1854,NULL,101),(2490,NULL,114,1855,NULL,101),(2491,NULL,115,1856,NULL,101),(2492,NULL,116,1857,NULL,101),(2493,NULL,117,1858,NULL,101),(2494,NULL,118,1859,NULL,101),(2495,NULL,119,1860,NULL,101),(2496,NULL,120,1861,NULL,101),(2497,NULL,121,1862,NULL,101),(2498,NULL,122,1863,NULL,101),(2499,NULL,123,1864,NULL,101),(2500,NULL,124,1865,NULL,101),(2501,NULL,125,1866,NULL,101),(2502,NULL,126,1867,NULL,101),(2503,NULL,127,1868,NULL,101),(2504,NULL,128,1869,NULL,101),(2505,NULL,129,1870,NULL,101),(2506,NULL,10,1692,NULL,105),(2507,NULL,11,1693,NULL,105),(2508,NULL,12,1694,NULL,105),(2509,NULL,13,1695,NULL,105),(2510,NULL,14,1696,NULL,105),(2511,NULL,15,1697,NULL,105),(2512,NULL,16,1698,NULL,105),(2513,NULL,17,1699,NULL,105),(2514,NULL,18,1700,NULL,105),(2515,NULL,19,1701,NULL,105),(2516,NULL,20,1702,NULL,105),(2517,NULL,21,1703,NULL,105),(2518,NULL,22,1704,NULL,105),(2519,NULL,23,1707,NULL,105),(2520,NULL,24,1705,NULL,105),(2521,NULL,25,1706,NULL,105),(2522,NULL,26,1708,NULL,105),(2523,NULL,27,1709,NULL,105),(2524,NULL,1,2318,NULL,113),(2525,NULL,2,2319,NULL,113),(2526,NULL,3,2320,NULL,113),(2527,NULL,4,2321,NULL,113),(2528,NULL,5,2323,NULL,113),(2529,NULL,6,2322,NULL,113),(2530,NULL,1,2431,NULL,132),(2531,NULL,2,2439,NULL,132),(2532,NULL,3,2418,NULL,132),(2533,NULL,4,2403,NULL,132),(2534,NULL,5,2404,NULL,132),(7766,NULL,1,5834,NULL,280),(7767,NULL,2,5835,NULL,280),(7768,NULL,3,5836,NULL,280),(7769,NULL,4,5837,NULL,280),(7770,NULL,5,5838,NULL,280),(7771,NULL,6,5839,NULL,280),(7772,NULL,7,5840,NULL,280),(7773,NULL,8,5841,NULL,280),(7774,NULL,9,5842,NULL,280),(7775,NULL,10,5843,NULL,280),(7776,NULL,11,5844,NULL,280),(7777,NULL,12,5845,NULL,280),(7778,NULL,13,5846,NULL,280),(7779,NULL,14,5847,NULL,280),(7780,NULL,15,5848,NULL,280),(7781,NULL,16,5849,NULL,280),(7782,NULL,17,5850,NULL,280),(7783,NULL,18,5851,NULL,280),(7784,NULL,19,5852,NULL,280),(7785,NULL,20,5853,NULL,280),(7786,NULL,21,5854,NULL,280),(7787,NULL,22,5855,NULL,280),(7788,NULL,23,5856,NULL,280),(7789,NULL,24,5857,NULL,280),(7790,NULL,25,5858,NULL,280),(7791,NULL,26,5859,NULL,280),(7792,NULL,27,5860,NULL,280),(7793,NULL,28,5861,NULL,280),(7794,NULL,29,5862,NULL,280),(7795,NULL,30,5863,NULL,280),(7796,NULL,31,5864,NULL,280),(7797,NULL,32,5865,NULL,280),(7798,NULL,33,5866,NULL,280),(7799,NULL,34,5867,NULL,280),(7800,NULL,35,5868,NULL,280),(7801,NULL,36,5869,NULL,280),(7802,NULL,37,5870,NULL,280),(7803,NULL,38,5871,NULL,280),(7804,NULL,39,5872,NULL,280),(7805,NULL,40,5873,NULL,280),(7806,NULL,41,5874,NULL,280),(7807,NULL,42,5875,NULL,280),(7808,NULL,43,5883,NULL,280),(7809,NULL,44,5884,NULL,280),(7810,NULL,45,5885,NULL,280),(7811,NULL,46,5886,NULL,280),(7813,NULL,48,5888,NULL,280),(7814,NULL,49,5889,NULL,280),(7815,NULL,50,5890,NULL,280),(7816,NULL,51,5891,NULL,280),(7817,NULL,52,5892,NULL,280),(7818,NULL,53,5893,NULL,280),(7819,NULL,54,5894,NULL,280),(7820,NULL,55,5895,NULL,280),(7821,NULL,56,5896,NULL,280),(7822,NULL,57,5897,NULL,280),(7823,NULL,58,5898,NULL,280),(7824,NULL,59,5899,NULL,280),(7825,NULL,60,5900,NULL,280),(7826,NULL,61,5901,NULL,280),(7827,NULL,62,5902,NULL,280),(7828,NULL,63,5903,NULL,280),(7829,NULL,64,5904,NULL,280),(7830,NULL,65,5905,NULL,280),(7831,NULL,66,5906,NULL,280),(7832,NULL,67,5907,NULL,280),(7833,NULL,68,5908,NULL,280),(7834,NULL,69,5909,NULL,280),(7835,NULL,70,5910,NULL,280),(7836,NULL,71,5911,NULL,280),(7837,NULL,72,5912,NULL,280),(7838,NULL,73,5913,NULL,280),(7839,NULL,74,5914,NULL,280),(7840,NULL,75,5915,NULL,280),(7841,NULL,76,5916,NULL,280),(7842,NULL,77,5917,NULL,280),(7843,NULL,78,5918,NULL,280),(7844,NULL,79,5919,NULL,280),(7845,NULL,80,5920,NULL,280),(7846,NULL,81,5921,NULL,280),(7847,NULL,82,5922,NULL,280),(7848,NULL,83,5923,NULL,280),(7849,NULL,84,5924,NULL,280),(7850,NULL,85,5925,NULL,280),(7851,NULL,86,5926,NULL,280),(7852,NULL,87,5927,NULL,280),(7853,NULL,88,5928,NULL,280),(7854,NULL,89,5929,NULL,280),(7855,NULL,90,5930,NULL,280),(7856,NULL,91,5931,NULL,280),(7857,NULL,92,5932,NULL,280),(7858,NULL,93,5933,NULL,280),(7859,NULL,94,5934,NULL,280),(7860,NULL,95,5935,NULL,280),(7861,NULL,96,5936,NULL,280),(7862,NULL,97,5937,NULL,280),(7863,NULL,98,5938,NULL,280),(7864,NULL,99,5939,NULL,280),(7865,NULL,100,5940,NULL,280),(7866,NULL,101,5941,NULL,280),(7867,NULL,102,5942,NULL,280),(7868,NULL,103,5943,NULL,280),(7869,NULL,104,5944,NULL,280),(7870,NULL,105,5945,NULL,280),(7871,NULL,106,5946,NULL,280),(7872,NULL,107,5947,NULL,280),(7873,NULL,108,5948,NULL,280),(7874,NULL,109,5949,NULL,280),(7875,NULL,110,5950,NULL,280),(7876,NULL,111,5951,NULL,280),(7877,NULL,112,5952,NULL,280),(7878,NULL,113,5953,NULL,280),(7879,NULL,114,5954,NULL,280),(7880,NULL,115,5955,NULL,280),(7881,NULL,116,5956,NULL,280),(7882,NULL,117,5957,NULL,280),(7883,NULL,118,5958,NULL,280),(7884,NULL,119,5959,NULL,280),(7885,NULL,120,5960,NULL,280),(7886,NULL,121,5961,NULL,280),(7887,NULL,122,5962,NULL,280),(7888,NULL,123,5963,NULL,280),(7889,NULL,124,5964,NULL,280),(7890,NULL,125,5965,NULL,280),(7891,NULL,126,5966,NULL,280),(7892,NULL,127,5967,NULL,280),(7893,NULL,128,5968,NULL,280),(7894,NULL,129,5969,NULL,280),(7895,NULL,1,5883,NULL,281),(7896,NULL,2,5884,NULL,281),(7897,NULL,3,5885,NULL,281),(7898,NULL,4,5886,NULL,281),(7900,NULL,6,5888,NULL,281),(7901,NULL,7,5889,NULL,281),(7902,NULL,8,5890,NULL,281),(7903,NULL,9,5891,NULL,281),(7904,NULL,10,5892,NULL,281),(7905,NULL,11,5893,NULL,281),(7906,NULL,12,5894,NULL,281),(7907,NULL,13,5895,NULL,281),(7908,NULL,14,5896,NULL,281),(7909,NULL,15,5897,NULL,281),(7910,NULL,16,5898,NULL,281),(7911,NULL,17,5899,NULL,281),(7912,NULL,18,5900,NULL,281),(7913,NULL,19,5901,NULL,281),(7914,NULL,20,5902,NULL,281),(7915,NULL,21,5903,NULL,281),(7916,NULL,22,5904,NULL,281),(7917,NULL,23,5905,NULL,281),(7918,NULL,24,5906,NULL,281),(7919,NULL,25,5907,NULL,281),(7920,NULL,26,5908,NULL,281),(7921,NULL,27,5909,NULL,281),(7922,NULL,28,5910,NULL,281),(7923,NULL,29,5911,NULL,281),(7924,NULL,30,5912,NULL,281),(7925,NULL,31,5913,NULL,281),(7926,NULL,32,5914,NULL,281),(7927,NULL,33,5915,NULL,281),(7928,NULL,34,5916,NULL,281),(7929,NULL,35,5917,NULL,281),(7930,NULL,36,5918,NULL,281),(7931,NULL,37,5919,NULL,281),(7932,NULL,38,5920,NULL,281),(7933,NULL,39,5921,NULL,281),(7934,NULL,40,5922,NULL,281),(7935,NULL,41,5923,NULL,281),(7936,NULL,42,5924,NULL,281),(7937,NULL,43,5925,NULL,281),(7938,NULL,44,5926,NULL,281),(7939,NULL,45,5927,NULL,281),(7940,NULL,46,5928,NULL,281),(7941,NULL,47,5929,NULL,281),(7942,NULL,48,5930,NULL,281),(7943,NULL,49,5931,NULL,281),(7944,NULL,50,5932,NULL,281),(7945,NULL,51,5933,NULL,281),(7946,NULL,52,5934,NULL,281),(7947,NULL,53,5935,NULL,281),(7948,NULL,54,5936,NULL,281),(7949,NULL,55,5937,NULL,281),(7950,NULL,56,5938,NULL,281),(7951,NULL,57,5939,NULL,281),(7952,NULL,58,5940,NULL,281),(7953,NULL,59,5941,NULL,281),(7954,NULL,60,5942,NULL,281),(7955,NULL,61,5943,NULL,281),(7956,NULL,62,5944,NULL,281),(7957,NULL,63,5945,NULL,281),(7958,NULL,64,5946,NULL,281),(7959,NULL,65,5947,NULL,281),(7960,NULL,66,5948,NULL,281),(7961,NULL,67,5949,NULL,281),(7962,NULL,68,5950,NULL,281),(7963,NULL,69,5951,NULL,281),(7964,NULL,70,5952,NULL,281),(7965,NULL,71,5953,NULL,281),(7966,NULL,72,5954,NULL,281),(7967,NULL,73,5955,NULL,281),(7968,NULL,74,5956,NULL,281),(7969,NULL,75,5957,NULL,281),(7970,NULL,76,5958,NULL,281),(7971,NULL,77,5959,NULL,281),(7972,NULL,78,5960,NULL,281),(7973,NULL,79,5961,NULL,281),(7974,NULL,80,5962,NULL,281),(7975,NULL,81,5963,NULL,281),(7976,NULL,82,5964,NULL,281),(7977,NULL,83,5965,NULL,281),(7978,NULL,84,5966,NULL,281),(7979,NULL,85,5967,NULL,281),(7980,NULL,86,5968,NULL,281),(7981,NULL,87,5969,NULL,281),(7982,NULL,1,5803,NULL,284),(7983,NULL,2,5805,NULL,284),(7984,NULL,3,5807,NULL,284),(7985,NULL,4,5808,NULL,284),(7986,NULL,5,5809,NULL,284),(7987,NULL,6,5810,NULL,284),(7988,NULL,7,5811,NULL,284),(7989,NULL,8,5812,NULL,284),(7990,NULL,9,5814,NULL,284),(7991,NULL,10,5813,NULL,284),(7992,NULL,11,5815,NULL,284),(7993,NULL,12,5816,NULL,284),(7994,NULL,13,5817,NULL,284),(7995,NULL,14,5818,NULL,284),(7996,NULL,15,5819,NULL,284),(7997,NULL,16,5820,NULL,284),(7998,NULL,17,5821,NULL,284),(7999,NULL,18,5822,NULL,284),(8000,NULL,19,5823,NULL,284),(8001,NULL,20,5824,NULL,284),(8002,NULL,21,5825,NULL,284),(8003,NULL,22,5826,NULL,284),(8004,NULL,23,5827,NULL,284),(8005,NULL,24,5828,NULL,284),(8006,NULL,25,5829,NULL,284),(8007,NULL,26,5830,NULL,284),(8008,NULL,27,5831,NULL,284),(8009,NULL,1,5803,NULL,285),(8010,NULL,2,5805,NULL,285),(8011,NULL,3,5807,NULL,285),(8012,NULL,4,5808,NULL,285),(8013,NULL,5,5809,NULL,285),(8014,NULL,6,5810,NULL,285),(8015,NULL,7,5811,NULL,285),(8016,NULL,8,5812,NULL,285),(8017,NULL,9,5813,NULL,285),(8018,NULL,10,5814,NULL,285),(8019,NULL,11,5815,NULL,285),(8020,NULL,12,5816,NULL,285),(8021,NULL,13,5817,NULL,285),(8022,NULL,14,5818,NULL,285),(8023,NULL,15,5819,NULL,285),(8024,NULL,16,5820,NULL,285),(8025,NULL,17,5821,NULL,285),(8026,NULL,18,5822,NULL,285),(8027,NULL,19,5823,NULL,285),(8028,NULL,20,5824,NULL,285),(8029,NULL,21,5825,NULL,285),(8030,NULL,22,5826,NULL,285),(8031,NULL,23,5827,NULL,285),(8032,NULL,24,5828,NULL,285),(8033,NULL,25,5829,NULL,285),(8034,NULL,26,5830,NULL,285),(8035,NULL,27,5831,NULL,285),(8036,NULL,28,5804,NULL,285),(8037,NULL,29,5806,NULL,285),(8038,NULL,30,5832,NULL,285),(8039,NULL,31,5833,NULL,285),(8040,NULL,32,5782,NULL,285),(8041,NULL,33,5783,NULL,285),(8042,NULL,34,5784,NULL,285),(8043,NULL,35,5785,NULL,285),(8044,NULL,36,5786,NULL,285),(8045,NULL,37,5787,NULL,285),(8046,NULL,38,5788,NULL,285),(8047,NULL,39,5789,NULL,285),(8048,NULL,40,5790,NULL,285),(8049,NULL,41,5791,NULL,285),(8050,NULL,42,5792,NULL,285),(8051,NULL,43,5793,NULL,285),(8052,NULL,44,5794,NULL,285),(8053,NULL,45,5795,NULL,285),(8054,NULL,46,5796,NULL,285),(8055,NULL,47,5797,NULL,285),(8056,NULL,48,5798,NULL,285),(8057,NULL,49,5799,NULL,285),(8058,NULL,50,5800,NULL,285),(8059,NULL,51,5801,NULL,285),(8060,NULL,52,5802,NULL,285),(8061,NULL,1,5803,NULL,286),(8062,NULL,2,5805,NULL,286),(8063,NULL,3,5807,NULL,286),(8064,NULL,4,5809,NULL,286),(8065,NULL,5,5808,NULL,286),(8066,NULL,6,5810,NULL,286),(8067,NULL,7,5811,NULL,286),(8068,NULL,8,5812,NULL,286),(8069,NULL,9,5813,NULL,286),(8070,NULL,10,5814,NULL,286),(8071,NULL,11,5815,NULL,286),(8072,NULL,12,5816,NULL,286),(8073,NULL,13,5817,NULL,286),(8074,NULL,14,5818,NULL,286),(8075,NULL,15,5819,NULL,286),(8076,NULL,16,5820,NULL,286),(8077,NULL,17,5821,NULL,286),(8078,NULL,18,5822,NULL,286),(8079,NULL,19,5823,NULL,286),(8080,NULL,20,5824,NULL,286),(8081,NULL,21,5825,NULL,286),(8082,NULL,22,5826,NULL,286),(8083,NULL,23,5827,NULL,286),(8084,NULL,24,5828,NULL,286),(8085,NULL,25,5829,NULL,286),(8086,NULL,26,5830,NULL,286),(8087,NULL,27,5831,NULL,286),(8088,NULL,28,5804,NULL,286),(8089,NULL,29,5806,NULL,286),(8090,NULL,30,5832,NULL,286),(8091,NULL,31,5833,NULL,286),(8092,NULL,32,5782,NULL,286),(8093,NULL,33,5783,NULL,286),(8094,NULL,34,5784,NULL,286),(8095,NULL,35,5785,NULL,286),(8096,NULL,36,5786,NULL,286),(8097,NULL,37,5787,NULL,286),(8098,NULL,38,5788,NULL,286),(8099,NULL,39,5789,NULL,286),(8100,NULL,40,5790,NULL,286),(8101,NULL,41,5791,NULL,286),(8102,NULL,42,5792,NULL,286),(8103,NULL,43,5793,NULL,286),(8104,NULL,44,5794,NULL,286),(8105,NULL,45,5795,NULL,286),(8106,NULL,46,5796,NULL,286),(8107,NULL,47,5797,NULL,286),(8108,NULL,48,5798,NULL,286),(8109,NULL,49,5799,NULL,286),(8110,NULL,50,5800,NULL,286),(8111,NULL,51,5801,NULL,286),(8112,NULL,52,5802,NULL,286),(8113,NULL,1,2512,NULL,133),(8114,NULL,2,2607,NULL,133),(8115,NULL,1,2447,NULL,134),(8116,NULL,2,2499,NULL,134),(8117,NULL,3,2449,NULL,134),(8118,NULL,4,2450,NULL,134),(8119,NULL,5,2452,NULL,134),(8120,NULL,6,2503,NULL,134),(8121,NULL,7,2453,NULL,134),(8122,NULL,8,2454,NULL,134),(8123,NULL,9,2455,NULL,134),(8124,NULL,10,2456,NULL,134),(8125,NULL,11,2461,NULL,134),(8126,NULL,12,2458,NULL,134),(8127,NULL,13,2459,NULL,134),(8128,NULL,14,2460,NULL,134),(8129,NULL,15,2462,NULL,134),(8130,NULL,16,2512,NULL,134),(8131,NULL,17,2463,NULL,134),(8132,NULL,18,2464,NULL,134),(8133,NULL,19,2469,NULL,134),(8134,NULL,20,2608,NULL,134),(8135,NULL,21,2607,NULL,134),(8136,NULL,22,2468,NULL,134),(8137,NULL,1,2470,NULL,135),(8138,NULL,2,2471,NULL,135),(8139,NULL,3,2473,NULL,135),(8140,NULL,4,2474,NULL,135),(8141,NULL,5,2475,NULL,135),(8142,NULL,6,2476,NULL,135),(8143,NULL,7,2472,NULL,135),(8144,NULL,8,2477,NULL,135),(8145,NULL,9,2478,NULL,135),(8148,NULL,12,2481,NULL,135),(8149,NULL,13,2482,NULL,135),(8150,NULL,12,2479,NULL,135),(8151,NULL,13,2480,NULL,135),(8152,NULL,NULL,2483,NULL,136),(8153,NULL,1,2484,NULL,137),(8154,NULL,2,2471,NULL,137),(8155,NULL,3,2487,NULL,137),(8156,NULL,4,2486,NULL,137),(8157,NULL,5,2489,NULL,137),(8158,NULL,6,2488,NULL,137),(8159,NULL,7,2490,NULL,137),(8160,NULL,8,2491,NULL,137),(8161,NULL,9,2492,NULL,137),(8162,NULL,10,2493,NULL,137),(8163,NULL,11,2494,NULL,137),(8164,NULL,12,2495,NULL,137),(8165,NULL,13,2496,NULL,137),(8166,NULL,1,2497,NULL,138),(8167,NULL,2,2607,NULL,138),(8168,NULL,1,2498,NULL,139),(8169,NULL,2,2499,NULL,139),(8170,NULL,3,2449,NULL,139),(8171,NULL,4,2509,NULL,139),(8172,NULL,5,2508,NULL,139),(8173,NULL,6,2505,NULL,139),(8174,NULL,7,2502,NULL,139),(8175,NULL,8,2506,NULL,139),(8176,NULL,9,2503,NULL,139),(8177,NULL,10,2507,NULL,139),(8178,NULL,11,2504,NULL,139),(8179,NULL,12,2501,NULL,139),(8180,NULL,13,2497,NULL,139),(8181,NULL,14,2454,NULL,139),(8182,NULL,15,2512,NULL,139),(8183,NULL,16,2513,NULL,139),(8184,NULL,17,2463,NULL,139),(8185,NULL,18,2515,NULL,139),(8186,NULL,19,2516,NULL,139),(8187,NULL,20,2518,NULL,139),(8188,NULL,21,2607,NULL,139),(8189,NULL,22,2519,NULL,139),(8190,NULL,23,2520,NULL,139),(8191,NULL,1,2501,NULL,140),(8192,NULL,2,2607,NULL,140),(8193,NULL,1,2501,NULL,141),(8194,NULL,2,2607,NULL,141),(8195,NULL,1,2605,NULL,287),(8196,NULL,2,2497,NULL,287),(8197,NULL,3,2607,NULL,287),(8198,NULL,1,2606,NULL,288),(8199,NULL,2,2497,NULL,288),(8200,NULL,3,2455,NULL,288),(8201,NULL,4,2518,NULL,288),(8202,NULL,5,2607,NULL,288),(8206,NULL,1,6975,NULL,290),(8207,NULL,2,7045,NULL,290),(8208,NULL,3,7054,NULL,290),(8209,NULL,4,6998,NULL,290),(8210,NULL,5,7079,NULL,290),(8211,NULL,6,6852,NULL,290),(8212,NULL,7,7097,NULL,290),(8213,NULL,8,7107,NULL,290),(8214,NULL,9,6795,NULL,290),(8215,NULL,10,6805,NULL,290),(8216,NULL,11,6814,NULL,290),(8217,NULL,12,6821,NULL,290),(8218,NULL,13,6825,NULL,290),(8219,NULL,14,6832,NULL,290),(8220,NULL,15,6836,NULL,290),(8221,NULL,16,6842,NULL,290),(8222,NULL,17,6853,NULL,290),(8223,NULL,18,6861,NULL,290),(8224,NULL,19,6866,NULL,290),(8225,NULL,20,6871,NULL,290),(8226,NULL,21,6876,NULL,290),(8227,NULL,22,6884,NULL,290),(8228,NULL,23,6896,NULL,290),(8229,NULL,24,6899,NULL,290),(8230,NULL,25,6907,NULL,290),(8231,NULL,26,6913,NULL,290),(8232,NULL,27,6922,NULL,290),(8233,NULL,28,6929,NULL,290),(8234,NULL,29,6932,NULL,290),(8235,NULL,30,6944,NULL,290),(8236,NULL,31,6967,NULL,290),(8237,NULL,32,6976,NULL,290),(8238,NULL,33,6979,NULL,290),(8239,NULL,34,6984,NULL,290),(8240,NULL,35,6989,NULL,290),(8241,NULL,36,6999,NULL,290),(8242,NULL,37,7007,NULL,290),(8243,NULL,38,7012,NULL,290),(8244,NULL,39,7020,NULL,290),(8245,NULL,40,7023,NULL,290),(8246,NULL,41,7027,NULL,290),(8247,NULL,42,7046,NULL,290),(8248,NULL,43,7055,NULL,290),(8249,NULL,44,7070,NULL,290),(8250,NULL,45,7089,NULL,290),(8251,NULL,46,7108,NULL,290),(8252,NULL,47,7125,NULL,290),(8253,NULL,48,7129,NULL,290),(8254,NULL,1,7430,NULL,291),(8255,NULL,2,7337,NULL,291),(8256,NULL,3,7279,NULL,291),(8257,NULL,4,7338,NULL,291),(8258,NULL,5,7280,NULL,291),(8259,NULL,6,7354,NULL,291),(8260,NULL,7,7420,NULL,291),(8261,NULL,8,7355,NULL,291),(8262,NULL,9,7308,NULL,291),(8263,NULL,10,7309,NULL,291),(8264,NULL,11,7310,NULL,291),(8265,NULL,12,7317,NULL,291),(8266,NULL,13,7377,NULL,291),(8267,NULL,14,7378,NULL,291),(8268,NULL,15,7146,NULL,291),(8269,NULL,16,7163,NULL,291),(8270,NULL,17,7177,NULL,291),(8271,NULL,18,7185,NULL,291),(8272,NULL,19,7217,NULL,291),(8273,NULL,20,7226,NULL,291),(8274,NULL,21,7243,NULL,291),(8275,NULL,22,7248,NULL,291),(8276,NULL,23,7266,NULL,291),(8277,NULL,24,7269,NULL,291),(8278,NULL,25,7275,NULL,291),(8279,NULL,26,7281,NULL,291),(8280,NULL,27,7286,NULL,291),(8281,NULL,28,7289,NULL,291),(8282,NULL,29,7292,NULL,291),(8283,NULL,30,7301,NULL,291),(8284,NULL,31,7311,NULL,291),(8285,NULL,32,7314,NULL,291),(8286,NULL,33,7318,NULL,291),(8287,NULL,34,7319,NULL,291),(8288,NULL,35,7324,NULL,291),(8289,NULL,36,7334,NULL,291),(8290,NULL,37,7339,NULL,291),(8291,NULL,38,7356,NULL,291),(8292,NULL,39,7361,NULL,291),(8293,NULL,40,7379,NULL,291),(8294,NULL,41,7386,NULL,291),(8295,NULL,42,7415,NULL,291),(8296,NULL,43,7421,NULL,291),(8297,NULL,1,7430,NULL,292),(8298,NULL,2,7337,NULL,292),(8299,NULL,3,7279,NULL,292),(8300,NULL,4,7338,NULL,292),(8301,NULL,5,7280,NULL,292),(8302,NULL,6,7354,NULL,292),(8303,NULL,7,7420,NULL,292),(8304,NULL,8,7355,NULL,292),(8305,NULL,9,7308,NULL,292),(8306,NULL,10,7309,NULL,292),(8307,NULL,11,7310,NULL,292),(8308,NULL,12,7317,NULL,292),(8309,NULL,13,7377,NULL,292),(8310,NULL,14,7378,NULL,292),(8311,NULL,15,7146,NULL,292),(8312,NULL,16,7163,NULL,292),(8313,NULL,17,7177,NULL,292),(8314,NULL,18,7185,NULL,292),(8315,NULL,19,7217,NULL,292),(8316,NULL,20,7226,NULL,292),(8317,NULL,21,7243,NULL,292),(8318,NULL,22,7248,NULL,292),(8319,NULL,23,7266,NULL,292),(8320,NULL,24,7269,NULL,292),(8321,NULL,25,7275,NULL,292),(8322,NULL,26,7281,NULL,292),(8323,NULL,27,7286,NULL,292),(8324,NULL,28,7289,NULL,292),(8325,NULL,29,7292,NULL,292),(8326,NULL,30,7301,NULL,292),(8327,NULL,31,7311,NULL,292),(8328,NULL,32,7314,NULL,292),(8329,NULL,33,7318,NULL,292),(8330,NULL,34,7319,NULL,292),(8331,NULL,35,7324,NULL,292),(8332,NULL,36,7334,NULL,292),(8333,NULL,37,7339,NULL,292),(8334,NULL,38,7356,NULL,292),(8335,NULL,39,7361,NULL,292),(8336,NULL,40,7379,NULL,292),(8337,NULL,41,7386,NULL,292),(8338,NULL,42,7415,NULL,292),(8339,NULL,43,7421,NULL,292),(8340,NULL,44,6975,NULL,292),(8341,NULL,45,7045,NULL,292),(8342,NULL,46,7054,NULL,292),(8343,NULL,47,6998,NULL,292),(8344,NULL,48,7079,NULL,292),(8345,NULL,49,6852,NULL,292),(8346,NULL,50,7097,NULL,292),(8347,NULL,51,7107,NULL,292),(8348,NULL,52,6795,NULL,292),(8349,NULL,53,6805,NULL,292),(8350,NULL,54,6814,NULL,292),(8351,NULL,55,6821,NULL,292),(8352,NULL,56,6825,NULL,292),(8353,NULL,57,6832,NULL,292),(8354,NULL,58,6836,NULL,292),(8355,NULL,59,6842,NULL,292),(8356,NULL,60,6853,NULL,292),(8357,NULL,61,6861,NULL,292),(8358,NULL,62,6866,NULL,292),(8359,NULL,63,6871,NULL,292),(8360,NULL,64,6876,NULL,292),(8361,NULL,65,6884,NULL,292),(8362,NULL,66,6896,NULL,292),(8363,NULL,67,6899,NULL,292),(8364,NULL,68,6907,NULL,292),(8365,NULL,69,6913,NULL,292),(8366,NULL,70,6922,NULL,292),(8367,NULL,71,6929,NULL,292),(8368,NULL,72,6932,NULL,292),(8369,NULL,73,6944,NULL,292),(8370,NULL,74,6967,NULL,292),(8371,NULL,75,6976,NULL,292),(8372,NULL,76,6979,NULL,292),(8373,NULL,77,6984,NULL,292),(8374,NULL,78,6989,NULL,292),(8375,NULL,79,6999,NULL,292),(8376,NULL,80,7007,NULL,292),(8377,NULL,81,7012,NULL,292),(8378,NULL,82,7020,NULL,292),(8379,NULL,83,7023,NULL,292),(8380,NULL,84,7027,NULL,292),(8381,NULL,85,7046,NULL,292),(8382,NULL,86,7055,NULL,292),(8383,NULL,87,7070,NULL,292),(8384,NULL,88,7089,NULL,292),(8385,NULL,89,7108,NULL,292),(8386,NULL,90,7125,NULL,292),(8387,NULL,91,7129,NULL,292),(8388,NULL,1,6975,NULL,293),(8389,NULL,2,7045,NULL,293),(8390,NULL,3,7054,NULL,293),(8391,NULL,4,6998,NULL,293),(8392,NULL,5,7079,NULL,293),(8393,NULL,6,6852,NULL,293),(8394,NULL,7,7097,NULL,293),(8395,NULL,8,7107,NULL,293),(8396,NULL,9,6795,NULL,293),(8397,NULL,10,6805,NULL,293),(8398,NULL,11,6814,NULL,293),(8399,NULL,12,6821,NULL,293),(8400,NULL,13,6825,NULL,293),(8401,NULL,14,6832,NULL,293),(8402,NULL,15,6836,NULL,293),(8403,NULL,16,6842,NULL,293),(8404,NULL,17,6853,NULL,293),(8405,NULL,18,6861,NULL,293),(8406,NULL,19,6866,NULL,293),(8407,NULL,20,6871,NULL,293),(8408,NULL,21,6876,NULL,293),(8409,NULL,22,6884,NULL,293),(8410,NULL,23,6896,NULL,293),(8411,NULL,24,6899,NULL,293),(8412,NULL,25,6907,NULL,293),(8413,NULL,26,6913,NULL,293),(8414,NULL,27,6922,NULL,293),(8415,NULL,28,6929,NULL,293),(8416,NULL,29,6932,NULL,293),(8417,NULL,30,6944,NULL,293),(8418,NULL,31,6967,NULL,293),(8419,NULL,32,6976,NULL,293),(8420,NULL,33,6979,NULL,293),(8421,NULL,34,6984,NULL,293),(8422,NULL,35,6989,NULL,293),(8423,NULL,36,6999,NULL,293),(8424,NULL,37,7007,NULL,293),(8425,NULL,38,7012,NULL,293),(8426,NULL,39,7020,NULL,293),(8427,NULL,40,7023,NULL,293),(8428,NULL,41,7027,NULL,293),(8429,NULL,42,7046,NULL,293),(8430,NULL,43,7055,NULL,293),(8431,NULL,44,7070,NULL,293),(8432,NULL,45,7089,NULL,293),(8433,NULL,46,7108,NULL,293),(8434,NULL,47,7125,NULL,293),(8435,NULL,48,7129,NULL,293);
/*!40000 ALTER TABLE `m_usageordering` ENABLE KEYS */;
UNLOCK TABLES;

--
-- Table structure for table `m_usagetype`
--

DROP TABLE IF EXISTS `m_usagetype`;
/*!40101 SET @saved_cs_client     = @@character_set_client */;
/*!40101 SET character_set_client = utf8 */;
CREATE TABLE `m_usagetype` (
  `ID` int(11) NOT NULL,
  `USAGETYPE` varchar(1) NOT NULL,
  `TITLE` varchar(254) DEFAULT NULL,
  `REVIEWERNOTE` longtext,
  `FK_ID_MASTERLABELCONTENT` int(11) NOT NULL,
  PRIMARY KEY (`ID`),
  UNIQUE KEY `UM_USAGETYPE_ID_626480` (`ID`),
  KEY `MUSAGETYPEFKIDMASTERLABEL41480` (`FK_ID_MASTERLABELCONTENT`)
) ENGINE=InnoDB DEFAULT CHARSET=utf8;
/*!40101 SET character_set_client = @saved_cs_client */;

--
-- Dumping data for table `m_usagetype`
--

LOCK TABLES `m_usagetype` WRITE;
/*!40000 ALTER TABLE `m_usagetype` DISABLE KEYS */;
INSERT INTO `m_usagetype` VALUES (1,'C',NULL,NULL,10),(2,'S',NULL,NULL,10),(3,'T',NULL,NULL,10),(4,'L',NULL,NULL,10),(5,'C',NULL,NULL,11),(6,'S',NULL,NULL,11),(7,'L',NULL,NULL,11),(8,'T',NULL,NULL,11),(13,'C',NULL,NULL,16),(14,'S',NULL,NULL,16),(15,'L',NULL,NULL,16),(16,'T',NULL,NULL,16),(17,'C','ORGANISM LIST','The list of organisms can be formatted into paragraph form using a comma to separate organisms.',17),(18,'S','Surfaces LIST','The list of organisms can be formatted into paragraph form using a comma to separate organisms.',17),(19,'L','',NULL,17),(20,'T','App Types',NULL,17),(89,'C',NULL,NULL,34),(90,'S',NULL,NULL,34),(91,'T',NULL,NULL,34),(92,'L',NULL,NULL,34);
/*!40000 ALTER TABLE `m_usagetype` ENABLE KEYS */;
UNLOCK TABLES;

--
-- Table structure for table `masterlabelcontent`
--

DROP TABLE IF EXISTS `masterlabelcontent`;
/*!40101 SET @saved_cs_client     = @@character_set_client */;
/*!40101 SET character_set_client = utf8 */;
CREATE TABLE `masterlabelcontent` (
  `ID` int(11) NOT NULL,
  `PRIMARYSITEID` int(11) DEFAULT NULL,
  `VERSION` varchar(254) NOT NULL,
  `REVISIONDATE` datetime NOT NULL,
  `CREATEDDATETIME` datetime DEFAULT NULL,
  `MODIFIEDDATETIME` datetime DEFAULT NULL,
  `DILUTIONCHARTSTRENGTHTITLE` varchar(254) DEFAULT NULL,
  `DILUTIONCHARTSTRENGTHTEXT` varchar(254) DEFAULT NULL,
  `TITLE` varchar(254) DEFAULT NULL,
  `REVIEWERNOTE` longtext,
  `TITLEMARKETING` varchar(254) DEFAULT NULL,
  `TEXTMARKETING` longtext,
  `REVIEWERNOTEMARKETING` longtext,
  `TITLETOC` varchar(254) DEFAULT NULL,
  `TEXTTOC` longtext,
  `REVIEWERNOTETOC` longtext,
  `TITLEDFU` varchar(254) DEFAULT NULL,
  `TEXTDFU` longtext,
  `REVIEWERNOTEDFU` longtext,
  `TITLESAD` varchar(254) DEFAULT NULL,
  `TEXTSAD` longtext,
  `REVIEWERNOTESAD` longtext,
  `FINALIZED` varchar(1) DEFAULT NULL,
  `AUTOSEQ` int(11) DEFAULT NULL,
  `AUTOSEQ02` int(11) DEFAULT NULL,
  `AUTOSEQ03` int(11) DEFAULT NULL,
  `AUTOSEQ03_copy1` int(11) DEFAULT NULL,
  `AUTOSEQ04` int(11) DEFAULT NULL,
  `SUBID_MASTERLABELCONTENT` int(11) DEFAULT NULL,
  `FK_ID_MASTERLABELCONTENT` int(11) DEFAULT NULL,
  `FK_ID_MASTERPRODUCT` int(11) DEFAULT NULL,
  PRIMARY KEY (`ID`),
  KEY `MASTERLABELCONTENTFKIDMAS10344` (`FK_ID_MASTERLABELCONTENT`),
  KEY `MASTERLABELCONTENTFKIDMAS10455` (`FK_ID_MASTERPRODUCT`),
  KEY `MASTERLABELCONTENTSUBIDMASTE19785` (`AUTOSEQ04`)
) ENGINE=InnoDB DEFAULT CHARSET=utf8;
/*!40101 SET character_set_client = @saved_cs_client */;

--
-- Dumping data for table `masterlabelcontent`
--

LOCK TABLES `masterlabelcontent` WRITE;
/*!40000 ALTER TABLE `masterlabelcontent` DISABLE KEYS */;
INSERT INTO `masterlabelcontent` VALUES (10,NULL,'Version 1','2015-04-16 10:38:10','2015-04-16 10:38:10',NULL,NULL,NULL,NULL,NULL,NULL,NULL,NULL,NULL,NULL,NULL,NULL,NULL,NULL,NULL,NULL,NULL,'W',NULL,NULL,1,NULL,NULL,NULL,9,3),(11,NULL,'2.1','2015-05-27 18:56:22','2015-05-27 18:56:22',NULL,NULL,NULL,NULL,NULL,NULL,NULL,NULL,NULL,NULL,NULL,NULL,NULL,NULL,NULL,NULL,NULL,'W',NULL,NULL,NULL,NULL,NULL,NULL,NULL,6),(16,NULL,'1.1','2015-09-30 00:00:00','2015-09-30 00:00:00',NULL,NULL,NULL,NULL,NULL,NULL,NULL,NULL,NULL,NULL,NULL,NULL,NULL,NULL,NULL,NULL,NULL,'W',NULL,NULL,NULL,NULL,NULL,NULL,NULL,8),(17,NULL,'1','2016-01-13 00:00:00','2016-01-13 00:00:00',NULL,NULL,NULL,'Cleaner &bull; Disinfectant &bull; [{Food Contact} {Non-Food Contact}] Sanitizer &bull; Deodorizer &bull; Mildewstat &bull; Virucide*','Marketing claims may be used on the front panel.','MARKETING CLAIMS',NULL,'Marketing text is considered optional. Commas and the words and or can be added to phrases to make text grammatically correct.','TABLE OF CONTENTS',NULL,'The Table of Contents will not be on any label. This is for our customers reference only.','DIRECTIONS FOR USE','It is a violation of Federal law to use this product in a manner inconsistent with its labeling.','(General Considerations):  Numbered instructions will be used if label space permits, otherwise may appear in paragraph format. The list of organisms can be formatted into paragraph form using a comma to separate organisms. Unit abbreviations can be spelled out. When choosing optional text, appropriate punctuation can be inserted or deleted.)',NULL,NULL,NULL,'W',NULL,NULL,NULL,NULL,NULL,NULL,NULL,10),(34,NULL,'Version 2','2016-01-27 00:00:00','2016-01-27 00:00:00','2016-01-27 00:00:00',NULL,NULL,NULL,NULL,NULL,NULL,NULL,NULL,NULL,NULL,NULL,NULL,NULL,NULL,NULL,NULL,'W',NULL,NULL,NULL,NULL,NULL,NULL,10,3);
/*!40000 ALTER TABLE `masterlabelcontent` ENABLE KEYS */;
UNLOCK TABLES;

--
-- Table structure for table `masterproduct`
--

DROP TABLE IF EXISTS `masterproduct`;
/*!40101 SET @saved_cs_client     = @@character_set_client */;
/*!40101 SET character_set_client = utf8 */;
CREATE TABLE `masterproduct` (
  `ID` int(11) NOT NULL,
  `NAME` varchar(254) NOT NULL,
  `z_NUMBER` varchar(5) DEFAULT NULL,
  `DESCRIPTION` longtext,
  `CHEMICALFAMILY` varchar(2) DEFAULT NULL,
  `EPA_REGISTRATIONNUMBER` varchar(128) DEFAULT NULL,
  `EPA_ESTABLISHMENTNUMBER` varchar(128) DEFAULT NULL,
  `EPA_DRAFTLABEL` datetime DEFAULT NULL,
  `ESL_DATE` datetime DEFAULT NULL,
  `EPA_TOXICITYCATEGORY` int(11) DEFAULT NULL,
  `REVIEWERNOTE` longtext,
  `FOOTER` longtext,
  `AUTOSEQ` int(11) DEFAULT NULL,
  `FK_ID_PRIMARYREGISTRANT` int(11) NOT NULL,
  `PRIMARYSITEID` int(11) DEFAULT NULL,
  PRIMARY KEY (`ID`),
  KEY `MASTERPRODUCTFKIDPRIMARYR10460` (`FK_ID_PRIMARYREGISTRANT`)
) ENGINE=InnoDB DEFAULT CHARSET=utf8;
/*!40101 SET character_set_client = @saved_cs_client */;

--
-- Dumping data for table `masterproduct`
--

LOCK TABLES `masterproduct` WRITE;
/*!40000 ALTER TABLE `masterproduct` DISABLE KEYS */;
INSERT INTO `masterproduct` VALUES (3,'Generic 64','555','ONE-STEP DISINFECTANT\r\nGERMICIDAL DETERGENT AND DEODORANT','DQ',NULL,'00000',NULL,NULL,2,NULL,NULL,NULL,8,NULL),(6,'SAMPLE-256','76543','One Step Disinfectant\r\nGermicidal Detergent and Deodorant','DQ',NULL,'12345-MA-1',NULL,NULL,4,NULL,NULL,NULL,15,NULL),(8,'SAMPLE 64','12345','Sample Basic Label stamped 3/1/2015','DQ',NULL,'54321-987',NULL,NULL,4,NULL,NULL,NULL,15,NULL),(10,'MAQUAT<sup>&reg;</sup> 710-M','117','Cleaner &bull;&nbsp;Disinfectant&nbsp;&bull; [{Food Contact} {Non-Food Contact}] Sanitizer &bull; Deodorizer &bull; Mildewstat &bull; Virucide*','DQ',NULL,'10324',NULL,NULL,4,'Marketing claims may be used on the front panel.','{{ProductName}}, EPA Reg. No. {{EPA_RegNo}}<br /> {{PageOf}}<br /> 2-3-15<br /> (Note to Reviewer: Text in { } is optional. Brackets [ ] indicate that at least one option within the brackets must be used in the final label text. Parentheticals ( ) are meant to appear on final label. &ldquo;This product&rdquo; can be substituted with actual product name.)<br /> EPA Accepted 5-5-15',NULL,15,NULL);
/*!40000 ALTER TABLE `masterproduct` ENABLE KEYS */;
UNLOCK TABLES;

--
-- Table structure for table `mm_color_for_lld_block`
--

DROP TABLE IF EXISTS `mm_color_for_lld_block`;
/*!40101 SET @saved_cs_client     = @@character_set_client */;
/*!40101 SET character_set_client = utf8 */;
CREATE TABLE `mm_color_for_lld_block` (
  `FK_ID_LLD_BLOCK` int(11) NOT NULL,
  `FK_ID_COLOR` int(11) NOT NULL,
  PRIMARY KEY (`FK_ID_LLD_BLOCK`,`FK_ID_COLOR`),
  UNIQUE KEY `UMMCOLORFORLLDBLOCKIDMMCOLO94031` (`FK_ID_LLD_BLOCK`,`FK_ID_COLOR`),
  KEY `MMCOLORFORLLDBLOCKFKIDCOLOR94033` (`FK_ID_COLOR`)
) ENGINE=InnoDB DEFAULT CHARSET=utf8;
/*!40101 SET character_set_client = @saved_cs_client */;

--
-- Dumping data for table `mm_color_for_lld_block`
--

LOCK TABLES `mm_color_for_lld_block` WRITE;
/*!40000 ALTER TABLE `mm_color_for_lld_block` DISABLE KEYS */;
/*!40000 ALTER TABLE `mm_color_for_lld_block` ENABLE KEYS */;
UNLOCK TABLES;

--
-- Table structure for table `mm_color_for_lld_panel`
--

DROP TABLE IF EXISTS `mm_color_for_lld_panel`;
/*!40101 SET @saved_cs_client     = @@character_set_client */;
/*!40101 SET character_set_client = utf8 */;
CREATE TABLE `mm_color_for_lld_panel` (
  `FK_ID_LLD_PANEL` int(11) NOT NULL,
  `FK_ID_COLOR` int(11) NOT NULL,
  UNIQUE KEY `UMMCOLORFORLLDPANELIDMMCOLO94027` (`FK_ID_LLD_PANEL`,`FK_ID_COLOR`),
  KEY `MMCOLORFORLLDPANELFKIDCOLOR94029` (`FK_ID_COLOR`)
) ENGINE=InnoDB DEFAULT CHARSET=utf8;
/*!40101 SET character_set_client = @saved_cs_client */;

--
-- Dumping data for table `mm_color_for_lld_panel`
--

LOCK TABLES `mm_color_for_lld_panel` WRITE;
/*!40000 ALTER TABLE `mm_color_for_lld_panel` DISABLE KEYS */;
/*!40000 ALTER TABLE `mm_color_for_lld_panel` ENABLE KEYS */;
UNLOCK TABLES;

--
-- Table structure for table `mm_masterproduct_for_subregistran`
--

DROP TABLE IF EXISTS `mm_masterproduct_for_subregistran`;
/*!40101 SET @saved_cs_client     = @@character_set_client */;
/*!40101 SET character_set_client = utf8 */;
CREATE TABLE `mm_masterproduct_for_subregistran` (
  `FK_ID_SUBREGISTRANT` int(11) NOT NULL,
  `FK_ID_MASTERPRODUCT` int(11) NOT NULL,
  UNIQUE KEY `UMMMASTERPRODUCTFRSUBREGIST63207` (`FK_ID_SUBREGISTRANT`,`FK_ID_MASTERPRODUCT`),
  KEY `MMMASTERPRODUCTFRSUBREGISTR63209` (`FK_ID_MASTERPRODUCT`)
) ENGINE=InnoDB DEFAULT CHARSET=utf8;
/*!40101 SET character_set_client = @saved_cs_client */;

--
-- Dumping data for table `mm_masterproduct_for_subregistran`
--

LOCK TABLES `mm_masterproduct_for_subregistran` WRITE;
/*!40000 ALTER TABLE `mm_masterproduct_for_subregistran` DISABLE KEYS */;
/*!40000 ALTER TABLE `mm_masterproduct_for_subregistran` ENABLE KEYS */;
UNLOCK TABLES;

--
-- Table structure for table `mm_masterproductfrsubregistran`
--

DROP TABLE IF EXISTS `mm_masterproductfrsubregistran`;
/*!40101 SET @saved_cs_client     = @@character_set_client */;
/*!40101 SET character_set_client = utf8 */;
CREATE TABLE `mm_masterproductfrsubregistran` (
  `FK_ID_SUBREGISTRAN` int(11) NOT NULL,
  `FK_ID_MASTERPRODUC` int(11) NOT NULL,
  UNIQUE KEY `UMMMASTERPRODUCTFRSUBREGI10311` (`FK_ID_SUBREGISTRAN`,`FK_ID_MASTERPRODUC`),
  KEY `MMMASTERPRODUCTFRSUBREGIS10313` (`FK_ID_MASTERPRODUC`)
) ENGINE=InnoDB DEFAULT CHARSET=utf8;
/*!40101 SET character_set_client = @saved_cs_client */;

--
-- Dumping data for table `mm_masterproductfrsubregistran`
--

LOCK TABLES `mm_masterproductfrsubregistran` WRITE;
/*!40000 ALTER TABLE `mm_masterproductfrsubregistran` DISABLE KEYS */;
/*!40000 ALTER TABLE `mm_masterproductfrsubregistran` ENABLE KEYS */;
UNLOCK TABLES;

--
-- Table structure for table `mm_musagefrdltmmarketingsectio`
--

DROP TABLE IF EXISTS `mm_musagefrdltmmarketingsectio`;
/*!40101 SET @saved_cs_client     = @@character_set_client */;
/*!40101 SET character_set_client = utf8 */;
CREATE TABLE `mm_musagefrdltmmarketingsectio` (
  `FKIDMMARKETINGSECT` int(11) NOT NULL,
  `FK_ID_M_USAGE` int(11) NOT NULL,
  UNIQUE KEY `UMMMUSAGEFRDLTMMARKETINGS10394` (`FKIDMMARKETINGSECT`,`FK_ID_M_USAGE`),
  KEY `MMMUSAGEFRDLTMMARKETINGSE10396` (`FK_ID_M_USAGE`)
) ENGINE=InnoDB DEFAULT CHARSET=utf8;
/*!40101 SET character_set_client = @saved_cs_client */;

--
-- Dumping data for table `mm_musagefrdltmmarketingsectio`
--

LOCK TABLES `mm_musagefrdltmmarketingsectio` WRITE;
/*!40000 ALTER TABLE `mm_musagefrdltmmarketingsectio` DISABLE KEYS */;
/*!40000 ALTER TABLE `mm_musagefrdltmmarketingsectio` ENABLE KEYS */;
UNLOCK TABLES;

--
-- Table structure for table `mm_smarketingsectionfrdltsusag`
--

DROP TABLE IF EXISTS `mm_smarketingsectionfrdltsusag`;
/*!40101 SET @saved_cs_client     = @@character_set_client */;
/*!40101 SET character_set_client = utf8 */;
CREATE TABLE `mm_smarketingsectionfrdltsusag` (
  `FK_ID_S_USAGE` int(11) NOT NULL,
  `FKIDSMARKETINGSECT` int(11) NOT NULL,
  UNIQUE KEY `UMMSMARKETINGSECTIONFRDLT10402` (`FK_ID_S_USAGE`,`FKIDSMARKETINGSECT`),
  KEY `MMSMARKETINGSECTIONFRDLTS10404` (`FKIDSMARKETINGSECT`)
) ENGINE=InnoDB DEFAULT CHARSET=utf8;
/*!40101 SET character_set_client = @saved_cs_client */;

--
-- Dumping data for table `mm_smarketingsectionfrdltsusag`
--

LOCK TABLES `mm_smarketingsectionfrdltsusag` WRITE;
/*!40000 ALTER TABLE `mm_smarketingsectionfrdltsusag` DISABLE KEYS */;
/*!40000 ALTER TABLE `mm_smarketingsectionfrdltsusag` ENABLE KEYS */;
UNLOCK TABLES;

--
-- Table structure for table `mm_spld_marketingsectionfrspldusa`
--

DROP TABLE IF EXISTS `mm_spld_marketingsectionfrspldusa`;
/*!40101 SET @saved_cs_client     = @@character_set_client */;
/*!40101 SET character_set_client = utf8 */;
CREATE TABLE `mm_spld_marketingsectionfrspldusa` (
  `FK_ID_SPLD_USAGE` int(11) NOT NULL,
  `FK_ID_SPLD_MARKETINGSECTION` int(11) NOT NULL,
  UNIQUE KEY `UMMSPLDMARKETINGSECTIONFRSP63251` (`FK_ID_SPLD_USAGE`,`FK_ID_SPLD_MARKETINGSECTION`),
  KEY `MMSPLDMARKETINGSECTIONFRSPL63253` (`FK_ID_SPLD_MARKETINGSECTION`)
) ENGINE=InnoDB DEFAULT CHARSET=utf8;
/*!40101 SET character_set_client = @saved_cs_client */;

--
-- Dumping data for table `mm_spld_marketingsectionfrspldusa`
--

LOCK TABLES `mm_spld_marketingsectionfrspldusa` WRITE;
/*!40000 ALTER TABLE `mm_spld_marketingsectionfrspldusa` DISABLE KEYS */;
/*!40000 ALTER TABLE `mm_spld_marketingsectionfrspldusa` ENABLE KEYS */;
UNLOCK TABLES;

--
-- Table structure for table `mm_usergroup_containsmembr_z_use`
--

DROP TABLE IF EXISTS `mm_usergroup_containsmembr_z_use`;
/*!40101 SET @saved_cs_client     = @@character_set_client */;
/*!40101 SET character_set_client = utf8 */;
CREATE TABLE `mm_usergroup_containsmembr_z_use` (
  `FK_ID_Z_USER` int(11) NOT NULL,
  `FK_ID_USERGROUP` int(11) NOT NULL,
  UNIQUE KEY `UMMUSERGROUPCONTAINSMEMBRZU63336` (`FK_ID_Z_USER`,`FK_ID_USERGROUP`),
  KEY `MMUSERGROUPCONTAINSMEMBRZUS63338` (`FK_ID_USERGROUP`)
) ENGINE=InnoDB DEFAULT CHARSET=utf8;
/*!40101 SET character_set_client = @saved_cs_client */;

--
-- Dumping data for table `mm_usergroup_containsmembr_z_use`
--

LOCK TABLES `mm_usergroup_containsmembr_z_use` WRITE;
/*!40000 ALTER TABLE `mm_usergroup_containsmembr_z_use` DISABLE KEYS */;
/*!40000 ALTER TABLE `mm_usergroup_containsmembr_z_use` ENABLE KEYS */;
UNLOCK TABLES;

--
-- Table structure for table `mm_usergroup_contansmmbr_z_use`
--

DROP TABLE IF EXISTS `mm_usergroup_contansmmbr_z_use`;
/*!40101 SET @saved_cs_client     = @@character_set_client */;
/*!40101 SET character_set_client = utf8 */;
CREATE TABLE `mm_usergroup_contansmmbr_z_use` (
  `FK_ID_Z_USER` int(11) NOT NULL,
  `FK_ID_USERGROUP` int(11) NOT NULL,
  UNIQUE KEY `UMMUSERGROUPCONTANSMMBRZU10468` (`FK_ID_Z_USER`,`FK_ID_USERGROUP`),
  KEY `MMUSERGROUPCONTANSMMBRZUS10470` (`FK_ID_USERGROUP`)
) ENGINE=InnoDB DEFAULT CHARSET=utf8;
/*!40101 SET character_set_client = @saved_cs_client */;

--
-- Dumping data for table `mm_usergroup_contansmmbr_z_use`
--

LOCK TABLES `mm_usergroup_contansmmbr_z_use` WRITE;
/*!40000 ALTER TABLE `mm_usergroup_contansmmbr_z_use` DISABLE KEYS */;
/*!40000 ALTER TABLE `mm_usergroup_contansmmbr_z_use` ENABLE KEYS */;
UNLOCK TABLES;

--
-- Table structure for table `mmmusagedrvsmdirectionsforusesect`
--

DROP TABLE IF EXISTS `mmmusagedrvsmdirectionsforusesect`;
/*!40101 SET @saved_cs_client     = @@character_set_client */;
/*!40101 SET character_set_client = utf8 */;
CREATE TABLE `mmmusagedrvsmdirectionsforusesect` (
  `FK_ID_M_DIRECTIONSFORUSESECTION` int(11) NOT NULL,
  `FK_ID_M_USAGE` int(11) NOT NULL,
  UNIQUE KEY `UMMMUSAGEDRVSMDIRECTIONSFOR63187` (`FK_ID_M_DIRECTIONSFORUSESECTION`,`FK_ID_M_USAGE`),
  KEY `MMMUSAGEDRVSMDIRECTIONSFORU63189` (`FK_ID_M_USAGE`)
) ENGINE=InnoDB DEFAULT CHARSET=utf8;
/*!40101 SET character_set_client = @saved_cs_client */;

--
-- Dumping data for table `mmmusagedrvsmdirectionsforusesect`
--

LOCK TABLES `mmmusagedrvsmdirectionsforusesect` WRITE;
/*!40000 ALTER TABLE `mmmusagedrvsmdirectionsforusesect` DISABLE KEYS */;
INSERT INTO `mmmusagedrvsmdirectionsforusesect` VALUES (35,1872),(35,1873),(35,1874),(35,1875),(35,1876),(35,1877),(35,1878),(35,1879),(35,1880),(35,1881),(35,1882),(35,1883),(35,1884),(35,1885),(35,1886),(35,1887),(35,1888),(35,1889),(35,1890),(35,1891),(35,1892),(35,1893),(35,1894),(35,1895),(35,1898),(35,1899),(35,1900),(35,1901),(35,1902),(35,1903),(35,1904),(35,1905),(35,1906),(35,1907),(35,1908),(35,1909),(35,1910),(35,1911),(35,1918),(35,1919),(35,1920),(35,1921),(35,1922),(35,1952),(35,1953),(35,1968),(35,1969),(35,1970),(35,1971),(35,1972),(35,1973),(53,2452),(53,2470),(53,2483),(53,2484),(53,2498);
/*!40000 ALTER TABLE `mmmusagedrvsmdirectionsforusesect` ENABLE KEYS */;
UNLOCK TABLES;

--
-- Table structure for table `mmmusagefrdltmdirectionsforuse`
--

DROP TABLE IF EXISTS `mmmusagefrdltmdirectionsforuse`;
/*!40101 SET @saved_cs_client     = @@character_set_client */;
/*!40101 SET character_set_client = utf8 */;
CREATE TABLE `mmmusagefrdltmdirectionsforuse` (
  `FKIDMDIRECTIONSFOR` int(11) NOT NULL,
  `FK_ID_M_USAGE` int(11) NOT NULL,
  UNIQUE KEY `UMMMUSAGEFRDLTMDIRECTIONS10382` (`FKIDMDIRECTIONSFOR`,`FK_ID_M_USAGE`),
  KEY `MMMUSAGEFRDLTMDIRECTIONSF10384` (`FK_ID_M_USAGE`)
) ENGINE=InnoDB DEFAULT CHARSET=utf8;
/*!40101 SET character_set_client = @saved_cs_client */;

--
-- Dumping data for table `mmmusagefrdltmdirectionsforuse`
--

LOCK TABLES `mmmusagefrdltmdirectionsforuse` WRITE;
/*!40000 ALTER TABLE `mmmusagefrdltmdirectionsforuse` DISABLE KEYS */;
/*!40000 ALTER TABLE `mmmusagefrdltmdirectionsforuse` ENABLE KEYS */;
UNLOCK TABLES;

--
-- Table structure for table `mmsdirectionsforusesectionfror`
--

DROP TABLE IF EXISTS `mmsdirectionsforusesectionfror`;
/*!40101 SET @saved_cs_client     = @@character_set_client */;
/*!40101 SET character_set_client = utf8 */;
CREATE TABLE `mmsdirectionsforusesectionfror` (
  `SUDID_S_USAGE` int(11) NOT NULL,
  `SDUIDSDIRECTIONSFO` int(11) NOT NULL,
  UNIQUE KEY `UMMSDIRECTIONSFORUSESECTI10431` (`SUDID_S_USAGE`,`SDUIDSDIRECTIONSFO`),
  KEY `MMSDIRECTIONSFORUSESECTIO10433` (`SDUIDSDIRECTIONSFO`)
) ENGINE=InnoDB DEFAULT CHARSET=utf8;
/*!40101 SET character_set_client = @saved_cs_client */;

--
-- Dumping data for table `mmsdirectionsforusesectionfror`
--

LOCK TABLES `mmsdirectionsforusesectionfror` WRITE;
/*!40000 ALTER TABLE `mmsdirectionsforusesectionfror` DISABLE KEYS */;
/*!40000 ALTER TABLE `mmsdirectionsforusesectionfror` ENABLE KEYS */;
UNLOCK TABLES;

--
-- Table structure for table `mmsmarketingsectionfrorgnldlts`
--

DROP TABLE IF EXISTS `mmsmarketingsectionfrorgnldlts`;
/*!40101 SET @saved_cs_client     = @@character_set_client */;
/*!40101 SET character_set_client = utf8 */;
CREATE TABLE `mmsmarketingsectionfrorgnldlts` (
  `SUMID_S_USAGE` int(11) NOT NULL,
  `SMUIDSMARKETINGSEC` int(11) NOT NULL,
  UNIQUE KEY `UMMSMARKETINGSECTIONFRORG10321` (`SUMID_S_USAGE`,`SMUIDSMARKETINGSEC`),
  KEY `MMSMARKETINGSECTIONFRORGN10323` (`SMUIDSMARKETINGSEC`)
) ENGINE=InnoDB DEFAULT CHARSET=utf8;
/*!40101 SET character_set_client = @saved_cs_client */;

--
-- Dumping data for table `mmsmarketingsectionfrorgnldlts`
--

LOCK TABLES `mmsmarketingsectionfrorgnldlts` WRITE;
/*!40000 ALTER TABLE `mmsmarketingsectionfrorgnldlts` DISABLE KEYS */;
/*!40000 ALTER TABLE `mmsmarketingsectionfrorgnldlts` ENABLE KEYS */;
UNLOCK TABLES;

--
-- Table structure for table `mmsplddirectionsforusesectio02`
--

DROP TABLE IF EXISTS `mmsplddirectionsforusesectio02`;
/*!40101 SET @saved_cs_client     = @@character_set_client */;
/*!40101 SET character_set_client = utf8 */;
CREATE TABLE `mmsplddirectionsforusesectio02` (
  `PUDID_SPLD_USAGE` int(11) NOT NULL,
  `PDUIDSPLDDIRECTION` int(11) NOT NULL,
  UNIQUE KEY `UMMSPLDDIRECTIONSFORUSE0210436` (`PUDID_SPLD_USAGE`,`PDUIDSPLDDIRECTION`),
  KEY `MMSPLDDIRECTIONSFORUSES0210438` (`PDUIDSPLDDIRECTION`)
) ENGINE=InnoDB DEFAULT CHARSET=utf8;
/*!40101 SET character_set_client = @saved_cs_client */;

--
-- Dumping data for table `mmsplddirectionsforusesectio02`
--

LOCK TABLES `mmsplddirectionsforusesectio02` WRITE;
/*!40000 ALTER TABLE `mmsplddirectionsforusesectio02` DISABLE KEYS */;
/*!40000 ALTER TABLE `mmsplddirectionsforusesectio02` ENABLE KEYS */;
UNLOCK TABLES;

--
-- Table structure for table `mmsplddirectionsforusesectionf`
--

DROP TABLE IF EXISTS `mmsplddirectionsforusesectionf`;
/*!40101 SET @saved_cs_client     = @@character_set_client */;
/*!40101 SET character_set_client = utf8 */;
CREATE TABLE `mmsplddirectionsforusesectionf` (
  `FK_ID_SPLD_USAGE` int(11) NOT NULL,
  `FKIDSPLDDIRECTIONS` int(11) NOT NULL,
  UNIQUE KEY `UMMSPLDDIRECTIONSFORUSESE10356` (`FK_ID_SPLD_USAGE`,`FKIDSPLDDIRECTIONS`),
  KEY `MMSPLDDIRECTIONSFORUSESEC10358` (`FKIDSPLDDIRECTIONS`)
) ENGINE=InnoDB DEFAULT CHARSET=utf8;
/*!40101 SET character_set_client = @saved_cs_client */;

--
-- Dumping data for table `mmsplddirectionsforusesectionf`
--

LOCK TABLES `mmsplddirectionsforusesectionf` WRITE;
/*!40000 ALTER TABLE `mmsplddirectionsforusesectionf` DISABLE KEYS */;
/*!40000 ALTER TABLE `mmsplddirectionsforusesectionf` ENABLE KEYS */;
UNLOCK TABLES;

--
-- Table structure for table `mmsplddirectionsforusesectionfrsp`
--

DROP TABLE IF EXISTS `mmsplddirectionsforusesectionfrsp`;
/*!40101 SET @saved_cs_client     = @@character_set_client */;
/*!40101 SET character_set_client = utf8 */;
CREATE TABLE `mmsplddirectionsforusesectionfrsp` (
  `FK_ID_SPLD_USAGE` int(11) NOT NULL,
  `FK_ID_SPLDDIRECTIONSFORUSESECTIO` int(11) NOT NULL,
  UNIQUE KEY `UMMSPLDDIRECTIONSFORUSESECT63247` (`FK_ID_SPLD_USAGE`,`FK_ID_SPLDDIRECTIONSFORUSESECTIO`),
  KEY `MMSPLDDIRECTIONSFORUSESECTI63249` (`FK_ID_SPLDDIRECTIONSFORUSESECTIO`)
) ENGINE=InnoDB DEFAULT CHARSET=utf8;
/*!40101 SET character_set_client = @saved_cs_client */;

--
-- Dumping data for table `mmsplddirectionsforusesectionfrsp`
--

LOCK TABLES `mmsplddirectionsforusesectionfrsp` WRITE;
/*!40000 ALTER TABLE `mmsplddirectionsforusesectionfrsp` DISABLE KEYS */;
/*!40000 ALTER TABLE `mmsplddirectionsforusesectionfrsp` ENABLE KEYS */;
UNLOCK TABLES;

--
-- Table structure for table `mmspldmarketingsectionfrorgnls`
--

DROP TABLE IF EXISTS `mmspldmarketingsectionfrorgnls`;
/*!40101 SET @saved_cs_client     = @@character_set_client */;
/*!40101 SET character_set_client = utf8 */;
CREATE TABLE `mmspldmarketingsectionfrorgnls` (
  `PUMID_SPLD_USAGE` int(11) NOT NULL,
  `PMUIDSPLDMARKETING` int(11) NOT NULL,
  PRIMARY KEY (`PUMID_SPLD_USAGE`,`PMUIDSPLDMARKETING`),
  KEY `MMSPLDMARKETINGSECTIONFRO10325` (`PUMID_SPLD_USAGE`),
  KEY `MMSPLDMARKETINGSECTIONFRO10327` (`PMUIDSPLDMARKETING`)
) ENGINE=InnoDB DEFAULT CHARSET=utf8;
/*!40101 SET character_set_client = @saved_cs_client */;

--
-- Dumping data for table `mmspldmarketingsectionfrorgnls`
--

LOCK TABLES `mmspldmarketingsectionfrorgnls` WRITE;
/*!40000 ALTER TABLE `mmspldmarketingsectionfrorgnls` DISABLE KEYS */;
/*!40000 ALTER TABLE `mmspldmarketingsectionfrorgnls` ENABLE KEYS */;
UNLOCK TABLES;

--
-- Table structure for table `mmspldmarketingsectionfrspldus`
--

DROP TABLE IF EXISTS `mmspldmarketingsectionfrspldus`;
/*!40101 SET @saved_cs_client     = @@character_set_client */;
/*!40101 SET character_set_client = utf8 */;
CREATE TABLE `mmspldmarketingsectionfrspldus` (
  `FK_ID_SPLD_USAGE` int(11) NOT NULL,
  `FKIDSPLDMARKETINGS` int(11) NOT NULL,
  UNIQUE KEY `UMMSPLDMARKETINGSECTIONFR10360` (`FK_ID_SPLD_USAGE`,`FKIDSPLDMARKETINGS`),
  KEY `MMSPLDMARKETINGSECTIONFRS10362` (`FKIDSPLDMARKETINGS`)
) ENGINE=InnoDB DEFAULT CHARSET=utf8;
/*!40101 SET character_set_client = @saved_cs_client */;

--
-- Dumping data for table `mmspldmarketingsectionfrspldus`
--

LOCK TABLES `mmspldmarketingsectionfrspldus` WRITE;
/*!40000 ALTER TABLE `mmspldmarketingsectionfrspldus` DISABLE KEYS */;
/*!40000 ALTER TABLE `mmspldmarketingsectionfrspldus` ENABLE KEYS */;
UNLOCK TABLES;

--
-- Table structure for table `mmsusagedrvssdirectionsforusesect`
--

DROP TABLE IF EXISTS `mmsusagedrvssdirectionsforusesect`;
/*!40101 SET @saved_cs_client     = @@character_set_client */;
/*!40101 SET character_set_client = utf8 */;
CREATE TABLE `mmsusagedrvssdirectionsforusesect` (
  `FK_ID_S_DIRECTIONSFORUSESECTION` int(11) NOT NULL,
  `FK_ID_S_USAGE` int(11) NOT NULL,
  PRIMARY KEY (`FK_ID_S_DIRECTIONSFORUSESECTION`,`FK_ID_S_USAGE`)
) ENGINE=InnoDB DEFAULT CHARSET=utf8;
/*!40101 SET character_set_client = @saved_cs_client */;

--
-- Dumping data for table `mmsusagedrvssdirectionsforusesect`
--

LOCK TABLES `mmsusagedrvssdirectionsforusesect` WRITE;
/*!40000 ALTER TABLE `mmsusagedrvssdirectionsforusesect` DISABLE KEYS */;
/*!40000 ALTER TABLE `mmsusagedrvssdirectionsforusesect` ENABLE KEYS */;
UNLOCK TABLES;

--
-- Table structure for table `mmsusagefrdltsdirectionsforuse`
--

DROP TABLE IF EXISTS `mmsusagefrdltsdirectionsforuse`;
/*!40101 SET @saved_cs_client     = @@character_set_client */;
/*!40101 SET character_set_client = utf8 */;
CREATE TABLE `mmsusagefrdltsdirectionsforuse` (
  `FKIDSDIRECTIONSFOR` int(11) NOT NULL,
  `FK_ID_S_USAGE` int(11) NOT NULL,
  UNIQUE KEY `UMMSUSAGEFRDLTSDIRECTIONS10406` (`FKIDSDIRECTIONSFOR`,`FK_ID_S_USAGE`),
  KEY `MMSUSAGEFRDLTSDIRECTIONSF10408` (`FK_ID_S_USAGE`)
) ENGINE=InnoDB DEFAULT CHARSET=utf8;
/*!40101 SET character_set_client = @saved_cs_client */;

--
-- Dumping data for table `mmsusagefrdltsdirectionsforuse`
--

LOCK TABLES `mmsusagefrdltsdirectionsforuse` WRITE;
/*!40000 ALTER TABLE `mmsusagefrdltsdirectionsforuse` DISABLE KEYS */;
/*!40000 ALTER TABLE `mmsusagefrdltsdirectionsforuse` ENABLE KEYS */;
UNLOCK TABLES;

--
-- Table structure for table `netcontents`
--

DROP TABLE IF EXISTS `netcontents`;
/*!40101 SET @saved_cs_client     = @@character_set_client */;
/*!40101 SET character_set_client = utf8 */;
CREATE TABLE `netcontents` (
  `ID` int(11) NOT NULL,
  `TITLE` varchar(254) DEFAULT NULL,
  `DESCRIPTION` longtext,
  `z_TEXT` longtext,
  `FK_ID_MASTERLABELCONTENT` int(11) NOT NULL,
  UNIQUE KEY `UNETCONTENTS_ID_1760380` (`ID`),
  KEY `NETCONTENTSFKIDMASTERLABELCO17898` (`FK_ID_MASTERLABELCONTENT`)
) ENGINE=InnoDB DEFAULT CHARSET=utf8;
/*!40101 SET character_set_client = @saved_cs_client */;

--
-- Dumping data for table `netcontents`
--

LOCK TABLES `netcontents` WRITE;
/*!40000 ALTER TABLE `netcontents` DISABLE KEYS */;
INSERT INTO `netcontents` VALUES (2,'Net Contents:','{{Batch} {Lot} No} {Manufacturing Date}:<br /> {Product of USA} {Made in the USA}<br /> &nbsp;','{See {additional}{sheet}{insert} for {other} (directions for use} {information} {claims} {organisms}.}<br /> &nbsp;',17);
/*!40000 ALTER TABLE `netcontents` ENABLE KEYS */;
UNLOCK TABLES;

--
-- Table structure for table `organization`
--

DROP TABLE IF EXISTS `organization`;
/*!40101 SET @saved_cs_client     = @@character_set_client */;
/*!40101 SET character_set_client = utf8 */;
CREATE TABLE `organization` (
  `ID` int(11) NOT NULL,
  `NAME` varchar(254) NOT NULL,
  `DESCRIPTION` varchar(254) DEFAULT NULL,
  `LOGINNAME` varchar(128) NOT NULL,
  `ADMINISTRATORPASSWORD` varchar(128) DEFAULT NULL,
  `LASTLOGINDATETIME` datetime DEFAULT NULL,
  `PASSWORDEXPIRESDATETIME` datetime DEFAULT NULL,
  `EMAILADDRESS` varchar(254) DEFAULT NULL,
  `ACTIVE` varchar(1) DEFAULT NULL,
  `ROLE` varchar(1) DEFAULT NULL,
  `PRIMARYSITEID` int(11) DEFAULT NULL,
  PRIMARY KEY (`ID`,`NAME`,`LOGINNAME`)
) ENGINE=InnoDB DEFAULT CHARSET=utf8;
/*!40101 SET character_set_client = @saved_cs_client */;

--
-- Dumping data for table `organization`
--

LOCK TABLES `organization` WRITE;
/*!40000 ALTER TABLE `organization` DISABLE KEYS */;
INSERT INTO `organization` VALUES (8,'Primary Registrant ABC',NULL,'ABC','zPrefixwbGCLcTEc1awjOg1uMX9Wv49CifkDp+PQBKjTWS4HPpFQWUw5KuxYQ==',NULL,NULL,NULL,NULL,'P',NULL),(9,'Alpha Tech Pet, Inc.','Veterinary Products Supplier','ATP','zPrefixwbGCLcTEc1awjOg1uMX9Wv49CifkDp+PQBKjTWS4HPpFQWUw5KuxYQ==',NULL,NULL,NULL,NULL,'S',NULL),(10,'Administrator','ePamms Administrator','Admin','zPrefixwbGCLcTEc1awjOg1uMX9Wv49CifkDp+PQBKjTWS4HPpFQWUw5KuxYQ==',NULL,NULL,NULL,NULL,'P',NULL),(19,'XYZ Company','Innovative, sustainable and global chemical solutions company with over 80 years of experience','XYZ','zPrefixKD9jRfV4en39m6LU+hMvEXU/fKuH91MIsfR2H6NpFO5bx5HH7rMmYA==',NULL,NULL,NULL,NULL,'P',NULL),(20,'Alpha1 Tech Pet, Inc.','Veterinary Products Supplier','ATP','zPrefix5lIkl4Fu/kt5fTRnSTOXFI3JxspJyzFB0VMgWD/FR3ydBU7hFMWHfg==',NULL,NULL,NULL,NULL,'S',NULL),(21,'Mason Chemical Company','The Quaternary Specialists','Mason','zPrefixJiNPY+drS/4vDAxqbnxmk/9ayF0nNwh03yofjDRxVgAZLpi5hN/wcg==',NULL,NULL,NULL,NULL,'P',NULL),(22,'ATP','Veterinary Products Supplier','ATP','zPrefixhtzPJhQ9kziNAWNN1vy16SkAp5d1gksXWP+ren0Zatmoxdd3KPCa6A==',NULL,NULL,NULL,NULL,'S',NULL);
/*!40000 ALTER TABLE `organization` ENABLE KEYS */;
UNLOCK TABLES;

--
-- Table structure for table `person`
--

DROP TABLE IF EXISTS `person`;
/*!40101 SET @saved_cs_client     = @@character_set_client */;
/*!40101 SET character_set_client = utf8 */;
CREATE TABLE `person` (
  `ID` int(11) NOT NULL,
  `LASTNAME` varchar(64) DEFAULT NULL,
  `FIRSTNAME` varchar(64) DEFAULT NULL,
  `MIDDLENAME` varchar(64) DEFAULT NULL,
  `SUFFIX` varchar(128) DEFAULT NULL,
  `GENDER` varchar(1) DEFAULT NULL,
  `HOMEPHONE` varchar(11) DEFAULT NULL,
  `MOBILEPHONE` varchar(11) DEFAULT NULL,
  `WORKPHONE` varchar(11) DEFAULT NULL,
  `WORKPHONEEXTENSION` varchar(30) DEFAULT NULL,
  `FAX` varchar(11) DEFAULT NULL,
  `EMAILADDRESS` varchar(128) DEFAULT NULL,
  `TITLE` varchar(254) DEFAULT NULL,
  `z_NOTE` longtext,
  `CREATEDDATETIME` datetime DEFAULT NULL,
  `MODIFIEDDATETIME` datetime DEFAULT NULL,
  `CREATEDBY` varchar(128) DEFAULT NULL,
  `LASTMODIFIEDBY` varchar(128) DEFAULT NULL,
  `FK_ID_ADDRESS` int(11) DEFAULT NULL,
  `FK_ID_ORGANIZATION` int(11) DEFAULT NULL,
  `HASCONTACTID_ORGANIZATION` int(11) DEFAULT NULL,
  PRIMARY KEY (`ID`),
  KEY `PERSON_LASTNAME_98250` (`LASTNAME`),
  KEY `PERSON_EMAILADDRESS_98350` (`EMAILADDRESS`),
  KEY `PERSON_HOMEPHONE_98300` (`HOMEPHONE`),
  KEY `PERSON_GENDER_98290` (`GENDER`),
  KEY `PERSON_WORKPHONE_98320` (`WORKPHONE`),
  KEY `PERSON_FK_ID_ADDRESS_104710` (`FK_ID_ADDRESS`),
  KEY `PERSON_FK_ID_ORGANIZATION10472` (`FK_ID_ORGANIZATION`),
  KEY `PERSON_HSCNTCTIDORGANIZAT10473` (`HASCONTACTID_ORGANIZATION`)
) ENGINE=InnoDB DEFAULT CHARSET=utf8;
/*!40101 SET character_set_client = @saved_cs_client */;

--
-- Dumping data for table `person`
--

LOCK TABLES `person` WRITE;
/*!40000 ALTER TABLE `person` DISABLE KEYS */;
INSERT INTO `person` VALUES (1,NULL,NULL,NULL,NULL,NULL,NULL,NULL,NULL,NULL,NULL,NULL,NULL,NULL,NULL,NULL,NULL,NULL,NULL,NULL,10),(2,NULL,NULL,NULL,NULL,NULL,NULL,NULL,NULL,NULL,NULL,NULL,NULL,NULL,NULL,NULL,NULL,NULL,NULL,NULL,8),(3,NULL,NULL,NULL,NULL,NULL,NULL,NULL,NULL,NULL,NULL,NULL,NULL,NULL,NULL,NULL,NULL,NULL,NULL,NULL,11),(4,NULL,NULL,NULL,NULL,NULL,NULL,NULL,NULL,NULL,NULL,NULL,NULL,NULL,NULL,NULL,NULL,NULL,NULL,NULL,12),(5,NULL,NULL,NULL,NULL,NULL,NULL,NULL,NULL,NULL,NULL,NULL,NULL,NULL,NULL,NULL,NULL,NULL,NULL,NULL,13),(11,NULL,NULL,NULL,NULL,NULL,NULL,NULL,NULL,NULL,NULL,NULL,NULL,NULL,NULL,NULL,NULL,NULL,NULL,NULL,18),(12,'Isaac','Thomas',NULL,NULL,NULL,NULL,NULL,'8474667500',NULL,NULL,NULL,'Senior Regulatory Specialist',NULL,NULL,NULL,NULL,NULL,NULL,NULL,19),(13,NULL,NULL,NULL,NULL,NULL,NULL,NULL,NULL,NULL,NULL,NULL,NULL,NULL,NULL,NULL,NULL,NULL,NULL,NULL,20),(14,'Mason','Charlie',NULL,NULL,NULL,NULL,NULL,'8472901621',NULL,NULL,NULL,NULL,NULL,NULL,NULL,NULL,NULL,NULL,NULL,21),(15,NULL,NULL,NULL,NULL,NULL,NULL,NULL,NULL,NULL,NULL,NULL,NULL,NULL,NULL,NULL,NULL,NULL,NULL,NULL,22),(16,NULL,NULL,NULL,NULL,NULL,NULL,NULL,NULL,NULL,NULL,NULL,NULL,NULL,NULL,NULL,NULL,NULL,NULL,NULL,9),(17,NULL,NULL,NULL,NULL,NULL,NULL,NULL,NULL,NULL,NULL,NULL,NULL,NULL,NULL,NULL,NULL,NULL,NULL,9,NULL),(18,NULL,NULL,NULL,NULL,NULL,NULL,NULL,NULL,NULL,NULL,NULL,NULL,NULL,NULL,NULL,NULL,NULL,NULL,21,NULL),(19,NULL,NULL,NULL,NULL,NULL,NULL,NULL,NULL,NULL,NULL,NULL,NULL,NULL,NULL,NULL,NULL,NULL,NULL,8,NULL),(20,NULL,NULL,NULL,NULL,NULL,NULL,NULL,NULL,NULL,NULL,NULL,NULL,NULL,NULL,NULL,NULL,NULL,NULL,22,NULL),(21,NULL,NULL,NULL,NULL,NULL,NULL,NULL,NULL,NULL,NULL,NULL,NULL,NULL,NULL,NULL,NULL,NULL,NULL,20,NULL),(22,NULL,NULL,NULL,NULL,NULL,NULL,NULL,NULL,NULL,NULL,NULL,NULL,NULL,NULL,NULL,NULL,NULL,NULL,19,NULL),(23,NULL,NULL,NULL,NULL,NULL,NULL,NULL,NULL,NULL,NULL,NULL,NULL,NULL,NULL,NULL,NULL,NULL,NULL,10,NULL),(24,'Seitz','Shawn',NULL,NULL,NULL,NULL,NULL,NULL,NULL,NULL,NULL,NULL,NULL,NULL,NULL,NULL,NULL,17,21,NULL),(25,'Christensen','Don',NULL,NULL,NULL,NULL,NULL,NULL,NULL,NULL,NULL,NULL,NULL,NULL,NULL,NULL,NULL,18,21,NULL),(26,'Bacigalupo','Jack',NULL,NULL,NULL,NULL,NULL,NULL,NULL,NULL,NULL,NULL,NULL,NULL,NULL,NULL,NULL,19,21,NULL),(27,'Tassone','Joe',NULL,NULL,NULL,NULL,NULL,NULL,NULL,NULL,NULL,NULL,NULL,NULL,NULL,NULL,NULL,20,21,NULL);
/*!40000 ALTER TABLE `person` ENABLE KEYS */;
UNLOCK TABLES;

--
-- Table structure for table `primaryregistrant`
--

DROP TABLE IF EXISTS `primaryregistrant`;
/*!40101 SET @saved_cs_client     = @@character_set_client */;
/*!40101 SET character_set_client = utf8 */;
CREATE TABLE `primaryregistrant` (
  `ID` int(11) NOT NULL,
  `EPA_COMPANYNUMBER` varchar(6) DEFAULT NULL,
  `FK_ID_EPAMMS` int(11) NOT NULL,
  `FK_ID_ORGANIZATION` int(11) NOT NULL,
  PRIMARY KEY (`ID`),
  KEY `PRIMARYREGISTRANTFKIDORGA10318` (`FK_ID_ORGANIZATION`)
) ENGINE=InnoDB DEFAULT CHARSET=utf8;
/*!40101 SET character_set_client = @saved_cs_client */;

--
-- Dumping data for table `primaryregistrant`
--

LOCK TABLES `primaryregistrant` WRITE;
/*!40000 ALTER TABLE `primaryregistrant` DISABLE KEYS */;
INSERT INTO `primaryregistrant` VALUES (8,'12345',1,8),(9,NULL,1,10),(14,'444',1,19),(15,'10324',1,21);
/*!40000 ALTER TABLE `primaryregistrant` ENABLE KEYS */;
UNLOCK TABLES;

--
-- Table structure for table `primarysub`
--

DROP TABLE IF EXISTS `primarysub`;
/*!40101 SET @saved_cs_client     = @@character_set_client */;
/*!40101 SET character_set_client = utf8 */;
CREATE TABLE `primarysub` (
  `ID` int(11) NOT NULL,
  `FK_ID_PRIMARYREGISTRANT` int(11) NOT NULL,
  `FK_ID_SUBREGISTRANT` int(11) NOT NULL,
  PRIMARY KEY (`ID`),
  KEY `PRIMARYSUBFKIDPRIMARYREGI10294` (`FK_ID_PRIMARYREGISTRANT`),
  KEY `PRIMARYSUBFKIDSUBREGISTRA10465` (`FK_ID_SUBREGISTRANT`)
) ENGINE=InnoDB DEFAULT CHARSET=utf8;
/*!40101 SET character_set_client = @saved_cs_client */;

--
-- Dumping data for table `primarysub`
--

LOCK TABLES `primarysub` WRITE;
/*!40000 ALTER TABLE `primarysub` DISABLE KEYS */;
INSERT INTO `primarysub` VALUES (4,8,1),(6,14,6),(7,15,7);
/*!40000 ALTER TABLE `primarysub` ENABLE KEYS */;
UNLOCK TABLES;

--
-- Table structure for table `resumeobject`
--

DROP TABLE IF EXISTS `resumeobject`;
/*!40101 SET @saved_cs_client     = @@character_set_client */;
/*!40101 SET character_set_client = utf8 */;
CREATE TABLE `resumeobject` (
  `ID` int(11) NOT NULL,
  `LOD` varchar(64) DEFAULT NULL,
  `ENTITYNAME` varchar(64) DEFAULT NULL,
  `KEYATTRIBUTENAME` varchar(64) DEFAULT NULL,
  `KEYATTRIBUTEVALUE` int(11) DEFAULT NULL,
  `VIEWNAME` varchar(64) DEFAULT NULL,
  `FK_ID_RESUMEPATH` int(11) NOT NULL,
  UNIQUE KEY `URESUMEOBJECT_ID_1331770` (`ID`),
  KEY `RESUMEOBJECTFKIDRESUMEPATH134170` (`FK_ID_RESUMEPATH`)
) ENGINE=InnoDB DEFAULT CHARSET=utf8;
/*!40101 SET character_set_client = @saved_cs_client */;

--
-- Dumping data for table `resumeobject`
--

LOCK TABLES `resumeobject` WRITE;
/*!40000 ALTER TABLE `resumeobject` DISABLE KEYS */;
INSERT INTO `resumeobject` VALUES (136,'mSubreg','Subregistrant','ID',7,'mSubreg',2),(137,'mSPLDef','SubregPhysicalLabelDef','ID',6,'mSPLDef',2),(138,'mSubLC','SubregLabelContent','ID',7,'mSubLC',2),(139,'mSubProd','SubregProduct','ID',8,'mSubProd',2),(140,'mSubreg','Subregistrant','ID',7,'mSubreg',2),(141,'mSPLDef','SubregPhysicalLabelDef','ID',6,'mSPLDef',2),(142,'mSubLC','SubregLabelContent','ID',7,'mSubLC',2),(143,'mSubProd','SubregProduct','ID',8,'mSubProd',2),(144,'mSubreg','Subregistrant','ID',7,'mSubreg',2),(145,'mSPLDef','SubregPhysicalLabelDef','ID',6,'mSPLDef',2),(146,'mSubLC','SubregLabelContent','ID',7,'mSubLC',2),(147,'mSubProd','SubregProduct','ID',8,'mSubProd',2),(148,'mSubreg','Subregistrant','ID',7,'mSubreg',2),(149,'mSPLDef','SubregPhysicalLabelDef','ID',6,'mSPLDef',2),(150,'mSubLC','SubregLabelContent','ID',7,'mSubLC',2),(151,'mSubProd','SubregProduct','ID',8,'mSubProd',2),(152,'mSubreg','Subregistrant','ID',7,'mSubreg',2),(153,'mSPLDef','SubregPhysicalLabelDef','ID',6,'mSPLDef',2),(154,'mSubLC','SubregLabelContent','ID',7,'mSubLC',2),(155,'mSubProd','SubregProduct','ID',8,'mSubProd',2),(156,'mSubreg','Subregistrant','ID',7,'mSubreg',2),(157,'mSPLDef','SubregPhysicalLabelDef','ID',6,'mSPLDef',2),(158,'mSubLC','SubregLabelContent','ID',7,'mSubLC',2),(159,'mSubProd','SubregProduct','ID',8,'mSubProd',2),(160,'mSubreg','Subregistrant','ID',7,'mSubreg',2),(221,'mSPLDef','SubregPhysicalLabelDef','ID',5,'mSPLDef',1),(222,'mSubLC','SubregLabelContent','ID',6,'mSubLC',1),(223,'mSubProd','SubregProduct','ID',3,'mSubProd',1),(224,'mSubreg','Subregistrant','ID',1,'mSubreg',1),(225,'mSPLDef','SubregPhysicalLabelDef','ID',5,'mSPLDef',1),(226,'mSubLC','SubregLabelContent','ID',6,'mSubLC',1),(227,'mSubProd','SubregProduct','ID',3,'mSubProd',1),(228,'mSubreg','Subregistrant','ID',1,'mSubreg',1),(229,'mSPLDef','SubregPhysicalLabelDef','ID',5,'mSPLDef',1),(230,'mSubLC','SubregLabelContent','ID',6,'mSubLC',1),(231,'mSubProd','SubregProduct','ID',3,'mSubProd',1),(232,'mSubreg','Subregistrant','ID',1,'mSubreg',1),(233,'mSPLDef','SubregPhysicalLabelDef','ID',5,'mSPLDef',1),(234,'mSubLC','SubregLabelContent','ID',6,'mSubLC',1),(235,'mSubProd','SubregProduct','ID',3,'mSubProd',1),(236,'mSubreg','Subregistrant','ID',1,'mSubreg',1),(237,'mSPLDef','SubregPhysicalLabelDef','ID',5,'mSPLDef',1),(238,'mSubLC','SubregLabelContent','ID',6,'mSubLC',1),(239,'mSubProd','SubregProduct','ID',3,'mSubProd',1),(240,'mSubreg','Subregistrant','ID',1,'mSubreg',1),(241,'mSPLDef','SubregPhysicalLabelDef','ID',5,'mSPLDef',1),(242,'mSubLC','SubregLabelContent','ID',6,'mSubLC',1),(243,'mSubProd','SubregProduct','ID',3,'mSubProd',1),(244,'mSubreg','Subregistrant','ID',1,'mSubreg',1),(245,'mSPLDef','SubregPhysicalLabelDef','ID',5,'mSPLDef',1),(246,'mSubLC','SubregLabelContent','ID',6,'mSubLC',1),(247,'mSubProd','SubregProduct','ID',3,'mSubProd',1),(248,'mSubreg','Subregistrant','ID',1,'mSubreg',1),(249,'mSPLDef','SubregPhysicalLabelDef','ID',5,'mSPLDef',1),(250,'mSubLC','SubregLabelContent','ID',6,'mSubLC',1),(251,'mSubProd','SubregProduct','ID',3,'mSubProd',1),(252,'mSubreg','Subregistrant','ID',1,'mSubreg',1),(253,'mSPLDef','SubregPhysicalLabelDef','ID',5,'mSPLDef',1),(254,'mSubLC','SubregLabelContent','ID',6,'mSubLC',1),(255,'mSubProd','SubregProduct','ID',3,'mSubProd',1),(256,'mSubreg','Subregistrant','ID',1,'mSubreg',1),(257,'mSPLDef','SubregPhysicalLabelDef','ID',5,'mSPLDef',1),(258,'mSubLC','SubregLabelContent','ID',6,'mSubLC',1),(259,'mSubProd','SubregProduct','ID',3,'mSubProd',1),(260,'mSubreg','Subregistrant','ID',1,'mSubreg',1),(261,'mSPLDef','SubregPhysicalLabelDef','ID',5,'mSPLDef',1),(262,'mSubLC','SubregLabelContent','ID',6,'mSubLC',1),(263,'mSubProd','SubregProduct','ID',3,'mSubProd',1),(264,'mSubreg','Subregistrant','ID',1,'mSubreg',1),(265,'mSPLDef','SubregPhysicalLabelDef','ID',5,'mSPLDef',1),(266,'mSubLC','SubregLabelContent','ID',6,'mSubLC',1),(267,'mSubProd','SubregProduct','ID',3,'mSubProd',1),(268,'mSubreg','Subregistrant','ID',1,'mSubreg',1),(269,'mSPLDef','SubregPhysicalLabelDef','ID',3,'mSPLDef',1),(270,'mSubLC','SubregLabelContent','ID',4,'mSubLC',1),(271,'mSubProd','SubregProduct','ID',3,'mSubProd',1),(272,'mSubreg','Subregistrant','ID',1,'mSubreg',1),(273,'mSPLDef','SubregPhysicalLabelDef','ID',5,'mSPLDef',1),(274,'mSubLC','SubregLabelContent','ID',6,'mSubLC',1),(275,'mSubProd','SubregProduct','ID',3,'mSubProd',1),(276,'mSubreg','Subregistrant','ID',1,'mSubreg',1),(277,'mSPLDef','SubregPhysicalLabelDef','ID',21,'mSPLDef',1),(278,'mSubLC','SubregLabelContent','ID',15,'mSubLC',1),(279,'mSubProd','SubregProduct','ID',3,'mSubProd',1),(280,'mSubreg','Subregistrant','ID',1,'mSubreg',1),(281,'mSPLDef','SubregPhysicalLabelDef','ID',21,'mSPLDef',1),(282,'mSubLC','SubregLabelContent','ID',15,'mSubLC',1),(283,'mSubProd','SubregProduct','ID',3,'mSubProd',1),(284,'mSubreg','Subregistrant','ID',1,'mSubreg',1),(285,'mSPLDef','SubregPhysicalLabelDef','ID',21,'mSPLDef',1),(286,'mSubLC','SubregLabelContent','ID',15,'mSubLC',1),(287,'mSubProd','SubregProduct','ID',3,'mSubProd',1),(288,'mSubreg','Subregistrant','ID',1,'mSubreg',1),(289,'mSPLDef','SubregPhysicalLabelDef','ID',23,'mSPLDef',1),(290,'mSubLC','SubregLabelContent','ID',6,'mSubLC',1),(291,'mSubProd','SubregProduct','ID',3,'mSubProd',1),(292,'mSubreg','Subregistrant','ID',1,'mSubreg',1),(293,'mSPLDef','SubregPhysicalLabelDef','ID',3,'mSPLDef',1),(294,'mSubLC','SubregLabelContent','ID',4,'mSubLC',1),(295,'mSubProd','SubregProduct','ID',3,'mSubProd',1),(296,'mSubreg','Subregistrant','ID',1,'mSubreg',1),(297,'mSPLDef','SubregPhysicalLabelDef','ID',20,'mSPLDef',1),(298,'mSubLC','SubregLabelContent','ID',15,'mSubLC',1),(299,'mSubProd','SubregProduct','ID',3,'mSubProd',1),(300,'mSubreg','Subregistrant','ID',1,'mSubreg',1),(301,'mSPLDef','SubregPhysicalLabelDef','ID',5,'mSPLDef',1),(302,'mSubLC','SubregLabelContent','ID',6,'mSubLC',1),(303,'mSubProd','SubregProduct','ID',3,'mSubProd',1),(304,'mSubreg','Subregistrant','ID',1,'mSubreg',1),(305,'mSPLDef','SubregPhysicalLabelDef','ID',5,'mSPLDef',1),(306,'mSubLC','SubregLabelContent','ID',6,'mSubLC',1),(307,'mSubProd','SubregProduct','ID',3,'mSubProd',1),(308,'mSubreg','Subregistrant','ID',1,'mSubreg',1),(309,'mSPLDef','SubregPhysicalLabelDef','ID',5,'mSPLDef',1),(310,'mSubLC','SubregLabelContent','ID',6,'mSubLC',1),(311,'mSubProd','SubregProduct','ID',3,'mSubProd',1),(312,'mSubreg','Subregistrant','ID',1,'mSubreg',1),(313,'mSPLDef','SubregPhysicalLabelDef','ID',5,'mSPLDef',1),(314,'mSubLC','SubregLabelContent','ID',6,'mSubLC',1),(315,'mSubProd','SubregProduct','ID',3,'mSubProd',1),(316,'mSubreg','Subregistrant','ID',1,'mSubreg',1),(317,'mSPLDef','SubregPhysicalLabelDef','ID',25,'mSPLDef',1),(318,'mSubLC','SubregLabelContent','ID',19,'mSubLC',1),(319,'mSubProd','SubregProduct','ID',3,'mSubProd',1),(320,'mSubreg','Subregistrant','ID',1,'mSubreg',1),(321,'mSPLDef','SubregPhysicalLabelDef','ID',26,'mSPLDef',1),(322,'mSubLC','SubregLabelContent','ID',20,'mSubLC',1),(323,'mSubProd','SubregProduct','ID',3,'mSubProd',1),(324,'mSubreg','Subregistrant','ID',1,'mSubreg',1),(325,'mSPLDef','SubregPhysicalLabelDef','ID',5,'mSPLDef',1),(326,'mSubLC','SubregLabelContent','ID',6,'mSubLC',1),(327,'mSubProd','SubregProduct','ID',3,'mSubProd',1),(328,'mSubreg','Subregistrant','ID',1,'mSubreg',1),(329,'mSPLDef','SubregPhysicalLabelDef','ID',5,'mSPLDef',1),(330,'mSubLC','SubregLabelContent','ID',6,'mSubLC',1),(331,'mSubProd','SubregProduct','ID',3,'mSubProd',1),(332,'mSubreg','Subregistrant','ID',1,'mSubreg',1),(333,'mSPLDef','SubregPhysicalLabelDef','ID',5,'mSPLDef',1),(334,'mSubLC','SubregLabelContent','ID',6,'mSubLC',1),(335,'mSubProd','SubregProduct','ID',3,'mSubProd',1),(336,'mSubreg','Subregistrant','ID',1,'mSubreg',1),(337,'mSPLDef','SubregPhysicalLabelDef','ID',5,'mSPLDef',1),(338,'mSubLC','SubregLabelContent','ID',6,'mSubLC',1),(339,'mSubProd','SubregProduct','ID',3,'mSubProd',1),(340,'mSubreg','Subregistrant','ID',1,'mSubreg',1),(341,'mSPLDef','SubregPhysicalLabelDef','ID',5,'mSPLDef',1),(342,'mSubLC','SubregLabelContent','ID',6,'mSubLC',1),(343,'mSubProd','SubregProduct','ID',3,'mSubProd',1),(344,'mSubreg','Subregistrant','ID',1,'mSubreg',1),(345,'mSPLDef','SubregPhysicalLabelDef','ID',5,'mSPLDef',1),(346,'mSubLC','SubregLabelContent','ID',6,'mSubLC',1),(347,'mSubProd','SubregProduct','ID',3,'mSubProd',1),(348,'mSubreg','Subregistrant','ID',1,'mSubreg',1),(349,'mSPLDef','SubregPhysicalLabelDef','ID',5,'mSPLDef',1),(350,'mSubLC','SubregLabelContent','ID',6,'mSubLC',1),(351,'mSubProd','SubregProduct','ID',3,'mSubProd',1),(352,'mSubreg','Subregistrant','ID',1,'mSubreg',1),(353,'mSPLDef','SubregPhysicalLabelDef','ID',5,'mSPLDef',1),(354,'mSubLC','SubregLabelContent','ID',6,'mSubLC',1),(355,'mSubProd','SubregProduct','ID',3,'mSubProd',1),(356,'mSubreg','Subregistrant','ID',1,'mSubreg',1),(357,'mSPLDef','SubregPhysicalLabelDef','ID',5,'mSPLDef',1),(358,'mSubLC','SubregLabelContent','ID',6,'mSubLC',1),(359,'mSubProd','SubregProduct','ID',3,'mSubProd',1),(360,'mSubreg','Subregistrant','ID',1,'mSubreg',1),(361,'mSPLDef','SubregPhysicalLabelDef','ID',5,'mSPLDef',1),(362,'mSubLC','SubregLabelContent','ID',6,'mSubLC',1),(363,'mSubProd','SubregProduct','ID',3,'mSubProd',1),(364,'mSubreg','Subregistrant','ID',1,'mSubreg',1),(365,'mSPLDef','SubregPhysicalLabelDef','ID',5,'mSPLDef',1),(366,'mSubLC','SubregLabelContent','ID',6,'mSubLC',1),(367,'mSubProd','SubregProduct','ID',3,'mSubProd',1),(368,'mSubreg','Subregistrant','ID',1,'mSubreg',1),(369,'mSPLDef','SubregPhysicalLabelDef','ID',5,'mSPLDef',1),(370,'mSubLC','SubregLabelContent','ID',6,'mSubLC',1),(371,'mSubProd','SubregProduct','ID',3,'mSubProd',1),(372,'mSubreg','Subregistrant','ID',1,'mSubreg',1),(373,'mSPLDef','SubregPhysicalLabelDef','ID',5,'mSPLDef',1),(374,'mSubLC','SubregLabelContent','ID',6,'mSubLC',1),(375,'mSubProd','SubregProduct','ID',3,'mSubProd',1),(376,'mSubreg','Subregistrant','ID',1,'mSubreg',1),(377,'mSPLDef','SubregPhysicalLabelDef','ID',5,'mSPLDef',1),(378,'mSubLC','SubregLabelContent','ID',6,'mSubLC',1),(379,'mSubProd','SubregProduct','ID',3,'mSubProd',1),(380,'mSubreg','Subregistrant','ID',1,'mSubreg',1),(381,'mSPLDef','SubregPhysicalLabelDef','ID',5,'mSPLDef',1),(382,'mSubLC','SubregLabelContent','ID',6,'mSubLC',1),(383,'mSubProd','SubregProduct','ID',3,'mSubProd',1),(384,'mSubreg','Subregistrant','ID',1,'mSubreg',1),(385,'mSPLDef','SubregPhysicalLabelDef','ID',5,'mSPLDef',1),(386,'mSubLC','SubregLabelContent','ID',6,'mSubLC',1),(387,'mSubProd','SubregProduct','ID',3,'mSubProd',1),(388,'mSubreg','Subregistrant','ID',1,'mSubreg',1),(389,'mSPLDef','SubregPhysicalLabelDef','ID',5,'mSPLDef',1),(390,'mSubLC','SubregLabelContent','ID',6,'mSubLC',1),(391,'mSubProd','SubregProduct','ID',3,'mSubProd',1),(392,'mSubreg','Subregistrant','ID',1,'mSubreg',1),(393,'mSPLDef','SubregPhysicalLabelDef','ID',5,'mSPLDef',1),(394,'mSubLC','SubregLabelContent','ID',6,'mSubLC',1),(395,'mSubProd','SubregProduct','ID',3,'mSubProd',1),(396,'mSubreg','Subregistrant','ID',1,'mSubreg',1),(397,'mSPLDef','SubregPhysicalLabelDef','ID',5,'mSPLDef',1),(398,'mSubLC','SubregLabelContent','ID',6,'mSubLC',1),(399,'mSubProd','SubregProduct','ID',3,'mSubProd',1),(400,'mSubreg','Subregistrant','ID',1,'mSubreg',1),(401,'mSPLDef','SubregPhysicalLabelDef','ID',5,'mSPLDef',1),(402,'mSubLC','SubregLabelContent','ID',6,'mSubLC',1),(403,'mSubProd','SubregProduct','ID',3,'mSubProd',1),(404,'mSubreg','Subregistrant','ID',1,'mSubreg',1),(405,'mSPLDef','SubregPhysicalLabelDef','ID',5,'mSPLDef',1),(406,'mSubLC','SubregLabelContent','ID',6,'mSubLC',1),(407,'mSubProd','SubregProduct','ID',3,'mSubProd',1),(408,'mSubreg','Subregistrant','ID',1,'mSubreg',1),(409,'mSPLDef','SubregPhysicalLabelDef','ID',5,'mSPLDef',1),(410,'mSubLC','SubregLabelContent','ID',6,'mSubLC',1),(411,'mSubProd','SubregProduct','ID',3,'mSubProd',1),(412,'mSubreg','Subregistrant','ID',1,'mSubreg',1),(413,'mSPLDef','SubregPhysicalLabelDef','ID',5,'mSPLDef',1),(414,'mSubLC','SubregLabelContent','ID',6,'mSubLC',1),(415,'mSubProd','SubregProduct','ID',3,'mSubProd',1),(416,'mSubreg','Subregistrant','ID',1,'mSubreg',1),(417,'mSPLDef','SubregPhysicalLabelDef','ID',5,'mSPLDef',1),(418,'mSubLC','SubregLabelContent','ID',6,'mSubLC',1),(419,'mSubProd','SubregProduct','ID',3,'mSubProd',1),(420,'mSubreg','Subregistrant','ID',1,'mSubreg',1),(421,'mSPLDef','SubregPhysicalLabelDef','ID',5,'mSPLDef',1),(422,'mSubLC','SubregLabelContent','ID',6,'mSubLC',1),(423,'mSubProd','SubregProduct','ID',3,'mSubProd',1),(424,'mSubreg','Subregistrant','ID',1,'mSubreg',1),(425,'mSPLDef','SubregPhysicalLabelDef','ID',5,'mSPLDef',1),(426,'mSubLC','SubregLabelContent','ID',6,'mSubLC',1),(427,'mSubProd','SubregProduct','ID',3,'mSubProd',1),(428,'mSubreg','Subregistrant','ID',1,'mSubreg',1),(429,'mSPLDef','SubregPhysicalLabelDef','ID',5,'mSPLDef',1),(430,'mSubLC','SubregLabelContent','ID',6,'mSubLC',1),(431,'mSubProd','SubregProduct','ID',3,'mSubProd',1),(432,'mSubreg','Subregistrant','ID',1,'mSubreg',1),(433,'mSPLDef','SubregPhysicalLabelDef','ID',5,'mSPLDef',1),(434,'mSubLC','SubregLabelContent','ID',6,'mSubLC',1),(435,'mSubProd','SubregProduct','ID',3,'mSubProd',1),(436,'mSubreg','Subregistrant','ID',1,'mSubreg',1),(437,'mSPLDef','SubregPhysicalLabelDef','ID',5,'mSPLDef',1),(438,'mSubLC','SubregLabelContent','ID',6,'mSubLC',1),(439,'mSubProd','SubregProduct','ID',3,'mSubProd',1),(440,'mSubreg','Subregistrant','ID',1,'mSubreg',1),(441,'mSPLDef','SubregPhysicalLabelDef','ID',5,'mSPLDef',1),(442,'mSubLC','SubregLabelContent','ID',6,'mSubLC',1),(443,'mSubProd','SubregProduct','ID',3,'mSubProd',1),(444,'mSubreg','Subregistrant','ID',1,'mSubreg',1),(445,'mSPLDef','SubregPhysicalLabelDef','ID',5,'mSPLDef',1),(446,'mSubLC','SubregLabelContent','ID',6,'mSubLC',1),(447,'mSubProd','SubregProduct','ID',3,'mSubProd',1),(448,'mSubreg','Subregistrant','ID',1,'mSubreg',1),(449,'mSPLDef','SubregPhysicalLabelDef','ID',5,'mSPLDef',1),(450,'mSubLC','SubregLabelContent','ID',6,'mSubLC',1),(451,'mSubProd','SubregProduct','ID',3,'mSubProd',1),(452,'mSubreg','Subregistrant','ID',1,'mSubreg',1),(453,'mSPLDef','SubregPhysicalLabelDef','ID',5,'mSPLDef',1),(454,'mSubLC','SubregLabelContent','ID',6,'mSubLC',1),(455,'mSubProd','SubregProduct','ID',3,'mSubProd',1),(456,'mSubreg','Subregistrant','ID',1,'mSubreg',1),(457,'mSPLDef','SubregPhysicalLabelDef','ID',5,'mSPLDef',1),(458,'mSubLC','SubregLabelContent','ID',6,'mSubLC',1),(459,'mSubProd','SubregProduct','ID',3,'mSubProd',1),(460,'mSubreg','Subregistrant','ID',1,'mSubreg',1),(461,'mSPLDef','SubregPhysicalLabelDef','ID',5,'mSPLDef',1),(462,'mSubLC','SubregLabelContent','ID',6,'mSubLC',1),(463,'mSubProd','SubregProduct','ID',3,'mSubProd',1),(464,'mSubreg','Subregistrant','ID',1,'mSubreg',1),(465,'mSPLDef','SubregPhysicalLabelDef','ID',31,'mSPLDef',1),(466,'mSubLC','SubregLabelContent','ID',6,'mSubLC',1),(467,'mSubProd','SubregProduct','ID',3,'mSubProd',1),(468,'mSubreg','Subregistrant','ID',1,'mSubreg',1),(469,'mSPLDef','SubregPhysicalLabelDef','ID',5,'mSPLDef',1),(470,'mSubLC','SubregLabelContent','ID',6,'mSubLC',1),(471,'mSubProd','SubregProduct','ID',3,'mSubProd',1),(472,'mSubreg','Subregistrant','ID',1,'mSubreg',1),(473,'mSPLDef','SubregPhysicalLabelDef','ID',5,'mSPLDef',1),(474,'mSubLC','SubregLabelContent','ID',6,'mSubLC',1),(475,'mSubProd','SubregProduct','ID',3,'mSubProd',1),(476,'mSubreg','Subregistrant','ID',1,'mSubreg',1),(477,'mSPLDef','SubregPhysicalLabelDef','ID',5,'mSPLDef',1),(478,'mSubLC','SubregLabelContent','ID',6,'mSubLC',1),(479,'mSubProd','SubregProduct','ID',3,'mSubProd',1),(480,'mSubreg','Subregistrant','ID',1,'mSubreg',1),(481,'mSPLDef','SubregPhysicalLabelDef','ID',5,'mSPLDef',1),(482,'mSubLC','SubregLabelContent','ID',6,'mSubLC',1),(483,'mSubProd','SubregProduct','ID',3,'mSubProd',1),(484,'mSubreg','Subregistrant','ID',1,'mSubreg',1),(485,'mSPLDef','SubregPhysicalLabelDef','ID',31,'mSPLDef',1),(486,'mSubLC','SubregLabelContent','ID',6,'mSubLC',1),(487,'mSubProd','SubregProduct','ID',3,'mSubProd',1),(488,'mSubreg','Subregistrant','ID',1,'mSubreg',1),(489,'mSPLDef','SubregPhysicalLabelDef','ID',5,'mSPLDef',1),(490,'mSubLC','SubregLabelContent','ID',6,'mSubLC',1),(491,'mSubProd','SubregProduct','ID',3,'mSubProd',1),(492,'mSubreg','Subregistrant','ID',1,'mSubreg',1),(493,'mSPLDef','SubregPhysicalLabelDef','ID',5,'mSPLDef',1),(494,'mSubLC','SubregLabelContent','ID',6,'mSubLC',1),(495,'mSubProd','SubregProduct','ID',3,'mSubProd',1),(496,'mSubreg','Subregistrant','ID',1,'mSubreg',1),(497,'mSPLDef','SubregPhysicalLabelDef','ID',31,'mSPLDef',1),(498,'mSubLC','SubregLabelContent','ID',6,'mSubLC',1),(499,'mSubProd','SubregProduct','ID',3,'mSubProd',1),(500,'mSubreg','Subregistrant','ID',1,'mSubreg',1),(501,'mSPLDef','SubregPhysicalLabelDef','ID',31,'mSPLDef',1),(502,'mSubLC','SubregLabelContent','ID',6,'mSubLC',1),(503,'mSubProd','SubregProduct','ID',3,'mSubProd',1),(504,'mSubreg','Subregistrant','ID',1,'mSubreg',1),(505,'mSPLDef','SubregPhysicalLabelDef','ID',31,'mSPLDef',1),(506,'mSubLC','SubregLabelContent','ID',6,'mSubLC',1),(507,'mSubProd','SubregProduct','ID',3,'mSubProd',1),(508,'mSubreg','Subregistrant','ID',1,'mSubreg',1),(509,'mSPLDef','SubregPhysicalLabelDef','ID',5,'mSPLDef',1),(510,'mSubLC','SubregLabelContent','ID',6,'mSubLC',1),(511,'mSubProd','SubregProduct','ID',3,'mSubProd',1),(512,'mSubreg','Subregistrant','ID',1,'mSubreg',1),(513,'mSPLDef','SubregPhysicalLabelDef','ID',5,'mSPLDef',1),(514,'mSubLC','SubregLabelContent','ID',6,'mSubLC',1),(515,'mSubProd','SubregProduct','ID',3,'mSubProd',1),(516,'mSubreg','Subregistrant','ID',1,'mSubreg',1),(517,'mSPLDef','SubregPhysicalLabelDef','ID',5,'mSPLDef',1),(518,'mSubLC','SubregLabelContent','ID',6,'mSubLC',1),(519,'mSubProd','SubregProduct','ID',3,'mSubProd',1),(520,'mSubreg','Subregistrant','ID',1,'mSubreg',1),(521,'mSPLDef','SubregPhysicalLabelDef','ID',5,'mSPLDef',1),(522,'mSubLC','SubregLabelContent','ID',6,'mSubLC',1),(523,'mSubProd','SubregProduct','ID',3,'mSubProd',1),(524,'mSubreg','Subregistrant','ID',1,'mSubreg',1),(525,'mSPLDef','SubregPhysicalLabelDef','ID',5,'mSPLDef',1),(526,'mSubLC','SubregLabelContent','ID',6,'mSubLC',1),(527,'mSubProd','SubregProduct','ID',3,'mSubProd',1),(528,'mSubreg','Subregistrant','ID',1,'mSubreg',1),(529,'mSPLDef','SubregPhysicalLabelDef','ID',5,'mSPLDef',1),(530,'mSubLC','SubregLabelContent','ID',6,'mSubLC',1),(531,'mSubProd','SubregProduct','ID',3,'mSubProd',1),(532,'mSubreg','Subregistrant','ID',1,'mSubreg',1),(533,'mSPLDef','SubregPhysicalLabelDef','ID',5,'mSPLDef',1),(534,'mSubLC','SubregLabelContent','ID',6,'mSubLC',1),(535,'mSubProd','SubregProduct','ID',3,'mSubProd',1),(536,'mSubreg','Subregistrant','ID',1,'mSubreg',1),(537,'mSPLDef','SubregPhysicalLabelDef','ID',36,'mSPLDef',1),(538,'mSubLC','SubregLabelContent','ID',27,'mSubLC',1),(539,'mSubProd','SubregProduct','ID',3,'mSubProd',1),(540,'mSubreg','Subregistrant','ID',1,'mSubreg',1),(541,'mSPLDef','SubregPhysicalLabelDef','ID',5,'mSPLDef',1),(542,'mSubLC','SubregLabelContent','ID',6,'mSubLC',1),(543,'mSubProd','SubregProduct','ID',3,'mSubProd',1),(544,'mSubreg','Subregistrant','ID',1,'mSubreg',1),(545,'mSPLDef','SubregPhysicalLabelDef','ID',5,'mSPLDef',1),(546,'mSubLC','SubregLabelContent','ID',6,'mSubLC',1),(547,'mSubProd','SubregProduct','ID',3,'mSubProd',1),(548,'mSubreg','Subregistrant','ID',1,'mSubreg',1),(549,'mSPLDef','SubregPhysicalLabelDef','ID',5,'mSPLDef',1),(550,'mSubLC','SubregLabelContent','ID',6,'mSubLC',1),(551,'mSubProd','SubregProduct','ID',3,'mSubProd',1),(552,'mSubreg','Subregistrant','ID',1,'mSubreg',1),(553,'mSPLDef','SubregPhysicalLabelDef','ID',5,'mSPLDef',1),(554,'mSubLC','SubregLabelContent','ID',6,'mSubLC',1),(555,'mSubProd','SubregProduct','ID',3,'mSubProd',1),(556,'mSubreg','Subregistrant','ID',1,'mSubreg',1),(557,'mSPLDef','SubregPhysicalLabelDef','ID',39,'mSPLDef',1),(558,'mSubLC','SubregLabelContent','ID',29,'mSubLC',1),(559,'mSubProd','SubregProduct','ID',3,'mSubProd',1),(560,'mSubreg','Subregistrant','ID',1,'mSubreg',1),(561,'mSPLDef','SubregPhysicalLabelDef','ID',5,'mSPLDef',1),(562,'mSubLC','SubregLabelContent','ID',6,'mSubLC',1),(563,'mSubProd','SubregProduct','ID',3,'mSubProd',1),(564,'mSubreg','Subregistrant','ID',1,'mSubreg',1),(565,'mSPLDef','SubregPhysicalLabelDef','ID',5,'mSPLDef',1),(566,'mSubLC','SubregLabelContent','ID',6,'mSubLC',1),(567,'mSubProd','SubregProduct','ID',3,'mSubProd',1),(568,'mSubreg','Subregistrant','ID',1,'mSubreg',1),(569,'mSPLDef','SubregPhysicalLabelDef','ID',5,'mSPLDef',1),(570,'mSubLC','SubregLabelContent','ID',6,'mSubLC',1),(571,'mSubProd','SubregProduct','ID',3,'mSubProd',1),(572,'mSubreg','Subregistrant','ID',1,'mSubreg',1),(573,'mSPLDef','SubregPhysicalLabelDef','ID',5,'mSPLDef',1),(574,'mSubLC','SubregLabelContent','ID',6,'mSubLC',1),(575,'mSubProd','SubregProduct','ID',3,'mSubProd',1),(576,'mSubreg','Subregistrant','ID',1,'mSubreg',1),(577,'mSPLDef','SubregPhysicalLabelDef','ID',5,'mSPLDef',1),(578,'mSubLC','SubregLabelContent','ID',6,'mSubLC',1),(579,'mSubProd','SubregProduct','ID',3,'mSubProd',1),(580,'mSubreg','Subregistrant','ID',1,'mSubreg',1),(581,'mSPLDef','SubregPhysicalLabelDef','ID',5,'mSPLDef',1),(582,'mSubLC','SubregLabelContent','ID',6,'mSubLC',1),(583,'mSubProd','SubregProduct','ID',3,'mSubProd',1),(584,'mSubreg','Subregistrant','ID',1,'mSubreg',1),(585,'mSPLDef','SubregPhysicalLabelDef','ID',5,'mSPLDef',1),(586,'mSubLC','SubregLabelContent','ID',6,'mSubLC',1),(587,'mSubProd','SubregProduct','ID',3,'mSubProd',1),(588,'mSubreg','Subregistrant','ID',1,'mSubreg',1),(589,'mSPLDef','SubregPhysicalLabelDef','ID',5,'mSPLDef',1),(590,'mSubLC','SubregLabelContent','ID',6,'mSubLC',1),(591,'mSubProd','SubregProduct','ID',3,'mSubProd',1),(592,'mSubreg','Subregistrant','ID',1,'mSubreg',1),(593,'mSPLDef','SubregPhysicalLabelDef','ID',5,'mSPLDef',1),(594,'mSubLC','SubregLabelContent','ID',6,'mSubLC',1),(595,'mSubProd','SubregProduct','ID',3,'mSubProd',1),(596,'mSubreg','Subregistrant','ID',1,'mSubreg',1),(597,'mSPLDef','SubregPhysicalLabelDef','ID',5,'mSPLDef',1),(598,'mSubLC','SubregLabelContent','ID',6,'mSubLC',1),(599,'mSubProd','SubregProduct','ID',3,'mSubProd',1),(600,'mSubreg','Subregistrant','ID',1,'mSubreg',1),(601,'mSPLDef','SubregPhysicalLabelDef','ID',5,'mSPLDef',1),(602,'mSubLC','SubregLabelContent','ID',6,'mSubLC',1),(603,'mSubProd','SubregProduct','ID',3,'mSubProd',1),(604,'mSubreg','Subregistrant','ID',1,'mSubreg',1),(605,'mSPLDef','SubregPhysicalLabelDef','ID',5,'mSPLDef',1),(606,'mSubLC','SubregLabelContent','ID',6,'mSubLC',1),(607,'mSubProd','SubregProduct','ID',3,'mSubProd',1),(608,'mSubreg','Subregistrant','ID',1,'mSubreg',1),(609,'mSPLDef','SubregPhysicalLabelDef','ID',5,'mSPLDef',1),(610,'mSubLC','SubregLabelContent','ID',6,'mSubLC',1),(611,'mSubProd','SubregProduct','ID',3,'mSubProd',1),(612,'mSubreg','Subregistrant','ID',1,'mSubreg',1),(613,'mSPLDef','SubregPhysicalLabelDef','ID',5,'mSPLDef',1),(614,'mSubLC','SubregLabelContent','ID',6,'mSubLC',1),(615,'mSubProd','SubregProduct','ID',3,'mSubProd',1),(616,'mSubreg','Subregistrant','ID',1,'mSubreg',1),(617,'mSPLDef','SubregPhysicalLabelDef','ID',5,'mSPLDef',1),(618,'mSubLC','SubregLabelContent','ID',6,'mSubLC',1),(619,'mSubProd','SubregProduct','ID',3,'mSubProd',1),(620,'mSubreg','Subregistrant','ID',1,'mSubreg',1),(621,'mSPLDef','SubregPhysicalLabelDef','ID',31,'mSPLDef',1),(622,'mSubLC','SubregLabelContent','ID',6,'mSubLC',1),(623,'mSubProd','SubregProduct','ID',3,'mSubProd',1),(624,'mSubreg','Subregistrant','ID',1,'mSubreg',1),(625,'mSPLDef','SubregPhysicalLabelDef','ID',31,'mSPLDef',1),(626,'mSubLC','SubregLabelContent','ID',6,'mSubLC',1),(627,'mSubProd','SubregProduct','ID',3,'mSubProd',1),(628,'mSubreg','Subregistrant','ID',1,'mSubreg',1),(629,'mSPLDef','SubregPhysicalLabelDef','ID',5,'mSPLDef',1),(630,'mSubLC','SubregLabelContent','ID',6,'mSubLC',1),(631,'mSubProd','SubregProduct','ID',3,'mSubProd',1),(632,'mSubreg','Subregistrant','ID',1,'mSubreg',1),(633,'mSPLDef','SubregPhysicalLabelDef','ID',31,'mSPLDef',1),(634,'mSubLC','SubregLabelContent','ID',6,'mSubLC',1),(635,'mSubProd','SubregProduct','ID',3,'mSubProd',1),(636,'mSubreg','Subregistrant','ID',1,'mSubreg',1),(637,'mSPLDef','SubregPhysicalLabelDef','ID',5,'mSPLDef',1),(638,'mSubLC','SubregLabelContent','ID',6,'mSubLC',1),(639,'mSubProd','SubregProduct','ID',3,'mSubProd',1),(640,'mSubreg','Subregistrant','ID',1,'mSubreg',1),(641,'mSPLDef','SubregPhysicalLabelDef','ID',5,'mSPLDef',1),(642,'mSubLC','SubregLabelContent','ID',6,'mSubLC',1),(643,'mSubProd','SubregProduct','ID',3,'mSubProd',1),(644,'mSubreg','Subregistrant','ID',1,'mSubreg',1),(645,'mSPLDef','SubregPhysicalLabelDef','ID',31,'mSPLDef',1),(646,'mSubLC','SubregLabelContent','ID',6,'mSubLC',1),(647,'mSubProd','SubregProduct','ID',3,'mSubProd',1),(648,'mSubreg','Subregistrant','ID',1,'mSubreg',1),(649,'mSPLDef','SubregPhysicalLabelDef','ID',5,'mSPLDef',1),(650,'mSubLC','SubregLabelContent','ID',6,'mSubLC',1),(651,'mSubProd','SubregProduct','ID',3,'mSubProd',1),(652,'mSubreg','Subregistrant','ID',1,'mSubreg',1),(653,'mSPLDef','SubregPhysicalLabelDef','ID',5,'mSPLDef',1),(654,'mSubLC','SubregLabelContent','ID',6,'mSubLC',1),(655,'mSubProd','SubregProduct','ID',3,'mSubProd',1),(656,'mSubreg','Subregistrant','ID',1,'mSubreg',1),(657,'mSPLDef','SubregPhysicalLabelDef','ID',5,'mSPLDef',1),(658,'mSubLC','SubregLabelContent','ID',6,'mSubLC',1),(659,'mSubProd','SubregProduct','ID',3,'mSubProd',1),(660,'mSubreg','Subregistrant','ID',1,'mSubreg',1),(661,'mSPLDef','SubregPhysicalLabelDef','ID',5,'mSPLDef',1),(662,'mSubLC','SubregLabelContent','ID',6,'mSubLC',1),(663,'mSubProd','SubregProduct','ID',3,'mSubProd',1),(664,'mSubreg','Subregistrant','ID',1,'mSubreg',1),(665,'mSPLDef','SubregPhysicalLabelDef','ID',5,'mSPLDef',1),(666,'mSubLC','SubregLabelContent','ID',6,'mSubLC',1),(667,'mSubProd','SubregProduct','ID',3,'mSubProd',1),(668,'mSubreg','Subregistrant','ID',1,'mSubreg',1),(669,'mSPLDef','SubregPhysicalLabelDef','ID',5,'mSPLDef',1),(670,'mSubLC','SubregLabelContent','ID',6,'mSubLC',1),(671,'mSubProd','SubregProduct','ID',3,'mSubProd',1),(672,'mSubreg','Subregistrant','ID',1,'mSubreg',1),(673,'mSPLDef','SubregPhysicalLabelDef','ID',5,'mSPLDef',1),(674,'mSubLC','SubregLabelContent','ID',6,'mSubLC',1),(675,'mSubProd','SubregProduct','ID',3,'mSubProd',1),(676,'mSubreg','Subregistrant','ID',1,'mSubreg',1),(677,'mSPLDef','SubregPhysicalLabelDef','ID',31,'mSPLDef',1),(678,'mSubLC','SubregLabelContent','ID',6,'mSubLC',1),(679,'mSubProd','SubregProduct','ID',3,'mSubProd',1),(680,'mSubreg','Subregistrant','ID',1,'mSubreg',1),(681,'mSPLDef','SubregPhysicalLabelDef','ID',42,'mSPLDef',1),(682,'mSubLC','SubregLabelContent','ID',6,'mSubLC',1),(683,'mSubProd','SubregProduct','ID',3,'mSubProd',1),(684,'mSubreg','Subregistrant','ID',1,'mSubreg',1),(685,'mSPLDef','SubregPhysicalLabelDef','ID',5,'mSPLDef',1),(686,'mSubLC','SubregLabelContent','ID',6,'mSubLC',1),(687,'mSubProd','SubregProduct','ID',3,'mSubProd',1),(688,'mSubreg','Subregistrant','ID',1,'mSubreg',1),(689,'mSPLDef','SubregPhysicalLabelDef','ID',5,'mSPLDef',1),(690,'mSubLC','SubregLabelContent','ID',6,'mSubLC',1),(691,'mSubProd','SubregProduct','ID',3,'mSubProd',1),(692,'mSubreg','Subregistrant','ID',1,'mSubreg',1),(693,'mSPLDef','SubregPhysicalLabelDef','ID',5,'mSPLDef',1),(694,'mSubLC','SubregLabelContent','ID',6,'mSubLC',1),(695,'mSubProd','SubregProduct','ID',3,'mSubProd',1),(696,'mSubreg','Subregistrant','ID',1,'mSubreg',1),(697,'mSPLDef','SubregPhysicalLabelDef','ID',42,'mSPLDef',1),(698,'mSubLC','SubregLabelContent','ID',6,'mSubLC',1),(699,'mSubProd','SubregProduct','ID',3,'mSubProd',1),(700,'mSubreg','Subregistrant','ID',1,'mSubreg',1),(701,'mSPLDef','SubregPhysicalLabelDef','ID',5,'mSPLDef',1),(702,'mSubLC','SubregLabelContent','ID',6,'mSubLC',1),(703,'mSubProd','SubregProduct','ID',3,'mSubProd',1),(704,'mSubreg','Subregistrant','ID',1,'mSubreg',1),(705,'mSPLDef','SubregPhysicalLabelDef','ID',42,'mSPLDef',1),(706,'mSubLC','SubregLabelContent','ID',6,'mSubLC',1),(707,'mSubProd','SubregProduct','ID',3,'mSubProd',1),(708,'mSubreg','Subregistrant','ID',1,'mSubreg',1),(709,'mSPLDef','SubregPhysicalLabelDef','ID',42,'mSPLDef',1),(710,'mSubLC','SubregLabelContent','ID',6,'mSubLC',1),(711,'mSubProd','SubregProduct','ID',3,'mSubProd',1),(712,'mSubreg','Subregistrant','ID',1,'mSubreg',1),(713,'mSPLDef','SubregPhysicalLabelDef','ID',42,'mSPLDef',1),(714,'mSubLC','SubregLabelContent','ID',6,'mSubLC',1),(715,'mSubProd','SubregProduct','ID',3,'mSubProd',1),(716,'mSubreg','Subregistrant','ID',1,'mSubreg',1),(717,'mSPLDef','SubregPhysicalLabelDef','ID',5,'mSPLDef',1),(718,'mSubLC','SubregLabelContent','ID',6,'mSubLC',1),(719,'mSubProd','SubregProduct','ID',3,'mSubProd',1),(720,'mSubreg','Subregistrant','ID',1,'mSubreg',1),(721,'mSPLDef','SubregPhysicalLabelDef','ID',44,'mSPLDef',1),(722,'mSubLC','SubregLabelContent','ID',6,'mSubLC',1),(723,'mSubProd','SubregProduct','ID',3,'mSubProd',1),(724,'mSubreg','Subregistrant','ID',1,'mSubreg',1),(725,'mSPLDef','SubregPhysicalLabelDef','ID',5,'mSPLDef',1),(726,'mSubLC','SubregLabelContent','ID',6,'mSubLC',1),(727,'mSubProd','SubregProduct','ID',3,'mSubProd',1),(728,'mSubreg','Subregistrant','ID',1,'mSubreg',1),(729,'mSPLDef','SubregPhysicalLabelDef','ID',5,'mSPLDef',1),(730,'mSubLC','SubregLabelContent','ID',6,'mSubLC',1),(731,'mSubProd','SubregProduct','ID',3,'mSubProd',1),(732,'mSubreg','Subregistrant','ID',1,'mSubreg',1),(733,'mSPLDef','SubregPhysicalLabelDef','ID',5,'mSPLDef',1),(734,'mSubLC','SubregLabelContent','ID',6,'mSubLC',1),(735,'mSubProd','SubregProduct','ID',3,'mSubProd',1),(736,'mSubreg','Subregistrant','ID',1,'mSubreg',1),(737,'mSPLDef','SubregPhysicalLabelDef','ID',5,'mSPLDef',1),(738,'mSubLC','SubregLabelContent','ID',6,'mSubLC',1),(739,'mSubProd','SubregProduct','ID',3,'mSubProd',1),(740,'mSubreg','Subregistrant','ID',1,'mSubreg',1),(741,'mSPLDef','SubregPhysicalLabelDef','ID',5,'mSPLDef',1),(742,'mSubLC','SubregLabelContent','ID',6,'mSubLC',1),(743,'mSubProd','SubregProduct','ID',3,'mSubProd',1),(744,'mSubreg','Subregistrant','ID',1,'mSubreg',1),(745,'mSPLDef','SubregPhysicalLabelDef','ID',54,'mSPLDef',1),(746,'mSubLC','SubregLabelContent','ID',6,'mSubLC',1),(747,'mSubProd','SubregProduct','ID',3,'mSubProd',1),(748,'mSubreg','Subregistrant','ID',1,'mSubreg',1),(749,'mSPLDef','SubregPhysicalLabelDef','ID',5,'mSPLDef',1),(750,'mSubLC','SubregLabelContent','ID',6,'mSubLC',1),(751,'mSubProd','SubregProduct','ID',3,'mSubProd',1),(752,'mSubreg','Subregistrant','ID',1,'mSubreg',1),(753,'mSPLDef','SubregPhysicalLabelDef','ID',5,'mSPLDef',1),(754,'mSubLC','SubregLabelContent','ID',6,'mSubLC',1),(755,'mSubProd','SubregProduct','ID',3,'mSubProd',1),(756,'mSubreg','Subregistrant','ID',1,'mSubreg',1),(757,'mSPLDef','SubregPhysicalLabelDef','ID',5,'mSPLDef',1),(758,'mSubLC','SubregLabelContent','ID',6,'mSubLC',1),(759,'mSubProd','SubregProduct','ID',3,'mSubProd',1),(760,'mSubreg','Subregistrant','ID',1,'mSubreg',1),(761,'mSPLDef','SubregPhysicalLabelDef','ID',5,'mSPLDef',1),(762,'mSubLC','SubregLabelContent','ID',6,'mSubLC',1),(763,'mSubProd','SubregProduct','ID',3,'mSubProd',1),(764,'mSubreg','Subregistrant','ID',1,'mSubreg',1),(765,'mSPLDef','SubregPhysicalLabelDef','ID',5,'mSPLDef',1),(766,'mSubLC','SubregLabelContent','ID',6,'mSubLC',1),(767,'mSubProd','SubregProduct','ID',3,'mSubProd',1),(768,'mSubreg','Subregistrant','ID',1,'mSubreg',1),(769,'mSPLDef','SubregPhysicalLabelDef','ID',5,'mSPLDef',1),(770,'mSubLC','SubregLabelContent','ID',6,'mSubLC',1),(771,'mSubProd','SubregProduct','ID',3,'mSubProd',1),(772,'mSubreg','Subregistrant','ID',1,'mSubreg',1),(773,'mSPLDef','SubregPhysicalLabelDef','ID',5,'mSPLDef',1),(774,'mSubLC','SubregLabelContent','ID',6,'mSubLC',1),(775,'mSubProd','SubregProduct','ID',3,'mSubProd',1),(776,'mSubreg','Subregistrant','ID',1,'mSubreg',1),(777,'mSPLDef','SubregPhysicalLabelDef','ID',56,'mSPLDef',1),(778,'mSubLC','SubregLabelContent','ID',6,'mSubLC',1),(779,'mSubProd','SubregProduct','ID',3,'mSubProd',1),(780,'mSubreg','Subregistrant','ID',1,'mSubreg',1),(781,'mSPLDef','SubregPhysicalLabelDef','ID',56,'mSPLDef',1),(782,'mSubLC','SubregLabelContent','ID',6,'mSubLC',1),(783,'mSubProd','SubregProduct','ID',3,'mSubProd',1),(784,'mSubreg','Subregistrant','ID',1,'mSubreg',1),(785,'mSPLDef','SubregPhysicalLabelDef','ID',5,'mSPLDef',1),(786,'mSubLC','SubregLabelContent','ID',6,'mSubLC',1),(787,'mSubProd','SubregProduct','ID',3,'mSubProd',1),(788,'mSubreg','Subregistrant','ID',1,'mSubreg',1);
/*!40000 ALTER TABLE `resumeobject` ENABLE KEYS */;
UNLOCK TABLES;

--
-- Table structure for table `resumepath`
--

DROP TABLE IF EXISTS `resumepath`;
/*!40101 SET @saved_cs_client     = @@character_set_client */;
/*!40101 SET character_set_client = utf8 */;
CREATE TABLE `resumepath` (
  `ID` int(11) NOT NULL,
  `DIALOGWINDOW` varchar(64) DEFAULT NULL,
  `FK_ID_Z_USER` int(11) NOT NULL,
  UNIQUE KEY `URESUMEPATH_ID_1340900` (`ID`),
  KEY `RESUMEPATH_FK_ID_Z_USER_1341710` (`FK_ID_Z_USER`)
) ENGINE=InnoDB DEFAULT CHARSET=utf8;
/*!40101 SET character_set_client = @saved_cs_client */;

--
-- Dumping data for table `resumepath`
--

LOCK TABLES `resumepath` WRITE;
/*!40000 ALTER TABLE `resumepath` DISABLE KEYS */;
INSERT INTO `resumepath` VALUES (1,'wSPLDGraphicalView',2),(2,'wSPLDGraphicalView',5);
/*!40000 ALTER TABLE `resumepath` ENABLE KEYS */;
UNLOCK TABLES;

--
-- Table structure for table `reusableblockdefinition`
--

DROP TABLE IF EXISTS `reusableblockdefinition`;
/*!40101 SET @saved_cs_client     = @@character_set_client */;
/*!40101 SET character_set_client = utf8 */;
CREATE TABLE `reusableblockdefinition` (
  `ID` int(11) NOT NULL,
  `NAME` varchar(128) NOT NULL,
  `DESCRIPTION` longtext,
  `LLD_SECTIONTYPE` varchar(32) DEFAULT NULL,
  `FK_ID_SUBREGISTRANT` int(11) NOT NULL,
  `FK_ID_LLD_BLOCK` int(11) NOT NULL,
  UNIQUE KEY `UREUSABLEBLOCKDEFINITION_ID51467` (`ID`),
  KEY `REUSABLEBLOCKDEFINITIONFKID51986` (`FK_ID_SUBREGISTRANT`),
  KEY `REUSABLEBLOCKDEFINITIONFKID51987` (`FK_ID_LLD_BLOCK`)
) ENGINE=InnoDB DEFAULT CHARSET=utf8;
/*!40101 SET character_set_client = @saved_cs_client */;

--
-- Dumping data for table `reusableblockdefinition`
--

LOCK TABLES `reusableblockdefinition` WRITE;
/*!40000 ALTER TABLE `reusableblockdefinition` DISABLE KEYS */;
INSERT INTO `reusableblockdefinition` VALUES (21,'Combined Titles','The Statement Titles are combined in the same paragraph as the Statement Text.','DirectionsForUse',1,2137),(22,'Separate Titles in Red','The Statement Titles are displayed on a separate line from the Statement Text and are shown in red. The Directions for Use header is also displayed in red.','DirectionsForUse',1,2141),(23,'Separate Titles in Black','The Statement Titles are displayed on a separate line from the Statement Text and are shown in black.','DirectionsForUse',1,2560);
/*!40000 ALTER TABLE `reusableblockdefinition` ENABLE KEYS */;
UNLOCK TABLES;

--
-- Table structure for table `s_dilutiongroup`
--

DROP TABLE IF EXISTS `s_dilutiongroup`;
/*!40101 SET @saved_cs_client     = @@character_set_client */;
/*!40101 SET character_set_client = utf8 */;
CREATE TABLE `s_dilutiongroup` (
  `ID` int(11) NOT NULL,
  `FK_ID_SUBREGLABELCONTENT` int(11) NOT NULL,
  `FK_ID_M_DILUTIONGROUP` int(11) NOT NULL,
  `PRIMARYMLC_ID` int(11) DEFAULT NULL,
  PRIMARY KEY (`ID`),
  KEY `SDILUTIONGROUPFKIDSUBREGL20605` (`FK_ID_SUBREGLABELCONTENT`),
  KEY `SDILUTIONGROUPFKIDMDILUTI20606` (`FK_ID_M_DILUTIONGROUP`)
) ENGINE=InnoDB DEFAULT CHARSET=utf8;
/*!40101 SET character_set_client = @saved_cs_client */;

--
-- Dumping data for table `s_dilutiongroup`
--

LOCK TABLES `s_dilutiongroup` WRITE;
/*!40000 ALTER TABLE `s_dilutiongroup` DISABLE KEYS */;
/*!40000 ALTER TABLE `s_dilutiongroup` ENABLE KEYS */;
UNLOCK TABLES;

--
-- Table structure for table `s_dilutiongroupitem`
--

DROP TABLE IF EXISTS `s_dilutiongroupitem`;
/*!40101 SET @saved_cs_client     = @@character_set_client */;
/*!40101 SET character_set_client = utf8 */;
CREATE TABLE `s_dilutiongroupitem` (
  `ID` int(11) NOT NULL,
  `z_TEXT` longtext,
  `FK_ID_S_DILUTIONGROUP` int(11) NOT NULL,
  UNIQUE KEY `US_DILUTIONGROUPITEM_ID_538060` (`ID`),
  KEY `SDILUTIONGROUPITEMFKIDSDILU54309` (`FK_ID_S_DILUTIONGROUP`)
) ENGINE=InnoDB DEFAULT CHARSET=utf8;
/*!40101 SET character_set_client = @saved_cs_client */;

--
-- Dumping data for table `s_dilutiongroupitem`
--

LOCK TABLES `s_dilutiongroupitem` WRITE;
/*!40000 ALTER TABLE `s_dilutiongroupitem` DISABLE KEYS */;
/*!40000 ALTER TABLE `s_dilutiongroupitem` ENABLE KEYS */;
UNLOCK TABLES;

--
-- Table structure for table `s_directionsforusesection`
--

DROP TABLE IF EXISTS `s_directionsforusesection`;
/*!40101 SET @saved_cs_client     = @@character_set_client */;
/*!40101 SET character_set_client = utf8 */;
CREATE TABLE `s_directionsforusesection` (
  `ID` int(11) NOT NULL,
  `NAME` text,
  `TITLE` varchar(254) DEFAULT NULL,
  `SUBTITLE` longtext,
  `GENERALUSE` varchar(1) DEFAULT NULL,
  `STATEMENTLISTTYPE` varchar(254) DEFAULT NULL,
  `NUMBEREACHSTATEMENT` varchar(1) DEFAULT NULL,
  `REVIEWERNOTE` longtext,
  `EXCLUSIVESTATEMENTS` varchar(1) DEFAULT NULL,
  `SELECTED` varchar(1) DEFAULT NULL,
  `PRIMARYMLC_ID` int(11) DEFAULT NULL,
  `AUTOSEQ` int(11) DEFAULT NULL,
  `FK_ID_M_DIRECTIONSFORUSESECTION` int(11) DEFAULT NULL,
  `FK_ID_SUBREGLABELCONTENT` int(11) NOT NULL,
  PRIMARY KEY (`ID`),
  KEY `SDIRECTIONSFORUSESECTIONF10409` (`FK_ID_M_DIRECTIONSFORUSESECTION`),
  KEY `SDIRECTIONSFORUSESECTIONF10429` (`FK_ID_SUBREGLABELCONTENT`)
) ENGINE=InnoDB DEFAULT CHARSET=utf8;
/*!40101 SET character_set_client = @saved_cs_client */;

--
-- Dumping data for table `s_directionsforusesection`
--

LOCK TABLES `s_directionsforusesection` WRITE;
/*!40000 ALTER TABLE `s_directionsforusesection` DISABLE KEYS */;
INSERT INTO `s_directionsforusesection` VALUES (17,'Recommended',NULL,NULL,NULL,NULL,NULL,NULL,NULL,NULL,18,1,18,4),(18,'Disinfecting','DISINFECTION / Cleaning / Deodorizing Directions:',NULL,NULL,NULL,NULL,NULL,NULL,NULL,19,2,19,4),(19,'Toilet Bowls','TOILET BOWLS [ / URINALS]',NULL,NULL,NULL,NULL,NULL,NULL,NULL,20,3,20,4),(20,'Mildewstatic','MILDEWSTATIC INSTRUCTIONS:',NULL,NULL,NULL,NULL,NULL,NULL,NULL,21,4,21,4),(21,'Special Instructions','SPECIAL INSTRUCTIONS FOR CLEANING AND DECONTAMINATION AGAINST HIV-1 (AIDS VIRUS) OR HBV OR HCV ON SURFACES / OBJECTS SOILED WITH BLOOD / BODY FLUIDS:',NULL,NULL,NULL,NULL,NULL,NULL,NULL,22,5,22,4),(22,'Salon','SALON (BARBER) INSTRUMENTS AND TOOLS DISINFECTION (BACTERICIDE) / VIRUCIDE / FUNGICIDE DIRECTIONS:',NULL,NULL,NULL,NULL,NULL,NULL,NULL,23,6,23,4),(23,'Disinfection','DISINFECTION OF HARD, NON-POROUS SURFACES IN FOOTBATHS',NULL,NULL,NULL,NULL,NULL,NULL,NULL,24,7,24,4),(24,'Cleansing','CLEANSING OF BODY SURFACES AND BODY ORIFICES OF HUMAN REMAINS:',NULL,NULL,NULL,NULL,NULL,NULL,NULL,25,8,25,4),(26,'Five Gallon Directions of Use',NULL,NULL,NULL,NULL,NULL,NULL,NULL,NULL,34,NULL,34,6),(27,'DIRECTIONS FOR USE',NULL,NULL,NULL,NULL,NULL,NULL,NULL,NULL,NULL,NULL,35,7),(61,'Five Gallon Directions of Use',NULL,NULL,NULL,NULL,NULL,NULL,NULL,NULL,NULL,NULL,NULL,40),(62,'Five Gallon Directions of Use',NULL,NULL,NULL,NULL,NULL,NULL,NULL,NULL,52,NULL,52,41);
/*!40000 ALTER TABLE `s_directionsforusesection` ENABLE KEYS */;
UNLOCK TABLES;

--
-- Table structure for table `s_directionsforusestatement`
--

DROP TABLE IF EXISTS `s_directionsforusestatement`;
/*!40101 SET @saved_cs_client     = @@character_set_client */;
/*!40101 SET character_set_client = utf8 */;
CREATE TABLE `s_directionsforusestatement` (
  `ID` int(11) NOT NULL,
  `TITLE` varchar(254) DEFAULT NULL,
  `z_TEXT` longtext,
  `NOTFORUSETEXT` longtext,
  `NOTFORUSETYPE` varchar(2) DEFAULT NULL,
  `REVIEWERNOTE` longtext,
  `EXCLUSIVESTATEMENTS` varchar(1) DEFAULT NULL,
  `SELECTED` varchar(1) DEFAULT NULL,
  `PRIMARYMLC_ID` int(11) DEFAULT NULL,
  `AUTOSEQ` int(11) DEFAULT NULL,
  `FK_ID_M_DIRECTIONSFORUSESTATEMEN` int(11) DEFAULT NULL,
  `FK_ID_S_DIRECTIONSFORUSESECTION` int(11) NOT NULL,
  PRIMARY KEY (`ID`),
  KEY `SDIRECTIONSFORUSESTATEMEN10378` (`FK_ID_M_DIRECTIONSFORUSESTATEMEN`),
  KEY `SDIRECTIONSFORUSESTATEMEN10439` (`FK_ID_S_DIRECTIONSFORUSESECTION`)
) ENGINE=InnoDB DEFAULT CHARSET=utf8;
/*!40101 SET character_set_client = @saved_cs_client */;

--
-- Dumping data for table `s_directionsforusestatement`
--

LOCK TABLES `s_directionsforusestatement` WRITE;
/*!40000 ALTER TABLE `s_directionsforusestatement` DISABLE KEYS */;
INSERT INTO `s_directionsforusestatement` VALUES (45,NULL,'This product is not to be used as a terminal sterilant / high level disinfectant on any surface or instrument that (1) is introduced directly into the human body, either into or in contact with the bloodstream or normally sterile areas of the body, or (2) contacts intact mucous membranes but which does not ordinarily penetrate the blood barrier or otherwise enter normally sterile areas of the body. This product may be used to',NULL,'NA',NULL,NULL,NULL,158,NULL,158,17),(46,NULL,'Remove heavy soil deposits from surface. Then thoroughly wet surface with a use-solution of  oz. of the concentrate per gallon of water. (Use 2 oz per gallon of water to kill Adenovirus Type 7). The use-solution can be applied with a cloth, mop, sponge, or coarse spray, or soaking. For sprayer applications, use a coarse spray device. Spray 6-8 inches from the surface, rub with a brush, cloth or sponge. Do not breathe spray. Let solution remain on surface for a minimum of 10 minutes. Rinse or allow to air dry. Rinsing of floors is not necessary unless they are to be waxed or polished.\r\n\r\nFood contact surfaces must be thoroughly rinsed with potable water. This product must not be used to clean the following food contact surfaces: utensils, glassware and dishes.',NULL,'NA',NULL,NULL,NULL,159,NULL,159,18),(47,NULL,'Swab bowl with brush to remove heavy soil prior to cleaning or disinfecting. Clean by applying use-solution around the bowl and up under the rim. Stubborn stains may require brushing. To disinfect, first preclean to remove heavy soil, then remove or expel over the inner trap the residual bowl water. Pour in 3 oz. of the usesolution. Swab the bowl completely using a scrub brush or mop, making sure to get under rim. Let stand for 10 minutes or overnight, then flush',NULL,'NA',NULL,NULL,NULL,160,NULL,160,19),(48,NULL,'Will effectively control the growth of mold and mildew plus the odors caused by them when applied to hard, non-porous surfaces such as walls, floors, and table tops. Apply solution (2 ounces per gallon of water) with a cloth, mop, sponge or coarse spray making sure to wet all surfaces completely. Let air dry. Repeat application weekly or when growth reappears.',NULL,'NA',NULL,NULL,NULL,161,NULL,161,20),(49,NULL,'Personal Protection: Disposable protective gloves, gowns, face masks, or eye coverings as appropriate must be worn during all cleaning of blood / body fluids and during decontamination procedures. Cleaning Procedures: Blood / body fluids must be thoroughly cleaned from surfaces / objects before application of disinfectant. Contact Time: HIV-1 (AIDS virus) is inactivated after a contact time of 4 minutes at 25#C (77F) (room temperature). HBV and HCV are inactivated after a 10 minute contact time. Use a 10-minute contact time for all other viruses, fungi, and bacteria listed. Disposal of Infectious Materials: Blood / body fluids should be autoclaved and disposed of according to federal, state, and local regulations for infectious waste disposal',NULL,'NA',NULL,NULL,NULL,162,NULL,162,21),(50,NULL,'Mix  oz of Formulation HWS-256 per gallon of water (or equivalent dilution) to disinfect hard, nonporous instruments and tools. (Use 2 oz per gallon of water to kill Adenovirus Type 7.) Completely immerse combs, brushes, rollers, razors, scissors, blades, manicure and other salon instruments and tools for 10 minutes. For heavily soiled instruments and tools, a preliminary cleaning is required. Rinse thoroughly and dry before use. Prepare a fresh solution daily or more often if the solution becomes visibly diluted, cloudy or soiled. Note: Plastics may remain immersed until ready to use. Stainless steel shears and instruments must be removed after 10 minutes, rinsed, dried and kept in a clean, non-contaminated receptacle. Prolonged soaking may cause damage to metal instruments',NULL,'NA',NULL,NULL,NULL,163,NULL,163,22),(51,NULL,'To remove body oils, dead tissue, soil and all other buildups or organic matter on inanimate surfaces after using the footbath, drain the water and thoroughly clean all hard, non-porous surfaces with soap or detergent, then rinse with water. Saturate surfaces with a use solution of  oz. per gallon of water (or equivalent use dilution) to exposed surfaces with a cloth, mop, sponge or sprayer. (Use 2 oz per gallon of water to kill Adenovirus Type 7). For spray applications, use a coarse spray device. Do not breathe spray. Brush or swab thoroughly and allow solution to stand for 10 minutes. After the unit has been thoroughly disinfected, rinse all surfaces with fresh water. Do not use equipment until treatment has been absorbed, set or dried',NULL,'NA',NULL,NULL,NULL,164,NULL,164,23),(52,NULL,'This product removes body secretions, soil, and blood, along with their accompanying malodor, from the surfaces and orifices of human remains. Using a sponge or washcloth, bathe the entire body with a use-solution of  oz per gallon of water. (Use 2 oz per gallon of water to kill Adenovirus Type 7.) A soft hand brush may be employed on surfaces other than the face. Prepare a fresh solution for each (cadaver) remains or when solution becomes visibly dirty or diluted\r\nCarpets:  oz. per gallon of shampoo solution eliminates odors associated with urine, vomit, smoke, and mildew. Reapply after cleaning for freshening effects. Allow to dry.',NULL,'NA',NULL,NULL,NULL,165,NULL,165,24),(61,NULL,'It is a violation of Federal Law to use this product in a manner inconsistent with its labeling.',NULL,'NA',NULL,NULL,NULL,181,1,181,26),(62,'DIRECTIONS FOR DISINFECTlNG: (Bactericidal, Fungicidal, Virucidal)','For use on hard, non-porous surfaces in animal care facilities such as floors, walls, metal surfaces, stainless steel surfaces, glazed porcelain, and plastic surfaces. Remove gross filth and heavy soil deposits then thoroughly wet surfaces. Use 2 ounces per gallon of water (8 ounces per gallon against canine parvovirus and Porcine parvovirus) for a minimum contact time of 10 minutes in a single application. Can be applied with a cloth, mop, or sponge, as well as by coarse spray or soaking. The use solution is prepared fresh for each use then discarded. Rinsing is not necessary unless floors are to be waxed or polished. This product is not for use on medical device surfaces.',NULL,'NA',NULL,NULL,NULL,182,2,182,26),(63,'FUNGICIDAL DIRECTIONS:','For use in areas such as locker rooms, dressing rooms, shower and bath areas and exercise facilities follow disinfection directions.',NULL,'NA',NULL,NULL,NULL,183,3,183,26),(64,'MILDEWSTATIC INSTRUCTIONS:','Will effectively control the growth of mold and mildew plus the odors caused by them when applied to hard, non-porous surfaces such as walls, floors, and table tops. Apply solution (2 ounces per gallon of water) with a cloth, mop, sponge or coarse spray making sure to wet all surfaces completely. Let air dry. Repeat application weekly or when growth reappears.',NULL,'NA',NULL,NULL,NULL,184,4,184,26),(65,'VETERINARY CLINICS / ANIMAL CARE / ANIMAL LIFE SCIENCE LABORATORIES / ZOOS / PET SHOP / KENNELS / BREEDING AND GROOMING ESTABLISHMENTS / EQUINE FARMS DISINFECTION DIRECTIONS:','For disinfecting the following hard nonporous surfaces: equipment not used for animal food or water, utensils, instruments, cages, kennels, stables, catteries, etc. Remove all animals and feeds from premises, animal transportation vehicles, crates, etc. Remove all litter, droppings and manure from floors, walls and surfaces of facilities occupied or traversed by animals. Thoroughly clean all surfaces with soap or detergent and rinse with water. Saturate surfaces with a solution of 2 oz of KennelSol per gallon of water (or equivalent dilution) (8 ounces per gallon against Canine parvovirus or Porcine parvovirus), using a cloth, mop, sponge, spray, or soaking for a period of 10 minutes. Ventilate buildings and other closed spaces. Do not house animals or employ equipment until treatment has been absorbed, set or dried.',NULL,'NA',NULL,NULL,NULL,185,5,185,26),(66,'*FOR CANINE PARVOVIRUS (AND PORCINE PARVOVIRUS) ACTIVITY:','KennelSol is effective against Canine Parvovirus (and Porcine parvovirus) at 8 oz. per gallon. Follow Veterinary Practice / Animal Care / Animal Laboratory / Zoos / Pet Shop / Kennels Disinfection Directions.',NULL,'NA',NULL,NULL,NULL,186,6,186,26),(67,'**SPECIAL INSTRUCTIONS FOR INACTIVATING AVIAN INFLUENZA:','Remove all poultry and feeds from premises, trucks, coops, and crates. Remove all litter and droppings from floors, walls, and surfaces of facilities occupied or traversed by poultry. Empty all troughs, racks, and other feeding and watering appliances. Thoroughly clean all surfaces with soap or detergent and rinse with water. Saturate surfaces with the disinfecting solution (2 oz per gallon of water) (660 ppm active quat) (equivalent use dilution) for a period of 10 minutes. Immerse all halters, ropes and other types of equipment sed in handling and restraining animals as well as forks, shovels, and scrapers used in removing litter and manure. Ventilate buildings, coops, and other closed spaces. Do not house poultry or employ equipment until treatment has been absorbed, set, or dried. Thoroughly scrub treated feed racks, troughs, automatic feeders, fountains, and waterers with soap or detergent, and rinse with potable water before reuse.',NULL,'NA',NULL,NULL,NULL,188,7,188,26),(68,'It is a violation of Federal law to use this product in a manner inconsistent with its labeling.\r\n','This product is not to be used as a terminal sterilant / high level disinfectant on any surface or instrument that (1) is introduced directly into the human body, either into or in contact with the bloodstream or normally sterile areas of the body, or (2) contacts intact mucous membranes but which does not ordinarily penetrate the blood barrier or otherwise enter normally sterile areas of the body.  This product may be used to preclean or decontaminate critical or semi-critical devices prior to sterilization or high-level disinfection.',NULL,'NA',NULL,NULL,NULL,NULL,1,189,27),(69,'IF not used on metal and or stainless steel surfaces in medical premises.','This product is not for use on medical device surfaces.',NULL,'NA',NULL,NULL,NULL,NULL,2,190,27),(318,NULL,'It is a violation of Federal Law to use this product in a manner inconsistent with its labeling.',NULL,'NA',NULL,NULL,NULL,NULL,1,NULL,61),(319,'DIRECTIONS FOR DISINFECTlNG: (Bactericidal, Fungicidal, Virucidal)','For use on hard, non-porous surfaces in animal care facilities such as floors, walls, metal surfaces, stainless steel surfaces, glazed porcelain, and plastic surfaces. Remove gross filth and heavy soil deposits then thoroughly wet surfaces. Use 2 ounces per gallon of water (8 ounces per gallon against canine parvovirus and Porcine parvovirus) for a minimum contact time of 10 minutes in a single application. Can be applied with a cloth, mop, or sponge, as well as by coarse spray or soaking. The use solution is prepared fresh for each use then discarded. Rinsing is not necessary unless floors are to be waxed or polished. This product is not for use on medical device surfaces.',NULL,'NA',NULL,NULL,NULL,NULL,2,NULL,61),(320,'FUNGICIDAL DIRECTIONS:','For use in areas such as locker rooms, dressing rooms, shower and bath areas and exercise facilities follow disinfection directions.',NULL,'NA',NULL,NULL,NULL,NULL,3,NULL,61),(321,'MILDEWSTATIC INSTRUCTIONS:','Will effectively control the growth of mold and mildew plus the odors caused by them when applied to hard, non-porous surfaces such as walls, floors, and table tops. Apply solution (2 ounces per gallon of water) with a cloth, mop, sponge or coarse spray making sure to wet all surfaces completely. Let air dry. Repeat application weekly or when growth reappears.',NULL,'NA',NULL,NULL,NULL,NULL,4,NULL,61),(322,'VETERINARY CLINICS / ANIMAL CARE / ANIMAL LIFE SCIENCE LABORATORIES / ZOOS / PET SHOP / KENNELS / BREEDING AND GROOMING ESTABLISHMENTS / EQUINE FARMS DISINFECTION DIRECTIONS:','For disinfecting the following hard nonporous surfaces: equipment not used for animal food or water, utensils, instruments, cages, kennels, stables, catteries, etc. Remove all animals and feeds from premises, animal transportation vehicles, crates, etc. Remove all litter, droppings and manure from floors, walls and surfaces of facilities occupied or traversed by animals. Thoroughly clean all surfaces with soap or detergent and rinse with water. Saturate surfaces with a solution of 2 oz of KennelSol per gallon of water (or equivalent dilution) (8 ounces per gallon against Canine parvovirus or Porcine parvovirus), using a cloth, mop, sponge, spray, or soaking for a period of 10 minutes. Ventilate buildings and other closed spaces. Do not house animals or employ equipment until treatment has been absorbed, set or dried.',NULL,'NA',NULL,NULL,NULL,NULL,5,NULL,61),(323,'*FOR CANINE PARVOVIRUS (AND PORCINE PARVOVIRUS) ACTIVITY:','KennelSol is effective against Canine Parvovirus (and Porcine parvovirus) at 8 oz. per gallon. Follow Veterinary Practice / Animal Care / Animal Laboratory / Zoos / Pet Shop / Kennels Disinfection Directions.',NULL,'NA',NULL,NULL,NULL,NULL,6,NULL,61),(324,'**SPECIAL INSTRUCTIONS FOR INACTIVATING AVIAN INFLUENZA:','Remove all poultry and feeds from premises, trucks, coops, and crates. Remove all litter and droppings from floors, walls, and surfaces of facilities occupied or traversed by poultry. Empty all troughs, racks, and other feeding and watering appliances. Thoroughly clean all surfaces with soap or detergent and rinse with water. Saturate surfaces with the disinfecting solution (2 oz per gallon of water) (660 ppm active quat) (equivalent use dilution) for a period of 10 minutes. Immerse all halters, ropes and other types of equipment sed in handling and restraining animals as well as forks, shovels, and scrapers used in removing litter and manure. Ventilate buildings, coops, and other closed spaces. Do not house poultry or employ equipment until treatment has been absorbed, set, or dried. Thoroughly scrub treated feed racks, troughs, automatic feeders, fountains, and waterers with soap or detergent, and rinse with potable water before reuse.',NULL,'NA',NULL,NULL,NULL,NULL,7,NULL,61),(325,NULL,'It is a violation of Federal Law to use this product in a manner inconsistent with its labeling.',NULL,'NA',NULL,NULL,NULL,298,1,298,62),(326,'DIRECTIONS FOR DISINFECTlNG: (Bactericidal, Fungicidal, Virucidal)','For use on hard, non-porous surfaces in animal care facilities such as floors, walls, metal surfaces, stainless steel surfaces, glazed porcelain, and plastic surfaces. Remove gross filth and heavy soil deposits then thoroughly wet surfaces. Use 2 ounces per gallon of water (8 ounces per gallon against canine parvovirus and Porcine parvovirus) for a minimum contact time of 10 minutes in a single application. Can be applied with a cloth, mop, or sponge, as well as by coarse spray or soaking. The use solution is prepared fresh for each use then discarded. Rinsing is not necessary unless floors are to be waxed or polished. This product is not for use on medical device surfaces.',NULL,'NA',NULL,NULL,NULL,299,2,299,62),(327,'FUNGICIDAL DIRECTIONS:','For use in areas such as locker rooms, dressing rooms, shower and bath areas and exercise facilities follow disinfection directions.',NULL,'NA',NULL,NULL,NULL,300,3,300,62),(328,'MILDEWSTATIC INSTRUCTIONS:','Will effectively control the growth of mold and mildew plus the odors caused by them when applied to hard, non-porous surfaces such as walls, floors, and table tops. Apply solution (2 ounces per gallon of water) with a cloth, mop, sponge or coarse spray making sure to wet all surfaces completely. Let air dry. Repeat application weekly or when growth reappears.',NULL,'NA',NULL,NULL,NULL,301,4,301,62),(329,'VETERINARY CLINICS / ANIMAL CARE / ANIMAL LIFE SCIENCE LABORATORIES / ZOOS / PET SHOP / KENNELS / BREEDING AND GROOMING ESTABLISHMENTS / EQUINE FARMS DISINFECTION DIRECTIONS:','For disinfecting the following hard nonporous surfaces: equipment not used for animal food or water, utensils, instruments, cages, kennels, stables, catteries, etc. Remove all animals and feeds from premises, animal transportation vehicles, crates, etc. Remove all litter, droppings and manure from floors, walls and surfaces of facilities occupied or traversed by animals. Thoroughly clean all surfaces with soap or detergent and rinse with water. Saturate surfaces with a solution of 2 oz of KennelSol per gallon of water (or equivalent dilution) (8 ounces per gallon against Canine parvovirus or Porcine parvovirus), using a cloth, mop, sponge, spray, or soaking for a period of 10 minutes. Ventilate buildings and other closed spaces. Do not house animals or employ equipment until treatment has been absorbed, set or dried.',NULL,'NA',NULL,NULL,NULL,302,5,302,62),(330,'*FOR CANINE PARVOVIRUS (AND PORCINE PARVOVIRUS) ACTIVITY:','KennelSol is effective against Canine Parvovirus (and Porcine parvovirus) at 8 oz. per gallon. Follow Veterinary Practice / Animal Care / Animal Laboratory / Zoos / Pet Shop / Kennels Disinfection Directions.',NULL,'NA',NULL,NULL,NULL,303,6,303,62),(331,'**SPECIAL INSTRUCTIONS FOR INACTIVATING AVIAN INFLUENZA:','Remove all poultry and feeds from premises, trucks, coops, and crates. Remove all litter and droppings from floors, walls, and surfaces of facilities occupied or traversed by poultry. Empty all troughs, racks, and other feeding and watering appliances. Thoroughly clean all surfaces with soap or detergent and rinse with water. Saturate surfaces with the disinfecting solution (2 oz per gallon of water) (660 ppm active quat) (equivalent use dilution) for a period of 10 minutes. Immerse all halters, ropes and other types of equipment sed in handling and restraining animals as well as forks, shovels, and scrapers used in removing litter and manure. Ventilate buildings, coops, and other closed spaces. Do not house poultry or employ equipment until treatment has been absorbed, set, or dried. Thoroughly scrub treated feed racks, troughs, automatic feeders, fountains, and waterers with soap or detergent, and rinse with potable water before reuse.',NULL,'NA',NULL,NULL,NULL,304,7,304,62);
/*!40000 ALTER TABLE `s_directionsforusestatement` ENABLE KEYS */;
UNLOCK TABLES;

--
-- Table structure for table `s_generalsection`
--

DROP TABLE IF EXISTS `s_generalsection`;
/*!40101 SET @saved_cs_client     = @@character_set_client */;
/*!40101 SET character_set_client = utf8 */;
CREATE TABLE `s_generalsection` (
  `ID` int(11) NOT NULL,
  `NAME` varchar(254) DEFAULT NULL,
  `CONTAINERVOLUMEENVIRONMENTHAZARD` varchar(20) DEFAULT NULL,
  `TITLE` varchar(254) DEFAULT NULL,
  `SUBTITLE` longtext,
  `COMBINED` varchar(1) DEFAULT NULL,
  `SECTIONTYPE` varchar(1) DEFAULT NULL,
  `REVIEWERNOTE` longtext,
  `CONTACTNOTE` varchar(254) DEFAULT NULL,
  `NOTETOPHYSICIAN` varchar(254) DEFAULT NULL,
  `PRIMARYMLC_ID` int(11) DEFAULT NULL,
  `EXCLUSIVESTATEMENTS` varchar(1) DEFAULT NULL,
  `SELECTED` varchar(1) DEFAULT NULL,
  `AUTOSEQ` int(11) DEFAULT NULL,
  `FK_ID_M_GENERALSECTION` int(11) DEFAULT NULL,
  `FK_ID_SUBREGLABELCONTENT` int(11) NOT NULL,
  PRIMARY KEY (`ID`),
  KEY `SGENERALSECTIONFKIDMGENER10369` (`FK_ID_M_GENERALSECTION`),
  KEY `SGENERALSECTIONFKIDSUBREG10422` (`FK_ID_SUBREGLABELCONTENT`)
) ENGINE=InnoDB DEFAULT CHARSET=utf8;
/*!40101 SET character_set_client = @saved_cs_client */;

--
-- Dumping data for table `s_generalsection`
--

LOCK TABLES `s_generalsection` WRITE;
/*!40000 ALTER TABLE `s_generalsection` DISABLE KEYS */;
INSERT INTO `s_generalsection` VALUES (10,NULL,NULL,'PRECAUTIONARY STATEMENTS','HAZARDS TO HUMANS AND DOMESTIC ANIMALS',NULL,'P',NULL,NULL,NULL,20,NULL,NULL,1,20,4),(11,NULL,NULL,'FIRST AID',NULL,NULL,'F',NULL,'<p>Call a poison control center or doctor for treatment advice.</p>\r\n<p>Have the product container or label with you when calling a poison control center or doctor or going for treatment.</p>','<p><strong>NOTE TO PHYSICIAN: </strong>Probable mucosal damage may contraindicate the use of gastric lavage. Measures against circulatory shock, respiratory depression and convulsion may be needed.</p>',21,NULL,NULL,2,21,4),(12,NULL,NULL,'ENVIRONMENTAL HAZARDS',NULL,NULL,'E','(Note to reviewer: If container size is 5 gallons or greater, the following Environmental Hazards statements will be used:)',NULL,NULL,22,NULL,NULL,3,22,4),(43,NULL,NULL,'PRECAUTIONARY STATEMENTS','HAZARDS TO HUMANS AND DOMESTIC ANIMALS',NULL,'P',NULL,NULL,NULL,26,NULL,NULL,1,26,6),(44,NULL,NULL,NULL,NULL,NULL,'F',NULL,'Call a poison control center or doctor for treatment advice.\r\nHave the product container or label with you when calling a poison control center or doctor or going for treatment.','<p><strong>NOTE TO PHYSICIAN: </strong>Probable mucosal damage may contraindicate the use of gastric lavage. Measures against circulatory shock, respiratory depression and convulsion may be needed.</p>',27,NULL,NULL,2,27,6),(45,NULL,NULL,'ENVIRONMENTAL HAZARDS',NULL,NULL,'E','(Note to reviewer: If container size is 5 gallons or greater, the following Environmental Hazards statements will be used:)',NULL,NULL,28,NULL,NULL,3,28,6),(46,NULL,NULL,'FIRST AID',NULL,NULL,'F',NULL,NULL,NULL,NULL,NULL,NULL,1,29,7),(47,NULL,NULL,'PRECAUTIONARY STATEMENTS','HAZARDS TO HUMANS AND DOMESTIC ANIMALS',NULL,'P',NULL,NULL,NULL,NULL,NULL,NULL,2,30,7),(48,NULL,NULL,'PHYSICAL OR CHEMICAL OR ENVIRONMENTAL HAZARDS',NULL,NULL,'E',NULL,NULL,NULL,NULL,NULL,NULL,3,31,7),(163,NULL,NULL,'PRECAUTIONARY STATEMENTS','HAZARDS TO HUMANS AND DOMESTIC ANIMALS',NULL,'P',NULL,NULL,NULL,26,NULL,NULL,1,26,40),(164,NULL,NULL,NULL,NULL,NULL,'F',NULL,'Call a poison control center or doctor for treatment advice.\r\nHave the product container or label with you when calling a poison control center or doctor or going for treatment.','<p><strong>NOTE TO PHYSICIAN: </strong>Probable mucosal damage may contraindicate the use of gastric lavage. Measures against circulatory shock, respiratory depression and convulsion may be needed.</p>',27,NULL,NULL,2,27,40),(165,NULL,NULL,'ENVIRONMENTAL HAZARDS',NULL,NULL,'E','(Note to reviewer: If container size is 5 gallons or greater, the following Environmental Hazards statements will be used:)',NULL,NULL,28,NULL,NULL,3,28,40),(166,NULL,NULL,'physical/chemical section',NULL,NULL,'C',NULL,NULL,NULL,75,NULL,NULL,4,75,40),(167,NULL,NULL,'PRECAUTIONARY STATEMENTS','HAZARDS TO HUMANS AND DOMESTIC ANIMALS',NULL,'P',NULL,NULL,NULL,108,NULL,NULL,1,108,41),(168,NULL,NULL,NULL,NULL,NULL,'F',NULL,'Call a poison control center or doctor for treatment advice.\r\nHave the product container or label with you when calling a poison control center or doctor or going for treatment.','<p><strong>NOTE TO PHYSICIAN: </strong>Probable mucosal damage may contraindicate the use of gastric lavage. Measures against circulatory shock, respiratory depression and convulsion may be needed.</p>',109,NULL,NULL,2,109,41),(169,NULL,NULL,'ENVIRONMENTAL HAZARDS',NULL,NULL,'E','(Note to reviewer: If container size is 5 gallons or greater, the following Environmental Hazards statements will be used:)',NULL,NULL,110,NULL,NULL,3,110,41),(170,NULL,NULL,'physical/chemical section',NULL,NULL,'C',NULL,NULL,NULL,111,NULL,NULL,4,111,41);
/*!40000 ALTER TABLE `s_generalsection` ENABLE KEYS */;
UNLOCK TABLES;

--
-- Table structure for table `s_generalstatement`
--

DROP TABLE IF EXISTS `s_generalstatement`;
/*!40101 SET @saved_cs_client     = @@character_set_client */;
/*!40101 SET character_set_client = utf8 */;
CREATE TABLE `s_generalstatement` (
  `ID` int(11) NOT NULL,
  `TITLE` varchar(254) DEFAULT NULL,
  `z_TEXT` longtext,
  `SELECTED` varchar(1) DEFAULT NULL,
  `EXCLUSIVESTATEMENTS` varchar(1) DEFAULT NULL,
  `AUTOSEQ` int(11) DEFAULT NULL,
  `FK_ID_M_GENERALSTATEMENT` int(11) DEFAULT NULL,
  `FK_ID_S_GENERALSECTION` int(11) NOT NULL,
  `PRIMARYMLC_ID` int(11) DEFAULT NULL,
  PRIMARY KEY (`ID`),
  KEY `SGENERALSTATEMENTFKIDMGEN10366` (`FK_ID_M_GENERALSTATEMENT`),
  KEY `SGENERALSTATEMENTFKIDSGEN10423` (`FK_ID_S_GENERALSECTION`)
) ENGINE=InnoDB DEFAULT CHARSET=utf8;
/*!40101 SET character_set_client = @saved_cs_client */;

--
-- Dumping data for table `s_generalstatement`
--

LOCK TABLES `s_generalstatement` WRITE;
/*!40000 ALTER TABLE `s_generalstatement` DISABLE KEYS */;
INSERT INTO `s_generalstatement` VALUES (19,NULL,'DANGER. CORROSIVE. Causes irreversible eye damage and skin burns. Harmful if swallowed. Do not get in eyes, on skin, or on clothing. Wear protective eyewear (goggles, face shield or safety glasses), protective clothing and protective gloves (rubber or chemical resistant). Harmful if inhaled. Wash thoroughly with soap and water after handling. Remove contaminated clothing and wash clothing before reuse.',NULL,NULL,NULL,41,10,41),(20,NULL,'If on skin or clothing\n   - Take off contaminated clothing.\n   - Rinse skin immediately with plenty of water for 15-20 minutes.',NULL,NULL,1,42,11,42),(21,NULL,'If swallowed\n   - Call a poison control center or doctor immediately for treatment advice.\n   - Have person sip a glass of water if able to swallow.\n   - Do not induce vomiting unless told to do so by the poison control center or doctor.\n   - Do not give anything by mouth to an unconscious person.',NULL,NULL,2,43,11,43),(22,NULL,'If inhaled\n   - Move person to fresh air.\n   - If person is not breathing, call 911 or an ambulance, then give artificial respiration, preferably by mouth-to-mouth, if possible.',NULL,NULL,3,44,11,44),(23,NULL,'If in eyes\r\n   - Hold eye open and rinse slowly and gently with water for 15-20 minutes.\r\n   - Remove contact lenses, if present, after the first 5 minutes, then continue rinsing eye.',NULL,NULL,4,45,11,45),(24,NULL,'Do not discharge effluent containing this product into lakes, streams, ponds, estuaries, oceans, or other waters unless in accordance with the requirements of a National Pollutant Discharge Elimination System (NPDES) permit and the permitting authority has been notified in writing prior to discharge. Do not discharge effluent containing this product to sewer systems without previously notifying the local sewage treatment plant authority. For guidance contact your State Water Board or Regional Office of the EPA.',NULL,NULL,NULL,46,12,46),(85,NULL,'DANGER. CORROSIVE. Causes irreversible eye damage and skin burns. Harmful if swallowed. Do not get in eyes, on skin, or on clothing. Wear protective eyewear (goggles, face shield or safety glasses), protective clothing and protective gloves (rubber or chemical resistant). Harmful if inhaled. Wash thoroughly with soap and water after handling. Remove contaminated clothing and wash clothing before reuse.',NULL,NULL,NULL,53,43,53),(86,'If in eyes:','Hold eye open and rinse slowly and gently with water for 15  20 minutes. Remove contact lenses, if present, after the first 5 minutes, then continue rinsing eye.',NULL,NULL,1,54,44,54),(87,'If on skin or clothing:','Take off contaminated clothing. Rinse skin immediately with plenty of water for 15  20 minutes.',NULL,NULL,2,55,44,55),(88,'If swallowed:','Call a poison control center or doctor immediately for treatment advice. Have person sip a glass of water if able to swallow. Do not induce vomiting unless told to do so by the poison control center or doctor. Do not give anything by mouth to an unconscious person.',NULL,NULL,3,56,44,56),(89,'If inhaled:','Move person to fresh air. If person is not breathing, call 911 or an ambulance, then give artificial respiration, preferably by mouth-to-mouth, if possible. Call a poison control center or doctor for treatment advice. Have the product container or label with you when calling a poison control center or doctor or going for treatment. NOTE TO PHYSICIAN: Probable mucosal damage may contraindicate the use of gastric lavage. Measures against circulatory shock, respiratory depression and convulsion may be needed.ove contact lenses, if present, after the first 5 minutes, then continue rinsing eye.',NULL,NULL,4,57,44,57),(90,NULL,'Do not discharge effluent containing this product into lakes, streams, ponds, estuaries, oceans, or other waters unless in accordance with the requirements of a National Pollutant Discharge Elimination System (NPDES) permit and the permitting authority has been notified in writing prior to discharge. Do not discharge effluent containing this product to sewer systems without previously notifying the local sewage treatment plant authority. For guidance contact your State Water Board or Regional Office of the EPA.',NULL,NULL,NULL,58,45,58),(91,NULL,'IF ON SKIN OR CLOTHING: Take off contaminated clothing. Rinse skin immediately with plenty of water for 15  20 minutes. Call a poison control center or doctor for treatment advice.',NULL,NULL,1,62,46,NULL),(92,NULL,'IF IN EYES: Hold eye open and rinse slowly and gently with water for 15  20 minutes.  Remove contact lenses, if present, after the first 5 minutes, then continue rinsing eye. Call a poison control center or doctor for treatment advice.',NULL,NULL,2,63,46,NULL),(93,NULL,'If swallowed: Call a poison control center or doctor immediately for treatment advice. Have person sip a glass of water if able to swallow.  Do not induce vomiting unless told to do so by the poison control center or doctor. Do not give anything by mouth to an unconscious person.',NULL,NULL,3,64,46,NULL),(94,NULL,'IF INHALED: Move person to fresh air. If person is not breathing, call 911 or an ambulance, then give artificial respiration, preferably by mouth-to-mouth, if possible. Call a poison control center or doctor for treatment advice.',NULL,NULL,4,65,46,NULL),(95,NULL,'NOTE TO PHYSICIAN: Probable mucosal damage may contraindicate the use of gastric lavage.',NULL,NULL,5,66,46,NULL),(96,NULL,'Have the product container or label with you when calling a poison control center or doctor or going for treatment.',NULL,NULL,6,67,46,NULL),(97,NULL,'DANGER. CORROSIVE. Causes irreversible eye damage and skin burns. Harmful if swallowed. Do not get in eyes, on skin, or on clothing. Wear protective eyewear (goggles, face shield or safety glasses), protective clothing and protective gloves (rubber or chemical resistant). Harmful if inhaled. Wash thoroughly with soap and water after handling. Remove contaminated clothing and wash clothing before reuse.',NULL,NULL,NULL,60,47,NULL),(98,NULL,'PHYSICAL OR CHEMICAL HAZARDS\r\nDo not mix with oxidizers, anionic soaps and detergents.\r\nDo not use or store near heat or open flame.',NULL,NULL,1,59,48,NULL),(99,NULL,'ENVIRONMENTAL HAZARDS\r\nDo not discharge effluent containing this product into lakes, streams, ponds, estuaries, oceans, or other waters unless in accordance with the requirements of a National Pollutant Discharge Elimination System (NPDES) permit and the permitting authority has been notified in writing prior to discharge.  Do not discharge effluent containing this product to sewer systems without previously notifying the local sewage treatment plant authority.  For guidance contact your State Water Board or Regional Office of the EPA.\r\n',NULL,NULL,2,61,48,NULL),(310,NULL,'DANGER. CORROSIVE. Causes irreversible eye damage and skin burns. Harmful if swallowed. Do not get in eyes, on skin, or on clothing. Wear protective eyewear (goggles, face shield or safety glasses), protective clothing and protective gloves (rubber or chemical resistant). Harmful if inhaled. Wash thoroughly with soap and water after handling. Remove contaminated clothing and wash clothing before reuse.',NULL,NULL,NULL,NULL,163,NULL),(311,'If in eyes:','Hold eye open and rinse slowly and gently with water for 15  20 minutes. Remove contact lenses, if present, after the first 5 minutes, then continue rinsing eye.',NULL,NULL,1,NULL,164,NULL),(312,'If on skin or clothing:','Take off contaminated clothing. Rinse skin immediately with plenty of water for 15  20 minutes.',NULL,NULL,2,NULL,164,NULL),(313,'If swallowed:','Call a poison control center or doctor immediately for treatment advice. Have person sip a glass of water if able to swallow. Do not induce vomiting unless told to do so by the poison control center or doctor. Do not give anything by mouth to an unconscious person.',NULL,NULL,3,NULL,164,NULL),(314,'If inhaled:','Move person to fresh air. If person is not breathing, call 911 or an ambulance, then give artificial respiration, preferably by mouth-to-mouth, if possible. Call a poison control center or doctor for treatment advice. Have the product container or label with you when calling a poison control center or doctor or going for treatment. NOTE TO PHYSICIAN: Probable mucosal damage may contraindicate the use of gastric lavage. Measures against circulatory shock, respiratory depression and convulsion may be needed.ove contact lenses, if present, after the first 5 minutes, then continue rinsing eye.',NULL,NULL,4,NULL,164,NULL),(315,NULL,'Do not discharge effluent containing this product into lakes, streams, ponds, estuaries, oceans, or other waters unless in accordance with the requirements of a National Pollutant Discharge Elimination System (NPDES) permit and the permitting authority has been notified in writing prior to discharge. Do not discharge effluent containing this product to sewer systems without previously notifying the local sewage treatment plant authority. For guidance contact your State Water Board or Regional Office of the EPA.',NULL,NULL,NULL,NULL,165,NULL),(316,NULL,'Not sure if physical/chemical is a valid category',NULL,NULL,NULL,NULL,166,NULL),(317,NULL,'DANGER. CORROSIVE. Causes irreversible eye damage and skin burns. Harmful if swallowed. Do not get in eyes, on skin, or on clothing. Wear protective eyewear (goggles, face shield or safety glasses), protective clothing and protective gloves (rubber or chemical resistant). Harmful if inhaled. Wash thoroughly with soap and water after handling. Remove contaminated clothing and wash clothing before reuse.',NULL,NULL,NULL,214,167,214),(318,'If in eyes:','Hold eye open and rinse slowly and gently with water for 15  20 minutes. Remove contact lenses, if present, after the first 5 minutes, then continue rinsing eye.',NULL,NULL,1,215,168,215),(319,'If on skin or clothing:','Take off contaminated clothing. Rinse skin immediately with plenty of water for 15  20 minutes.',NULL,NULL,2,216,168,216),(320,'If swallowed:','Call a poison control center or doctor immediately for treatment advice. Have person sip a glass of water if able to swallow. Do not induce vomiting unless told to do so by the poison control center or doctor. Do not give anything by mouth to an unconscious person.',NULL,NULL,3,217,168,217),(321,'If inhaled:','Move person to fresh air. If person is not breathing, call 911 or an ambulance, then give artificial respiration, preferably by mouth-to-mouth, if possible. Call a poison control center or doctor for treatment advice. Have the product container or label with you when calling a poison control center or doctor or going for treatment. NOTE TO PHYSICIAN: Probable mucosal damage may contraindicate the use of gastric lavage. Measures against circulatory shock, respiratory depression and convulsion may be needed.ove contact lenses, if present, after the first 5 minutes, then continue rinsing eye.',NULL,NULL,4,218,168,218),(322,NULL,'Do not discharge effluent containing this product into lakes, streams, ponds, estuaries, oceans, or other waters unless in accordance with the requirements of a National Pollutant Discharge Elimination System (NPDES) permit and the permitting authority has been notified in writing prior to discharge. Do not discharge effluent containing this product to sewer systems without previously notifying the local sewage treatment plant authority. For guidance contact your State Water Board or Regional Office of the EPA.',NULL,NULL,NULL,219,169,219),(323,NULL,'Not sure if physical/chemical is a valid category',NULL,NULL,NULL,220,170,220);
/*!40000 ALTER TABLE `s_generalstatement` ENABLE KEYS */;
UNLOCK TABLES;

--
-- Table structure for table `s_humanhazardsection`
--

DROP TABLE IF EXISTS `s_humanhazardsection`;
/*!40101 SET @saved_cs_client     = @@character_set_client */;
/*!40101 SET character_set_client = utf8 */;
CREATE TABLE `s_humanhazardsection` (
  `ID` int(11) NOT NULL,
  `EPA_SIGNALWORD` varchar(32) DEFAULT NULL,
  `EPA_CHILDHAZARDWARNING` varchar(1) DEFAULT NULL,
  `PRECAUTIONARYSTATEMENT` longtext,
  `LOCATIONSEPARATOR` varchar(2) DEFAULT NULL,
  `ENCLOSEFIRSTLOCATION` varchar(1) DEFAULT NULL,
  `PANELLOC1` varchar(254) DEFAULT NULL,
  `PANELLOC2` varchar(254) DEFAULT NULL,
  `PANELLOC3` varchar(254) DEFAULT NULL,
  `PANELLOC4` varchar(254) DEFAULT NULL,
  `PANELLOC5` varchar(254) DEFAULT NULL,
  `PANELLOC6` varchar(254) DEFAULT NULL,
  `PANELLOC7` varchar(254) DEFAULT NULL,
  `PANELLOC8` varchar(254) DEFAULT NULL,
  `PANELLOC9` varchar(254) DEFAULT NULL,
  `LABELLOC1` varchar(254) DEFAULT NULL,
  `LABELLOC2` varchar(254) DEFAULT NULL,
  `LABELLOC3` varchar(254) DEFAULT NULL,
  `LABELLOC4` varchar(254) DEFAULT NULL,
  `LABELLOC5` varchar(254) DEFAULT NULL,
  `LABELLOC6` varchar(254) DEFAULT NULL,
  `LABELLOC7` varchar(254) DEFAULT NULL,
  `LABELLOC8` varchar(254) DEFAULT NULL,
  `LABELLOC9` varchar(254) DEFAULT NULL,
  `SELECTED` varchar(1) DEFAULT NULL,
  `PRIMARYMLC_ID` int(11) DEFAULT NULL,
  `AUTOSEQ` int(11) DEFAULT NULL,
  `FK_ID_M_HUMANHAZARDSECTION` int(11) DEFAULT NULL,
  `FK_ID_SUBREGLABELCONTENT` int(11) NOT NULL,
  PRIMARY KEY (`ID`),
  KEY `SHUMANHAZARDSECTIONFKIDMH10413` (`FK_ID_M_HUMANHAZARDSECTION`),
  KEY `SHUMANHAZARDSECTIONFKIDSU10426` (`FK_ID_SUBREGLABELCONTENT`)
) ENGINE=InnoDB DEFAULT CHARSET=utf8;
/*!40101 SET character_set_client = @saved_cs_client */;

--
-- Dumping data for table `s_humanhazardsection`
--

LOCK TABLES `s_humanhazardsection` WRITE;
/*!40000 ALTER TABLE `s_humanhazardsection` DISABLE KEYS */;
INSERT INTO `s_humanhazardsection` VALUES (4,'DANGER','U','See {{Precautionary Panel Location}} Panel for Precautionary Statements and First Aid',NULL,NULL,'right','left','side','back',NULL,NULL,NULL,NULL,NULL,NULL,NULL,NULL,NULL,NULL,NULL,NULL,NULL,NULL,NULL,7,NULL,7,4),(6,'DANGER','U','See {{Precautionary Panel Location}} Panel for Precautionary Statements and First Aid',NULL,NULL,'right','left','side','back',NULL,NULL,NULL,NULL,NULL,NULL,NULL,NULL,NULL,NULL,NULL,NULL,NULL,NULL,NULL,9,NULL,9,6),(7,'DANGER','U','See {{Precautionary Panel Location}} Panel {{Precautionary Label Location}} for Precautionary Statements','()',NULL,'Left','Back','Side','Right',NULL,NULL,NULL,NULL,NULL,'of label','below',NULL,NULL,NULL,NULL,NULL,NULL,NULL,NULL,NULL,NULL,10,7),(40,'DANGER','U','See {{Precautionary Panel Location}} Panel for Precautionary Statements and First Aid','[]','Y','right','left','side','back',NULL,NULL,NULL,NULL,NULL,NULL,NULL,NULL,NULL,NULL,NULL,NULL,NULL,NULL,NULL,NULL,NULL,NULL,40),(41,'DANGER','U','See {{Precautionary Panel Location}} Panel for Precautionary Statements and First Aid','[]','Y','right','left','side','back',NULL,NULL,NULL,NULL,NULL,NULL,NULL,NULL,NULL,NULL,NULL,NULL,NULL,NULL,NULL,31,NULL,31,41);
/*!40000 ALTER TABLE `s_humanhazardsection` ENABLE KEYS */;
UNLOCK TABLES;

--
-- Table structure for table `s_ingredientssection`
--

DROP TABLE IF EXISTS `s_ingredientssection`;
/*!40101 SET @saved_cs_client     = @@character_set_client */;
/*!40101 SET character_set_client = utf8 */;
CREATE TABLE `s_ingredientssection` (
  `ID` int(11) NOT NULL,
  `ACTIVETITLE` varchar(254) DEFAULT NULL,
  `ARSENICPRECAUTIONARYTEXT` varchar(254) DEFAULT NULL,
  `INERTTITLE` varchar(254) DEFAULT NULL,
  `REVIEWERNOTE` longtext,
  `GENERALINACTIVEPERCENT` double DEFAULT NULL,
  `SELECTED` varchar(1) DEFAULT NULL,
  `PRIMARYMLC_ID` int(11) DEFAULT NULL,
  `AUTOSEQ` int(11) DEFAULT NULL,
  `FK_ID_SUBREGLABELCONTENT` int(11) NOT NULL,
  `FK_ID_M_INGREDIENTSSECTION` int(11) DEFAULT NULL,
  PRIMARY KEY (`ID`),
  KEY `SINGREDIENTSSECTIONFKIDSU10424` (`FK_ID_SUBREGLABELCONTENT`),
  KEY `SINGREDIENTSSECTIONFKIDMI10443` (`FK_ID_M_INGREDIENTSSECTION`)
) ENGINE=InnoDB DEFAULT CHARSET=utf8;
/*!40101 SET character_set_client = @saved_cs_client */;

--
-- Dumping data for table `s_ingredientssection`
--

LOCK TABLES `s_ingredientssection` WRITE;
/*!40000 ALTER TABLE `s_ingredientssection` DISABLE KEYS */;
INSERT INTO `s_ingredientssection` VALUES (4,'Active Ingredients:',NULL,'Inert Ingredients:',NULL,83.1,NULL,7,NULL,4,7),(15,'Active Ingredients:',NULL,'Inert Ingredients:',NULL,95.775,NULL,9,1,6,9),(16,'Active Ingredients:',NULL,'INERT INGREDIENTS:',NULL,83.1,NULL,NULL,NULL,7,10),(49,'Active Ingredients:',NULL,'Inert Ingredients:',NULL,95.78,NULL,NULL,NULL,40,NULL),(50,'Active Ingredients:',NULL,'Inert Ingredients:',NULL,95.78,NULL,31,NULL,41,31);
/*!40000 ALTER TABLE `s_ingredientssection` ENABLE KEYS */;
UNLOCK TABLES;

--
-- Table structure for table `s_ingredientsstatement`
--

DROP TABLE IF EXISTS `s_ingredientsstatement`;
/*!40101 SET @saved_cs_client     = @@character_set_client */;
/*!40101 SET character_set_client = utf8 */;
CREATE TABLE `s_ingredientsstatement` (
  `ID` int(11) NOT NULL,
  `CHEMICALNAME` varchar(254) NOT NULL,
  `COMMONNAME` varchar(254) DEFAULT NULL,
  `ACTIVE` varchar(1) NOT NULL,
  `PROMPT` varchar(254) DEFAULT NULL,
  `z_PERCENT` double DEFAULT NULL,
  `SELECTED` varchar(1) DEFAULT NULL,
  `AUTOSEQ` int(11) DEFAULT NULL,
  `FK_ID_S_INGREDIENTSSECTION` int(11) NOT NULL,
  `FK_ID_M_INGREDIENTSSTATEMENT` int(11) DEFAULT NULL,
  `PRIMARYMLC_ID` int(11) DEFAULT NULL,
  PRIMARY KEY (`ID`),
  KEY `SINGREDIENTSSTATEMENTFKID10425` (`FK_ID_S_INGREDIENTSSECTION`),
  KEY `SINGREDIENTSSTATEMENTFKID10446` (`FK_ID_M_INGREDIENTSSTATEMENT`)
) ENGINE=InnoDB DEFAULT CHARSET=utf8;
/*!40101 SET character_set_client = @saved_cs_client */;

--
-- Dumping data for table `s_ingredientsstatement`
--

LOCK TABLES `s_ingredientsstatement` WRITE;
/*!40000 ALTER TABLE `s_ingredientsstatement` DISABLE KEYS */;
INSERT INTO `s_ingredientsstatement` VALUES (7,'Didecyl dimethyl ammonium chloride n-Alkyll',NULL,'A',NULL,10.14,NULL,1,4,13,13),(8,'dimethyl benzyl ammonium chloride (C<sub>14</sub> 50%, C<sub>12</sub> 40%, C<sub>16</sub> 10%)',NULL,'A',NULL,6.76,NULL,2,4,14,14),(29,'Didecyl dimethyl ammonium chloride',NULL,'A',NULL,2.535,NULL,1,15,17,17),(30,'n-Alkyll (C<sub>14</sub> 50%, C<sub>12</sub> 40%, C<sub>16</sub> 10%) dimethyl benzyl ammonium chloride',NULL,'A',NULL,1.69,NULL,2,15,18,18),(31,'Didecyl Dimethyl Ammonium Chloride',NULL,'A',NULL,10.14,NULL,1,16,19,NULL),(32,'n-Alkyl (C<sub>14</sub> 50%, C<sub>13</sub> 40%, C<sub>16</sub> 10%)\r\ndimethyl benzyl ammonium chloride',NULL,'A',NULL,6.76,NULL,2,16,20,NULL),(97,'Didecyl dimethyl ammonium chloride',NULL,'A',NULL,2.535,NULL,1,49,NULL,NULL),(98,'n-Alkyll (C<sub>14</sub> 50%, C<sub>12</sub> 40%, C<sub>16</sub> 10%) dimethyl benzyl ammonium chloride',NULL,'A',NULL,1.69,NULL,2,49,NULL,NULL),(99,'Didecyl dimethyl ammonium chloride',NULL,'A',NULL,2.535,NULL,1,50,63,63),(100,'n-Alkyll (C<sub>14</sub> 50%, C<sub>12</sub> 40%, C<sub>16</sub> 10%) dimethyl benzyl ammonium chloride',NULL,'A',NULL,1.69,NULL,2,50,64,64);
/*!40000 ALTER TABLE `s_ingredientsstatement` ENABLE KEYS */;
UNLOCK TABLES;

--
-- Table structure for table `s_inserttext`
--

DROP TABLE IF EXISTS `s_inserttext`;
/*!40101 SET @saved_cs_client     = @@character_set_client */;
/*!40101 SET character_set_client = utf8 */;
CREATE TABLE `s_inserttext` (
  `ID` int(11) NOT NULL,
  `z_TEXT` varchar(254) DEFAULT NULL,
  `AUTOSEQ` int(11) DEFAULT NULL,
  `PRIMARYMLC_ID` int(11) DEFAULT NULL,
  `FK_ID_S_INSERTTEXTKEYWORD` int(11) DEFAULT NULL,
  UNIQUE KEY `US_INSERTTEXT_ID_584200` (`ID`),
  KEY `SINSERTTEXTFKIDSINSERTTEXTK59013` (`FK_ID_S_INSERTTEXTKEYWORD`)
) ENGINE=InnoDB DEFAULT CHARSET=utf8;
/*!40101 SET character_set_client = @saved_cs_client */;

--
-- Dumping data for table `s_inserttext`
--

LOCK TABLES `s_inserttext` WRITE;
/*!40000 ALTER TABLE `s_inserttext` DISABLE KEYS */;
/*!40000 ALTER TABLE `s_inserttext` ENABLE KEYS */;
UNLOCK TABLES;

--
-- Table structure for table `s_inserttextkeyword`
--

DROP TABLE IF EXISTS `s_inserttextkeyword`;
/*!40101 SET @saved_cs_client     = @@character_set_client */;
/*!40101 SET character_set_client = utf8 */;
CREATE TABLE `s_inserttextkeyword` (
  `ID` int(11) NOT NULL,
  `NAME` varchar(254) DEFAULT NULL,
  `PRIMARYMLC_ID` int(11) DEFAULT NULL,
  `FK_ID_S_MARKETINGSTATEMENT` int(11) DEFAULT NULL,
  `FK_ID_S_DIRECTIONSFORUSESTATEMEN` int(11) DEFAULT NULL,
  UNIQUE KEY `US_INSERTTEXTKEYWORD_ID_584150` (`ID`),
  KEY `SINSERTTEXTKEYWORDFKIDSMARK59012` (`FK_ID_S_MARKETINGSTATEMENT`),
  KEY `SINSERTTEXTKEYWORDFKIDSDIRE59017` (`FK_ID_S_DIRECTIONSFORUSESTATEMEN`)
) ENGINE=InnoDB DEFAULT CHARSET=utf8;
/*!40101 SET character_set_client = @saved_cs_client */;

--
-- Dumping data for table `s_inserttextkeyword`
--

LOCK TABLES `s_inserttextkeyword` WRITE;
/*!40000 ALTER TABLE `s_inserttextkeyword` DISABLE KEYS */;
/*!40000 ALTER TABLE `s_inserttextkeyword` ENABLE KEYS */;
UNLOCK TABLES;

--
-- Table structure for table `s_marketingsection`
--

DROP TABLE IF EXISTS `s_marketingsection`;
/*!40101 SET @saved_cs_client     = @@character_set_client */;
/*!40101 SET character_set_client = utf8 */;
CREATE TABLE `s_marketingsection` (
  `ID` int(11) NOT NULL,
  `NAME` text,
  `TITLE` varchar(254) DEFAULT NULL,
  `SUBTITLE` longtext,
  `REVIEWERNOTE` longtext,
  `EXCLUSIVESTATEMENTS` varchar(1) DEFAULT NULL,
  `SELECTED` varchar(1) DEFAULT NULL,
  `PRIMARYMLC_ID` int(11) DEFAULT NULL,
  `AUTOSEQ` int(11) DEFAULT NULL,
  `FK_ID_S_MARKETINGSECTION` int(11) DEFAULT NULL,
  `FK_ID_M_MARKETINGSECTION` int(11) DEFAULT NULL,
  `FK_ID_SUBREGLABELCONTENT` int(11) NOT NULL,
  PRIMARY KEY (`ID`),
  KEY `SMARKETINGSECTIONFKIDSMAR10314` (`FK_ID_S_MARKETINGSECTION`),
  KEY `SMARKETINGSECTIONFKIDMMAR10418` (`FK_ID_M_MARKETINGSECTION`),
  KEY `SMARKETINGSECTIONFKIDSUBR10441` (`FK_ID_SUBREGLABELCONTENT`)
) ENGINE=InnoDB DEFAULT CHARSET=utf8;
/*!40101 SET character_set_client = @saved_cs_client */;

--
-- Dumping data for table `s_marketingsection`
--

LOCK TABLES `s_marketingsection` WRITE;
/*!40000 ALTER TABLE `s_marketingsection` DISABLE KEYS */;
INSERT INTO `s_marketingsection` VALUES (35,'Recommended Use',NULL,NULL,NULL,NULL,NULL,20,1,NULL,20,4),(36,'Areas of Use','AREAS OF USE',NULL,NULL,NULL,NULL,21,2,NULL,21,4),(37,'Bactericidal Claims',NULL,NULL,NULL,NULL,NULL,24,3,NULL,24,4),(80,'Germicidal Detergent',NULL,NULL,NULL,NULL,NULL,35,1,NULL,35,6),(81,'For Use Areas / Surfaces',NULL,NULL,NULL,NULL,NULL,33,2,NULL,33,6),(82,'For Use Areas Only',NULL,NULL,NULL,NULL,NULL,37,3,NULL,37,6),(83,'Multi-Purpose Detergent',NULL,NULL,NULL,NULL,NULL,38,4,NULL,38,6),(84,'Recommended Use','Recommended for use in:',NULL,NULL,NULL,NULL,34,5,NULL,34,6),(85,'Bactericidal Claims',NULL,NULL,NULL,NULL,NULL,36,6,NULL,36,6),(86,'Fungicidal',NULL,NULL,NULL,NULL,NULL,39,7,NULL,39,6),(87,'Virucidal',NULL,NULL,NULL,NULL,NULL,40,8,NULL,40,6),(88,'optional marketing language','Marketing Title',NULL,NULL,NULL,NULL,NULL,NULL,NULL,41,7),(288,'Germicidal Detergent',NULL,NULL,NULL,NULL,NULL,35,1,NULL,35,40),(289,'For Use Areas / Surfaces',NULL,NULL,NULL,NULL,NULL,33,2,NULL,33,40),(290,'For Use Areas Only',NULL,NULL,NULL,NULL,NULL,37,3,NULL,37,40),(291,'Multi-Purpose Detergent',NULL,NULL,NULL,NULL,NULL,38,4,NULL,38,40),(292,'Germicidal Detergent',NULL,NULL,NULL,NULL,NULL,173,1,80,173,41),(293,'For Use Areas / Surfaces',NULL,NULL,NULL,NULL,NULL,174,2,81,174,41),(294,'For Use Areas Only',NULL,NULL,NULL,NULL,NULL,175,3,82,175,41),(295,'Multi-Purpose Detergent',NULL,NULL,NULL,NULL,NULL,176,4,83,176,41),(296,'Recommended Use','Recommended for use in:',NULL,NULL,NULL,NULL,177,5,84,177,41),(297,'Bactericidal Claims',NULL,NULL,NULL,NULL,NULL,178,6,85,178,41),(298,'Fungicidal',NULL,NULL,NULL,NULL,NULL,179,7,86,179,41),(299,'Virucidal',NULL,NULL,NULL,NULL,NULL,180,8,87,180,41);
/*!40000 ALTER TABLE `s_marketingsection` ENABLE KEYS */;
UNLOCK TABLES;

--
-- Table structure for table `s_marketingstatement`
--

DROP TABLE IF EXISTS `s_marketingstatement`;
/*!40101 SET @saved_cs_client     = @@character_set_client */;
/*!40101 SET character_set_client = utf8 */;
CREATE TABLE `s_marketingstatement` (
  `ID` int(11) NOT NULL,
  `TITLE` varchar(254) DEFAULT NULL,
  `z_TEXT` longtext,
  `EXCLUSIVESTATEMENTS` varchar(1) DEFAULT NULL,
  `SELECTED` varchar(1) DEFAULT NULL,
  `PRIMARYMLC_ID` int(11) DEFAULT NULL,
  `AUTOSEQ` int(11) DEFAULT NULL,
  `FK_ID_S_MARKETINGSTATEMENT` int(11) DEFAULT NULL,
  `FK_ID_S_MARKETINGSECTION` int(11) NOT NULL,
  `FK_ID_M_MARKETINGSTATEMENT` int(11) DEFAULT NULL,
  PRIMARY KEY (`ID`),
  KEY `SMARKETINGSTATEMENTFKIDSM10315` (`FK_ID_S_MARKETINGSTATEMENT`),
  KEY `SMARKETINGSTATEMENTFKIDSM10338` (`FK_ID_S_MARKETINGSECTION`),
  KEY `SMARKETINGSTATEMENTFKIDMM10419` (`FK_ID_M_MARKETINGSTATEMENT`)
) ENGINE=InnoDB DEFAULT CHARSET=utf8;
/*!40101 SET character_set_client = @saved_cs_client */;

--
-- Dumping data for table `s_marketingstatement`
--

LOCK TABLES `s_marketingstatement` WRITE;
/*!40000 ALTER TABLE `s_marketingstatement` DISABLE KEYS */;
INSERT INTO `s_marketingstatement` VALUES (94,NULL,'Recommended for use in kennels, pet shops, veterinary clinics, animal life science laboratories, breeding establishments, grooming establishments, schools, colleges, federally inspected meat and poultry plants, equine farms, tack shops, zoos, poultry farms, turkey farms, dairy farms, hog farms, and households. Disinfects, cleans, and deodorizes the following hard nonporous inanimate surfaces: floors, walls, nonmedical metal surfaces, non-medical stainless steel surfaces, glazed porcelain, plastic surfaces (such as polypropylene, polystyrene, etc.). Recommeded for use in: Federally inspected meat and poultry plants as a disinfectant agent for use in all departments. Food products and packaging materials must be removed from the room or carefully protected. Use product in accordance with its label. All surfaces must be thoroughly rinsed with potable water.',NULL,NULL,71,NULL,NULL,35,71),(95,NULL,'For use on Highchairs, Sealed terra cotta, Tanning Equipment, Plastic (such as polystyrene or polypropylene), Upholstery, Floors, Refrigerators, Conductive flooring, Refrigerated storage and display equipment, Glazed enameled surfaces, Garbage cans, Bathtubs (Fiberglass), Counters (countertops), Doorknobs, Stainless steel, Coils and drain pans of air conditioning and refri, Microwave ovens, Laminated surfaces, Tanning Beds, Other hard nonporous surfaces made of:, Sealed granite, Telephones, Desks, Outdoor furniture, Woodwork, Cabinets, Chairs, Sealed terrazzo, Bathroom fixtures, Countertop laminates, Metal, Appliances, Sealed limestone, Kennel runs, Sealed slate, Glazed ceramic and Cages.',NULL,NULL,72,NULL,NULL,36,72),(96,NULL,NULL,NULL,NULL,75,NULL,NULL,37,75),(135,NULL,'Germicidal Detergent and Deordorant',NULL,NULL,103,NULL,NULL,80,103),(136,NULL,'For use in: {{Area Of Use}}. Disinfects, cleans, and deodorizes the following hard nonporous\r\ninanimate surfaces: {{Surface}}, etc.).',NULL,NULL,101,NULL,NULL,81,101),(137,NULL,'For use in {{Area Of Use}}.',NULL,NULL,104,NULL,NULL,82,104),(138,NULL,'A multi-purpose germicidal detergent and deodorant effective in hard waters up to 400 ppm hard water (calculated as CaCO<sub>3</sub>) plus 5 % organic serum. Disinfects, cleans, and deodorizes in one labor saving step.',NULL,NULL,106,NULL,NULL,83,106),(139,NULL,'Federally inspected meat and poultry plants as a disinfectant agent for use in all departments. Food products and packaging materials must be removed from the room or carefully protected. Use product in accordance with its label. All surfaces must be thoroughly rinsed with potable water.',NULL,NULL,102,NULL,NULL,84,102),(140,NULL,'Bactericidal against the following pathogenic bacteria according to the AOAC Use-Dilution Test method, current edition, modified in the presence of 400 ppm synthetic hard water (calculated as CaCO<sub>3</sub>) plus 5% organic serum:',NULL,NULL,105,NULL,NULL,85,105),(141,NULL,'Fungicidal against {{Claims}} albicans according to the AOAC fungicidal test, modified in the presense of 400 ppm hard water (calculated as CaCO<sub>3</sub>) plus 5% organic serum.',NULL,NULL,107,NULL,NULL,86,107),(142,NULL,'Virucidal against {{Claims}} according to the virucidal qualification, modified in the presence of 400 ppm hard water (calculated as CaCO3) plus 5 % organic serum.',NULL,NULL,108,NULL,NULL,87,108),(143,'optional marketing language','Concentrate (Concentrated)\r\nNeutral (Neutral pH)\r\nDisinfects (Disinfectant)\r\nCleans (Cleaner)\r\nDeodorizes (Deodorizer)\r\n\r\nA multi-purpose, neutral pH, germicidal detergent and deodorant effective in hard water up to 400 ppm (calculated as CaCO3) in the presence of a moderate amount of soil (5% organic serum) according to the AOAC Use-dilution Test.  Disinfects, cleans, and deodorizes in one labor-saving step.\r\n\r\nRecommended for use in hospitals, nursing homes, schools, colleges, commercial and industrial institutions, office buildings, veterinary clinics, animal life science laboratories, zoos, federally inspected meat and poultry plants, equine farms, tack shops, pet shops, airports, kennels, hotels, motels, poultry farms, turkey farms, dairy farms, hog farms, breeding establishments, grooming establishments, funeral homes, and households.  Use to clean and disinfect non-medical (i.e. industrial and fire-fighting) respirators in industrial, commercial and institutional premises.\r\n\r\nDisinfects, cleans, and deodorizes the following hard nonporous inanimate surfaces: floors, walls, (non-medical) metal surfaces, (non-medical) stainless steel surfaces, glazed porcelain, plastic surfaces (such as polypropylene, polystyrene, etc.).\r\n\r\nUse [on] [to clean and disinfect] nonporous athletic mats, wrestling mats, gymnastic mats, exercise equipment and training tables.\r\nUse [on] [to clean and disinfect] nonporous personal protective safety equipment, wrestling headgear, boxing headgear, protective headgear, athletic helmets, hard hats, half mask respirators, full face breathing apparatus, gas masks, goggles, spectacles, face shields, hearing protectors, and ear muffs.  Rinse all equipment that comes in prolonged contact with skin with warm water and allow to air dry before reuse.  [Caution: Cleaning at the recommended 120F. temperature will avoid overheating and distortion of the personal safety equipment that would necessitate replacement.]',NULL,NULL,NULL,NULL,NULL,88,109),(359,NULL,'Germicidal Detergent and Deordorant',NULL,NULL,103,NULL,NULL,288,103),(360,NULL,'For use in: {{Area Of Use}}. Disinfects, cleans, and deodorizes the following hard nonporous\r\ninanimate surfaces: {{Surface}}, etc.).',NULL,NULL,101,NULL,NULL,289,101),(361,NULL,'For use in {{Area Of Use}}.',NULL,NULL,104,NULL,NULL,290,104),(362,NULL,'A multi-purpose germicidal detergent and deodorant effective in hard waters up to 400 ppm hard water (calculated as CaCO<sub>3</sub>) plus 5 % organic serum. Disinfects, cleans, and deodorizes in one labor saving step.',NULL,NULL,106,NULL,NULL,291,106),(363,NULL,'Germicidal Detergent and Deordorant',NULL,NULL,279,NULL,135,292,279),(364,NULL,'For use in: {{Area Of Use}}. Disinfects, cleans, and deodorizes the following hard nonporous\r\ninanimate surfaces: {{Surface}}, etc.).',NULL,NULL,280,NULL,136,293,280),(365,NULL,'For use in {{Area Of Use}}.',NULL,NULL,281,NULL,137,294,281),(366,NULL,'A multi-purpose germicidal detergent xxxxxxxxxxxxxxup to 400 ppm hard water (calculated as CaCO<sub>3</sub>) plus 5 % organic serum. Disinfects, cleans, and deodorizes in one labor saving step.',NULL,NULL,282,NULL,138,295,282),(367,NULL,'Federally inspected meat and poultry plants as a disinfectant agent for use in all departments. Food products and packaging materials must be removed from the room or carefully protected. Use product in accordance with its label. All surfaces must be thoroughly rinsed with potable water.',NULL,NULL,283,NULL,139,296,283),(368,NULL,'Bactericidal against the following pathogenic bacteria according to the AOAC Use-Dilution Test method, current edition, modified in the presence of 400 ppm synthetic hard water (calculated as CaCO<sub>3</sub>) plus 5% organic serum:',NULL,NULL,284,NULL,140,297,284),(369,NULL,'Fungicidal against {{Claims}} albicans according to the AOAC fungicidal test, modified in the presense of 400 ppm hard water (calculated as CaCO<sub>3</sub>) plus 5% organic serum.',NULL,NULL,285,NULL,141,298,285),(370,NULL,'Virucidal against {{Claims}} according to the virucidal qualification, modified in the presence of 400 ppm hard water (calculated as CaCO3) plus 5 % organic serum.',NULL,NULL,286,NULL,142,299,286);
/*!40000 ALTER TABLE `s_marketingstatement` ENABLE KEYS */;
UNLOCK TABLES;

--
-- Table structure for table `s_storagedisposalsection`
--

DROP TABLE IF EXISTS `s_storagedisposalsection`;
/*!40101 SET @saved_cs_client     = @@character_set_client */;
/*!40101 SET character_set_client = utf8 */;
CREATE TABLE `s_storagedisposalsection` (
  `ID` int(11) NOT NULL,
  `NAME` varchar(254) DEFAULT NULL,
  `CONTAINERVOLUME` varchar(3) DEFAULT NULL,
  `CONTAINERTYPE` varchar(30) DEFAULT NULL,
  `SDSECTIONTYPE` varchar(20) DEFAULT NULL,
  `TITLE` varchar(254) DEFAULT NULL,
  `SUBTITLE` longtext,
  `NUMBEREACHSTATEMENT` varchar(1) DEFAULT NULL,
  `REVIEWERNOTE` longtext,
  `EXCLUSIVESTATEMENTS` varchar(1) DEFAULT NULL,
  `SELECTED` varchar(1) DEFAULT NULL,
  `PRIMARYMLC_ID` int(11) DEFAULT NULL,
  `AUTOSEQ` int(11) DEFAULT NULL,
  `FK_ID_M_STORAGEDISPOSALSECTION` int(11) DEFAULT NULL,
  `FK_ID_SUBREGLABELCONTENT` int(11) NOT NULL,
  PRIMARY KEY (`ID`),
  KEY `SSTORAGEDISPOSALSECTIONFK10388` (`FK_ID_M_STORAGEDISPOSALSECTION`),
  KEY `SSTORAGEDISPOSALSECTIONFK10427` (`FK_ID_SUBREGLABELCONTENT`)
) ENGINE=InnoDB DEFAULT CHARSET=utf8;
/*!40101 SET character_set_client = @saved_cs_client */;

--
-- Dumping data for table `s_storagedisposalsection`
--

LOCK TABLES `s_storagedisposalsection` WRITE;
/*!40000 ALTER TABLE `s_storagedisposalsection` DISABLE KEYS */;
INSERT INTO `s_storagedisposalsection` VALUES (7,NULL,'<=1',NULL,'StorageDisposal1','STORAGE AND DISPOSAL',NULL,NULL,'<p style=\"margin-bottom: 0in;\" align=\"JUSTIFY\">Note to reviewer: If the container size is one gallon or less, the following Storage and Disposal directions will be used:)</p>',NULL,NULL,13,1,13,4),(8,NULL,'>1',NULL,'StorageDisposal1','STORAGE AND DISPOSAL',NULL,NULL,'<p>Note to reviewer: If the container size is greater than one gallon, the following Storage and Disposal directions will be used:)</p>',NULL,NULL,14,2,14,4),(24,NULL,'>1',NULL,'StorageDisposal1','STORAGE AND DISPOSAL',NULL,NULL,'<p>Note to reviewer: If the container size is greater than one gallon, the following Storage and Disposal directions will be used:)</p>',NULL,NULL,18,1,18,6),(25,NULL,NULL,NULL,NULL,'STORAGE AND DISPOSAL > 1 gallon','Do not contaminate water, food or feed by storage and disposal.',NULL,NULL,NULL,NULL,NULL,1,20,7),(26,NULL,NULL,NULL,NULL,'STORAGE AND DISPOSAL <= 1 gallon',NULL,NULL,NULL,NULL,NULL,NULL,2,21,7),(27,NULL,NULL,NULL,NULL,'STORAGE AND DISPOSAL - 2 FLUID OZ.',NULL,NULL,NULL,NULL,NULL,NULL,3,22,7),(62,NULL,'>1',NULL,'StorageDisposal1','STORAGE AND DISPOSAL',NULL,NULL,'<p>Note to reviewer: If the container size is greater than one gallon, the following Storage and Disposal directions will be used:)</p>',NULL,NULL,NULL,NULL,NULL,40),(63,NULL,'>1',NULL,'StorageDisposal1','STORAGE AND DISPOSAL',NULL,NULL,'<p>Note to reviewer: If the container size is greater than one gallon, the following Storage and Disposal directions will be used:)</p>',NULL,NULL,49,NULL,49,41);
/*!40000 ALTER TABLE `s_storagedisposalsection` ENABLE KEYS */;
UNLOCK TABLES;

--
-- Table structure for table `s_storagedisposalstatement`
--

DROP TABLE IF EXISTS `s_storagedisposalstatement`;
/*!40101 SET @saved_cs_client     = @@character_set_client */;
/*!40101 SET character_set_client = utf8 */;
CREATE TABLE `s_storagedisposalstatement` (
  `ID` int(11) NOT NULL,
  `z_ORDER` int(11) DEFAULT NULL,
  `TITLE` varchar(254) DEFAULT NULL,
  `z_TEXT` longtext,
  `NOTFORUSETEXT` longtext,
  `NOTFORUSETYPE` varchar(2) NOT NULL,
  `REVIEWERNOTE` longtext,
  `EXCLUSIVESTATEMENTS` varchar(1) DEFAULT NULL,
  `SELECTED` varchar(1) DEFAULT NULL,
  `PRIMARYMLC_ID` int(11) DEFAULT NULL,
  `AUTOSEQ` int(11) DEFAULT NULL,
  `FK_ID_M_STORAGEDISPOSALSTATEMENT` int(11) DEFAULT NULL,
  `FK_ID_S_STORAGEDISPOSALSECTION` int(11) NOT NULL,
  PRIMARY KEY (`ID`),
  KEY `SSTORAGEDISPOSALSTATEMENT10374` (`FK_ID_M_STORAGEDISPOSALSTATEMENT`),
  KEY `SSTORAGEDISPOSALSTATEMENT10428` (`FK_ID_S_STORAGEDISPOSALSECTION`)
) ENGINE=InnoDB DEFAULT CHARSET=utf8;
/*!40101 SET character_set_client = @saved_cs_client */;

--
-- Dumping data for table `s_storagedisposalstatement`
--

LOCK TABLES `s_storagedisposalstatement` WRITE;
/*!40000 ALTER TABLE `s_storagedisposalstatement` DISABLE KEYS */;
INSERT INTO `s_storagedisposalstatement` VALUES (16,NULL,NULL,'Store in original container in areas inaccessible to children. Do not reuse empty container. (Wrap and) Discard in trash or recycle.',NULL,'NA',NULL,NULL,NULL,31,NULL,31,7),(17,NULL,NULL,'Do not contaminate water, food, or feed by storage or disposal.',NULL,'NA',NULL,NULL,NULL,32,1,32,8),(18,NULL,'Pesticide Storage','Store in original container in areas inaccessible to children. Open dumping is prohibited. Do not reuse empty container.',NULL,'NA',NULL,NULL,NULL,33,2,33,8),(19,NULL,'Pesticide Disposal','Pesticide wastes are acutely hazardous. Improper disposal of excess pesticide, spray mixture, or rinsate is a violation of Federal law. If these wastes cannot be disposed of by use according to label instructions, contact your State Pesticide or Environmental Control Agency, or the Hazardous Waste representative at the nearest EPA Regional Office for guidance.',NULL,'NA',NULL,NULL,NULL,34,3,34,8),(20,NULL,'Container Disposal','(Plastic containers:) Triple rinse (or equivalent). Then offer for recycling or reconditioning, or puncture and dispose of in a sanitary landfill, or incinerate, or if allowed by state and local authorities, burn. If burned, stay out of smoke.\r\n(Fiber Drums With Liner:) Completely empty liner by shaking and tapping sides and bottom to loosen clinging particles. Empty residue into application equipment. Then dispose of liner in a sanitary landfill or by incineration if allowed by state and local authorities. If drum is contaminated and cannot by reused, dispose of in the same manner.\r\n(Metal Container:) Triple rinse (or equivalent). Then offer for recycling or reconditioning or puncture and dispose of in a sanitary landfill, or dispose of by other procedures approved by state and local authorities.\r\n(For Bag-in-Box Containers:) Completely empty bag into application equipment. Dispose of empty bag in a sanitary landfill or by incineration, or if allowed by state and local authorities by burning or dispose of by other procedures approved by state and local authorities. If burned, stay out of smoke.\r\n',NULL,'NA',NULL,NULL,NULL,35,4,35,8),(71,NULL,'Storage and Disposal','(containers for household/residential use) Store in original container in areas inaccessible to children. Nonrefillable container. Do not reuse or refill this container. Offer for recycling if available.',NULL,'NA',NULL,NULL,NULL,42,1,42,24),(72,NULL,'Storage and Disposal','(containers for commercial, industrial, and institutional use) Do not contaminate water, food, or feed by storage or disposal.',NULL,'NA',NULL,NULL,NULL,43,2,43,24),(73,NULL,'Pesticide Disposal','Store in original container in areas inaccessible to children. Open dumping is prohibited. Do not reuse empty container.',NULL,'NA',NULL,NULL,NULL,44,3,44,24),(74,NULL,'Pesticide Disposal','Pesticide wastes are acutely hazardous. Improper disposal of excess pesticide, spray mixture or rinsate is a violation of Federal Law. If these wastes cannot be disposed of by use according to label instruction, contact your local State Pesticide or Environmental Control Agency, or the Hazardous Waste representative at the nearest EPA Regional Office for guidance.',NULL,'NA',NULL,NULL,NULL,45,4,45,24),(75,NULL,'Container Handling','(Plastic containers:) Nonrefillable container. Do not reuse or refill this container. Triple rinse container (or equivalent) promptly after emptying. Triple rinse as follows: Fill container 1/4 full with water. Tip container on side and roll it back and forth, ensuring at least one complete revolution for 30 seconds. Stand container on its end and tip it back and forth several times. Turn the container over its other end and tip it back and forth several times. Follow Pesticide Disposal instructions for rinsate disposal. Repeat two more times.',NULL,'NA',NULL,NULL,NULL,46,5,46,24),(76,NULL,NULL,NULL,NULL,'NA',NULL,NULL,NULL,NULL,1,48,25),(77,NULL,'PESTICIDE STORAGE:','Open dumping is prohibited.  Store only in original container. Do not reuse empty container. Keep this product under locked storage sufficient to make it inaccessible to children or persons unfamiliar with its proper use.',NULL,'NA',NULL,NULL,NULL,NULL,2,49,25),(78,NULL,'Pesticide Disposal','Pesticide wastes are acutely hazardous.  Improper disposal of excess pesticide, spray mixture, or rinsate is a violation of Federal law.  If these wastes cannot be disposed of by use according to label instructions, contact your State Pesticide or Environmental Control Agency, or the Hazardous Waste representative at the nearest EPA Regional Office for guidance.',NULL,'NA',NULL,NULL,NULL,NULL,3,50,25),(79,NULL,'Container Disposal','(Plastic containers:) Triple rinse (or equivalent).  Then offer for recycling or reconditioning, or puncture and dispose of in a sanitary landfill, or incinerate, or if allowed by state and local authorities, burn.  If burned, stay out of smoke.\r\n(Fiber Drums With Liner:) Completely empty liner by shaking and tapping sides and bottom to loosen clinging particles.  Empty residue into application equipment.  Then dispose of liner in a sanitary landfill or by incineration if allowed by state and local authorities.  If drum is contaminated and cannot by reused, dispose of in the same manner.\r\n(Metal Container:) Triple rinse (or equivalent).  Then offer for recycling or reconditioning or puncture and dispose of in a sanitary landfill, or dispose of by other procedures approved by state and local authorities.\r\n(For Bag-in-Box Containers:) Completely empty bag into application equipment. Dispose of empty bag in a sanitary landfill or by incineration, or if allowed by state and local authorities by burning or dispose of by other procedures approved by state and local authorities.  If burned, stay out of smoke.',NULL,'NA',NULL,NULL,NULL,NULL,4,51,25),(80,NULL,'STORAGE AND DISPOSAL','Store in original container in areas inaccessible to children. Do not reuse empty container.  Wrap and discard in trash (or recycle).',NULL,'NA',NULL,NULL,NULL,NULL,NULL,52,26),(81,NULL,'DISPOSAL:','Do not reuse container.  Wrap and put in trash collection.',NULL,'NA',NULL,NULL,NULL,NULL,NULL,53,27),(242,NULL,'Storage and Disposal','(containers for household/residential use) Store in original container in areas inaccessible to children. Nonrefillable container. Do not reuse or refill this container. Offer for recycling if available.',NULL,'NA',NULL,NULL,NULL,NULL,1,NULL,62),(243,NULL,'Storage and Disposal','(containers for commercial, industrial, and institutional use) Do not contaminate water, food, or feed by storage or disposal.',NULL,'NA',NULL,NULL,NULL,NULL,2,NULL,62),(244,NULL,'Pesticide Disposal','Store in original container in areas inaccessible to children. Open dumping is prohibited. Do not reuse empty container.',NULL,'NA',NULL,NULL,NULL,NULL,3,NULL,62),(245,NULL,'Pesticide Disposal','Pesticide wastes are acutely hazardous. Improper disposal of excess pesticide, spray mixture or rinsate is a violation of Federal Law. If these wastes cannot be disposed of by use according to label instruction, contact your local State Pesticide or Environmental Control Agency, or the Hazardous Waste representative at the nearest EPA Regional Office for guidance.',NULL,'NA',NULL,NULL,NULL,NULL,4,NULL,62),(246,NULL,'Container Handling','(Plastic containers:) Nonrefillable container. Do not reuse or refill this container. Triple rinse container (or equivalent) promptly after emptying. Triple rinse as follows: Fill container 1/4 full with water. Tip container on side and roll it back and forth, ensuring at least one complete revolution for 30 seconds. Stand container on its end and tip it back and forth several times. Turn the container over its other end and tip it back and forth several times. Follow Pesticide Disposal instructions for rinsate disposal. Repeat two more times.',NULL,'NA',NULL,NULL,NULL,NULL,5,NULL,62),(247,NULL,'Storage and Disposal','(containers for household/residential use) Store in original container in areas inaccessible to children. Nonrefillable container. Do not reuse or refill this container. Offer for recycling if available.',NULL,'NA',NULL,NULL,NULL,145,1,145,63),(248,NULL,'Storage and Disposal','(containers for commercial, industrial, and institutional use) Do not contaminate water, food, or feed by storage or disposal.',NULL,'NA',NULL,NULL,NULL,146,2,146,63),(249,NULL,'Pesticide Disposal','Store in original container in areas inaccessible to children. Open dumping is prohibited. Do not reuse empty container.',NULL,'NA',NULL,NULL,NULL,147,3,147,63),(250,NULL,'Pesticide Disposal','Pesticide wastes are acutely hazardous. Improper disposal of excess pesticide, spray mixture or rinsate is a violation of Federal Law. If these wastes cannot be disposed of by use according to label instruction, contact your local State Pesticide or Environmental Control Agency, or the Hazardous Waste representative at the nearest EPA Regional Office for guidance.',NULL,'NA',NULL,NULL,NULL,148,4,148,63),(251,NULL,'Container Handling','(Plastic containers:) Nonrefillable container. Do not reuse or refill this container. Triple rinse container (or equivalent) promptly after emptying. Triple rinse as follows: Fill container 1/4 full with water. Tip container on side and roll it back and forth, ensuring at least one complete revolution for 30 seconds. Stand container on its end and tip it back and forth several times. Turn the container over its other end and tip it back and forth several times. Follow Pesticide Disposal instructions for rinsate disposal. Repeat two more times.',NULL,'NA',NULL,NULL,NULL,149,5,149,63);
/*!40000 ALTER TABLE `s_storagedisposalstatement` ENABLE KEYS */;
UNLOCK TABLES;

--
-- Table structure for table `s_usage`
--

DROP TABLE IF EXISTS `s_usage`;
/*!40101 SET @saved_cs_client     = @@character_set_client */;
/*!40101 SET character_set_client = utf8 */;
CREATE TABLE `s_usage` (
  `ID` int(11) NOT NULL,
  `USAGETYPE` varchar(1) DEFAULT NULL,
  `CLAIMSCLASSIFICATION` varchar(16) DEFAULT NULL,
  `NAME` varchar(254) NOT NULL,
  `REVIEWERNOTE` longtext,
  `SELECTED` varchar(1) DEFAULT NULL,
  `PRIMARYMLC_ID` int(11) DEFAULT NULL,
  `AUTOSEQ` int(11) DEFAULT NULL,
  `FK_ID_S_USAGE` int(11) DEFAULT NULL,
  `FK_ID_S_USAGEFOOTNOTE` int(11) DEFAULT NULL,
  `FK_ID_M_USAGE` int(11) DEFAULT NULL,
  `FK_ID_SUBREGLABELCONTENT` int(11) DEFAULT NULL,
  `FK_ID_S_USAGETYPE` int(11) DEFAULT NULL,
  PRIMARY KEY (`ID`),
  KEY `S_USAGE_FK_ID_M_USAGE_104160` (`FK_ID_M_USAGE`),
  KEY `S_USAGEFKIDSUBREGLABELCON10440` (`FK_ID_SUBREGLABELCONTENT`),
  KEY `S_USAGE_FK_ID_S_USAGETYPE41609` (`FK_ID_S_USAGETYPE`),
  KEY `S_USAGE_FK_IDSUSAGEFOOTNOTE53156` (`FK_ID_S_USAGEFOOTNOTE`),
  KEY `S_USAGE_FK_ID_S_USAGE_1656930` (`FK_ID_S_USAGE`)
) ENGINE=InnoDB DEFAULT CHARSET=utf8;
/*!40101 SET character_set_client = @saved_cs_client */;

--
-- Dumping data for table `s_usage`
--

LOCK TABLES `s_usage` WRITE;
/*!40000 ALTER TABLE `s_usage` DISABLE KEYS */;
INSERT INTO `s_usage` VALUES (1,'S',NULL,'Sealed stone',NULL,NULL,NULL,NULL,NULL,NULL,NULL,1,NULL),(2,'L',NULL,'Prisons',NULL,NULL,NULL,NULL,NULL,NULL,NULL,1,NULL),(3,'L',NULL,'Institutional Kitchens',NULL,NULL,NULL,NULL,NULL,NULL,NULL,1,NULL),(4,'C','Viruses','*Influenza A/ Hong Kong',NULL,NULL,NULL,NULL,NULL,NULL,NULL,1,NULL),(5,'L',NULL,'Buses',NULL,NULL,NULL,NULL,NULL,NULL,NULL,1,NULL),(6,'L',NULL,'Homes (Households)',NULL,NULL,NULL,NULL,NULL,NULL,NULL,1,NULL),(7,'C','Viruses','*Herpes Simplex Type 1',NULL,NULL,NULL,NULL,NULL,NULL,NULL,1,NULL),(8,'L',NULL,'Zoos',NULL,NULL,NULL,NULL,NULL,NULL,NULL,1,NULL),(9,'L',NULL,'Food Processing Plants',NULL,NULL,NULL,NULL,NULL,NULL,NULL,1,NULL),(10,'C','Viruses','*Feline leukemia',NULL,NULL,NULL,NULL,NULL,NULL,NULL,1,NULL),(11,'C','Viruses','*Transmissible gastroenteritis virus (TGE)\Z',NULL,NULL,NULL,NULL,NULL,NULL,NULL,1,NULL),(12,'L',NULL,'Locker Rooms',NULL,NULL,NULL,NULL,NULL,NULL,NULL,1,NULL),(13,'L',NULL,'Animal Life Science Laboratories',NULL,NULL,NULL,NULL,NULL,NULL,NULL,1,NULL),(14,'S',NULL,'Plastic (such as polystyrene or polypropylene)',NULL,NULL,NULL,NULL,NULL,NULL,NULL,1,NULL),(15,'S',NULL,'Other hard nonporous surfaces made of:',NULL,NULL,NULL,NULL,NULL,NULL,NULL,1,NULL),(16,'S',NULL,'Refrigerators',NULL,NULL,NULL,NULL,NULL,NULL,NULL,1,NULL),(17,'S',NULL,'Garbage cans',NULL,NULL,NULL,NULL,NULL,NULL,NULL,1,NULL),(18,'S',NULL,'Counters (countertops)',NULL,NULL,NULL,NULL,NULL,NULL,NULL,1,NULL),(19,'S',NULL,'Cabinets',NULL,NULL,NULL,NULL,NULL,NULL,NULL,1,NULL),(20,'L',NULL,'Office Buildings',NULL,NULL,NULL,NULL,NULL,NULL,NULL,1,NULL),(21,'L',NULL,'Bathrooms',NULL,NULL,NULL,NULL,NULL,NULL,NULL,1,NULL),(22,'L',NULL,'Mortuaries',NULL,NULL,NULL,NULL,NULL,NULL,NULL,1,NULL),(23,'L',NULL,'Transportation Terminals',NULL,NULL,NULL,NULL,NULL,NULL,NULL,1,NULL),(24,'L',NULL,'Emergency Vehicles',NULL,NULL,NULL,NULL,NULL,NULL,NULL,1,NULL),(25,'L',NULL,'Hog Farms',NULL,NULL,NULL,NULL,NULL,NULL,NULL,1,NULL),(26,'L',NULL,'Federally Inspected Meat and Poultry Plants',NULL,NULL,NULL,NULL,NULL,NULL,NULL,1,NULL),(27,'L',NULL,'Dental Offices',NULL,NULL,NULL,NULL,NULL,NULL,NULL,1,NULL),(28,'L',NULL,'Commercial Institutions',NULL,NULL,NULL,NULL,NULL,NULL,NULL,1,NULL),(29,'L',NULL,'Campers',NULL,NULL,NULL,NULL,NULL,NULL,NULL,1,NULL),(30,'L',NULL,'Breweries',NULL,NULL,NULL,NULL,NULL,NULL,NULL,1,NULL),(31,'L',NULL,'Bars',NULL,NULL,NULL,NULL,NULL,NULL,NULL,1,NULL),(32,'L',NULL,'Animal Laboratories',NULL,NULL,NULL,NULL,NULL,NULL,NULL,1,NULL),(33,'C','Viruses','*Rubella (German Measles)',NULL,NULL,NULL,NULL,NULL,NULL,NULL,1,NULL),(34,'L',NULL,'Institutional Facilities',NULL,NULL,NULL,NULL,NULL,NULL,NULL,1,NULL),(35,'L',NULL,'Laundry Industry',NULL,NULL,NULL,NULL,NULL,NULL,NULL,1,NULL),(36,'L',NULL,'Morgues',NULL,NULL,NULL,NULL,NULL,NULL,NULL,1,NULL),(37,'C','Fungi','[a cause of Ringworm] [a cause of Ringworm of the foot]',NULL,NULL,NULL,NULL,NULL,NULL,NULL,1,NULL),(38,'L',NULL,'Tack Shops',NULL,NULL,NULL,NULL,NULL,NULL,NULL,1,NULL),(39,'L',NULL,'Convenience Stores',NULL,NULL,NULL,NULL,NULL,NULL,NULL,1,NULL),(40,'L',NULL,'Whirlpool and Foot Spa Use',NULL,NULL,NULL,NULL,NULL,NULL,NULL,1,NULL),(41,'L',NULL,'Trains',NULL,NULL,NULL,NULL,NULL,NULL,NULL,1,NULL),(42,'L',NULL,'Shower and Bath Areas',NULL,NULL,NULL,NULL,NULL,NULL,NULL,1,NULL),(43,'L',NULL,'Recreational Vehicle Use',NULL,NULL,NULL,NULL,NULL,NULL,NULL,1,NULL),(44,'L',NULL,'Poultry Farms',NULL,NULL,NULL,NULL,NULL,NULL,NULL,1,NULL),(45,'L',NULL,'Nursing Homes',NULL,NULL,NULL,NULL,NULL,NULL,NULL,1,NULL),(46,'C','Viruses','*Infectious bronchitis (Avian IBV)',NULL,NULL,NULL,NULL,NULL,NULL,NULL,1,NULL),(47,'L',NULL,'Institutions',NULL,NULL,NULL,NULL,NULL,NULL,NULL,1,NULL),(48,'S',NULL,'Glazed ceramic',NULL,NULL,NULL,NULL,NULL,NULL,NULL,1,NULL),(49,'L',NULL,'Hospitals',NULL,NULL,NULL,NULL,NULL,NULL,NULL,1,NULL),(50,'L',NULL,'Salons (Beauty)',NULL,NULL,NULL,NULL,NULL,NULL,NULL,1,NULL),(51,'L',NULL,'Cars',NULL,NULL,NULL,NULL,NULL,NULL,NULL,1,NULL),(52,'C','Bacteria','Staphylococcus aureus- Methicillin resistant (MRSA)',NULL,NULL,NULL,NULL,NULL,NULL,NULL,1,NULL),(53,'S',NULL,'Refrigerated storage and display equipment',NULL,NULL,NULL,NULL,NULL,NULL,NULL,1,NULL),(54,'C','Viruses','*Herpes Simplex Type 2',NULL,NULL,NULL,NULL,NULL,NULL,NULL,1,NULL),(55,'L',NULL,'Protective Safety Gear',NULL,NULL,NULL,NULL,NULL,NULL,NULL,1,NULL),(56,'L',NULL,'Business and Office Buildings',NULL,NULL,NULL,NULL,NULL,NULL,NULL,1,NULL),(57,'C','Bacteria','(2)  antibiotic-resistant strain only',NULL,NULL,NULL,NULL,NULL,NULL,NULL,1,NULL),(58,'L',NULL,'Correctional Facilities',NULL,NULL,NULL,NULL,NULL,NULL,NULL,1,NULL),(59,'L',NULL,'Tanning Salons',NULL,NULL,NULL,NULL,NULL,NULL,NULL,1,NULL),(60,'C','Viruses','*Pseudorabies (PRV)',NULL,NULL,NULL,NULL,NULL,NULL,NULL,1,NULL),(61,'T',NULL,'General Purpose Anti-microbial',NULL,NULL,NULL,NULL,NULL,NULL,NULL,1,NULL),(62,'L',NULL,'Food Storage Areas',NULL,NULL,NULL,NULL,NULL,NULL,NULL,1,NULL),(63,'C','Viruses','*Feline picomavirus',NULL,NULL,NULL,NULL,NULL,NULL,NULL,1,NULL),(64,'S',NULL,'Sealed terra cotta',NULL,NULL,NULL,NULL,NULL,NULL,NULL,1,NULL),(65,'L',NULL,'Turkey Farms',NULL,NULL,NULL,NULL,NULL,NULL,NULL,1,NULL),(66,'L',NULL,'Equine Farms',NULL,NULL,NULL,NULL,NULL,NULL,NULL,1,NULL),(67,'C','Viruses','*Adenovirus Type 4',NULL,NULL,NULL,NULL,NULL,NULL,NULL,1,NULL),(68,'S',NULL,'Sealed granite',NULL,NULL,NULL,NULL,NULL,NULL,NULL,1,NULL),(69,'C','Bacteria','Salmonella typhimurium',NULL,NULL,NULL,NULL,NULL,NULL,NULL,1,NULL),(70,'S',NULL,'Highchairs',NULL,NULL,NULL,NULL,NULL,NULL,NULL,1,NULL),(71,'L',NULL,'Restaurants',NULL,NULL,NULL,NULL,NULL,NULL,NULL,1,NULL),(72,'L',NULL,'Carpeting',NULL,NULL,NULL,NULL,NULL,NULL,NULL,1,NULL),(73,'C','Bacteria','(1)  ATCC & antibiotic-resistant strain',NULL,NULL,NULL,NULL,NULL,NULL,NULL,1,NULL),(74,'C','Bacteria','<p>Staphylococcus aureus<sub> (1)</sub></p>',NULL,NULL,NULL,NULL,NULL,NULL,NULL,1,NULL),(75,'C','Bacteria','Salmonella typhi',NULL,NULL,NULL,NULL,NULL,NULL,NULL,1,NULL),(76,'C','Bacteria','Proteus mirabilis',NULL,NULL,NULL,NULL,NULL,NULL,NULL,1,NULL),(77,'C','Bacteria','Fusobacterium necrophorum',NULL,NULL,NULL,NULL,NULL,NULL,NULL,1,NULL),(78,'C','Bacteria','Chlamydia psittaci',NULL,NULL,NULL,NULL,NULL,NULL,NULL,1,NULL),(79,'T',NULL,'Algaecide',NULL,NULL,NULL,NULL,NULL,NULL,NULL,1,NULL),(80,'C','Bacteria','Enterobacter aerogenes',NULL,NULL,NULL,NULL,NULL,NULL,NULL,1,NULL),(81,'C','Viruses','*Vaccinia [Pox virus]',NULL,NULL,NULL,NULL,NULL,NULL,NULL,1,NULL),(82,'L',NULL,'Medical Clinics',NULL,NULL,NULL,NULL,NULL,NULL,NULL,1,NULL),(83,'T',NULL,'Disinfectant',NULL,NULL,NULL,NULL,NULL,NULL,NULL,1,NULL),(84,'L',NULL,'Pet Animal Quarters',NULL,NULL,NULL,NULL,NULL,NULL,NULL,1,NULL),(85,'L',NULL,'Beverage Plants',NULL,NULL,NULL,NULL,NULL,NULL,NULL,1,NULL),(86,'C','Bacteria','Proteus vulgaris',NULL,NULL,NULL,NULL,NULL,NULL,NULL,1,NULL),(87,'S',NULL,'Countertop laminates',NULL,NULL,NULL,NULL,NULL,NULL,NULL,1,NULL),(88,'L',NULL,'Motels',NULL,NULL,NULL,NULL,NULL,NULL,NULL,1,NULL),(89,'L',NULL,'Athletic Facilities',NULL,NULL,NULL,NULL,NULL,NULL,NULL,1,NULL),(90,'C','Bacteria','<p>Kiebsiella pneumoniae<sub> (1)</sub></p>',NULL,NULL,NULL,NULL,NULL,NULL,NULL,1,NULL),(91,'S',NULL,'Cages',NULL,NULL,NULL,NULL,NULL,NULL,NULL,1,NULL),(92,'S',NULL,'Woodwork',NULL,NULL,NULL,NULL,NULL,NULL,NULL,1,NULL),(93,'T',NULL,'Viruscide',NULL,NULL,NULL,NULL,NULL,NULL,NULL,1,NULL),(94,'L',NULL,'Pet Shops',NULL,NULL,NULL,NULL,NULL,NULL,NULL,1,NULL),(95,'L',NULL,'Mushroom Farms',NULL,NULL,NULL,NULL,NULL,NULL,NULL,1,NULL),(96,'L',NULL,'Medical Offices',NULL,NULL,NULL,NULL,NULL,NULL,NULL,1,NULL),(97,'L',NULL,'Kennels',NULL,NULL,NULL,NULL,NULL,NULL,NULL,1,NULL),(98,'L',NULL,'Hotels',NULL,NULL,NULL,NULL,NULL,NULL,NULL,1,NULL),(99,'L',NULL,'Funeral Homes',NULL,NULL,NULL,NULL,NULL,NULL,NULL,1,NULL),(100,'L',NULL,'Factories',NULL,NULL,NULL,NULL,NULL,NULL,NULL,1,NULL),(101,'L',NULL,'Dairy Farms',NULL,NULL,NULL,NULL,NULL,NULL,NULL,1,NULL),(102,'L',NULL,'Citus Plants ',NULL,NULL,NULL,NULL,NULL,NULL,NULL,1,NULL),(103,'L',NULL,'Public Facilities',NULL,NULL,NULL,NULL,NULL,NULL,NULL,1,NULL),(104,'L',NULL,'Schools',NULL,NULL,NULL,NULL,NULL,NULL,NULL,1,NULL),(105,'L',NULL,'Taxis',NULL,NULL,NULL,NULL,NULL,NULL,NULL,1,NULL),(106,'S',NULL,'Stainless steel',NULL,NULL,NULL,NULL,NULL,NULL,NULL,1,NULL),(107,'S',NULL,'Sealed marble',NULL,NULL,NULL,NULL,NULL,NULL,NULL,1,NULL),(108,'S',NULL,'Laminated surfaces',NULL,NULL,NULL,NULL,NULL,NULL,NULL,1,NULL),(109,'S',NULL,'Tanning Equipment',NULL,NULL,NULL,NULL,NULL,NULL,NULL,1,NULL),(110,'S',NULL,'Microwave ovens',NULL,NULL,NULL,NULL,NULL,NULL,NULL,1,NULL),(111,'S',NULL,'Doorknobs',NULL,NULL,NULL,NULL,NULL,NULL,NULL,1,NULL),(112,'S',NULL,'Coils and drain pans of air conditioning and refrigeration equipment and heat pumps',NULL,NULL,NULL,NULL,NULL,NULL,NULL,1,NULL),(113,'S',NULL,'Bathroom fixtures',NULL,NULL,NULL,NULL,NULL,NULL,NULL,1,NULL),(114,'L',NULL,'USDA Inspected Food Processing Facilities',NULL,NULL,NULL,NULL,NULL,NULL,NULL,1,NULL),(115,'L',NULL,'Cafeterias',NULL,NULL,NULL,NULL,NULL,NULL,NULL,1,NULL),(116,'L',NULL,'Boats',NULL,NULL,NULL,NULL,NULL,NULL,NULL,1,NULL),(117,'T',NULL,'Tuberculocide',NULL,NULL,NULL,NULL,NULL,NULL,NULL,1,NULL),(118,'T',NULL,'Sanitizer',NULL,NULL,NULL,NULL,NULL,NULL,NULL,1,NULL),(119,'S',NULL,'Sealed terrazzo',NULL,NULL,NULL,NULL,NULL,NULL,NULL,1,NULL),(120,'S',NULL,'Sealed limestone',NULL,NULL,NULL,NULL,NULL,NULL,NULL,1,NULL),(121,'S',NULL,'Glazed enameled surfaces',NULL,NULL,NULL,NULL,NULL,NULL,NULL,1,NULL),(122,'S',NULL,'Tanning Beds',NULL,NULL,NULL,NULL,NULL,NULL,NULL,1,NULL),(123,'S',NULL,'Kennel runs',NULL,NULL,NULL,NULL,NULL,NULL,NULL,1,NULL),(124,'S',NULL,'Desks',NULL,NULL,NULL,NULL,NULL,NULL,NULL,1,NULL),(125,'S',NULL,'Chairs',NULL,NULL,NULL,NULL,NULL,NULL,NULL,1,NULL),(126,'C','Bacteria','Enterobacter cloacae',NULL,NULL,NULL,NULL,NULL,NULL,NULL,1,NULL),(127,'C','Bacteria','Legionella pneumophilia',NULL,NULL,NULL,NULL,NULL,NULL,NULL,1,NULL),(128,'C','Bacteria','<p>Pseudomonas aeruginosa<sub> (1)</sub></p>',NULL,NULL,NULL,NULL,NULL,NULL,NULL,1,NULL),(129,'L',NULL,'Automotive Industy',NULL,NULL,NULL,NULL,NULL,NULL,NULL,1,NULL),(130,'L',NULL,'Airplanes',NULL,NULL,NULL,NULL,NULL,NULL,NULL,1,NULL),(131,'C','Viruses','*Rabies',NULL,NULL,NULL,NULL,NULL,NULL,NULL,1,NULL),(132,'C','Viruses','*Human coronavirus ',NULL,NULL,NULL,NULL,NULL,NULL,NULL,1,NULL),(133,'C','Viruses','*HIV-1 (AIDS virus)',NULL,NULL,NULL,NULL,NULL,NULL,NULL,1,NULL),(134,'C','Viruses','*Avian polyomavirus',NULL,NULL,NULL,NULL,NULL,NULL,NULL,1,NULL),(135,'C','Fungi','Aspergillus niger',NULL,NULL,NULL,NULL,NULL,NULL,NULL,1,NULL),(136,'C','Bacteria','Staphylococcus aureus- Vancomycin Intermediate Resistant (VISA)',NULL,NULL,NULL,NULL,NULL,NULL,NULL,1,NULL),(137,'C','Bacteria','Serratia marcescens',NULL,NULL,NULL,NULL,NULL,NULL,NULL,1,NULL),(138,'S',NULL,'Appliances',NULL,NULL,NULL,NULL,NULL,NULL,NULL,1,NULL),(139,'C','Viruses','*Hepatitis C Virus (HCV)',NULL,NULL,NULL,NULL,NULL,NULL,NULL,1,NULL),(140,'S',NULL,'Telephones',NULL,NULL,NULL,NULL,NULL,NULL,NULL,1,NULL),(141,'S',NULL,'Outdoor furniture',NULL,NULL,NULL,NULL,NULL,NULL,NULL,1,NULL),(142,'S',NULL,'Floors',NULL,NULL,NULL,NULL,NULL,NULL,NULL,1,NULL),(143,'S',NULL,'Conductive flooring',NULL,NULL,NULL,NULL,NULL,NULL,NULL,1,NULL),(144,'S',NULL,'Bathtubs (Fiberglass)',NULL,NULL,NULL,NULL,NULL,NULL,NULL,1,NULL),(145,'L',NULL,'Verterinary Clinics',NULL,NULL,NULL,NULL,NULL,NULL,NULL,1,NULL),(146,'L',NULL,'Trailers',NULL,NULL,NULL,NULL,NULL,NULL,NULL,1,NULL),(147,'L',NULL,'Ships',NULL,NULL,NULL,NULL,NULL,NULL,NULL,1,NULL),(148,'L',NULL,'Public Rest Rooms',NULL,NULL,NULL,NULL,NULL,NULL,NULL,1,NULL),(149,'S',NULL,'Metal',NULL,NULL,NULL,NULL,NULL,NULL,NULL,1,NULL),(150,'S',NULL,'Sealed slate',NULL,NULL,NULL,NULL,NULL,NULL,NULL,1,NULL),(151,'S',NULL,'Upholstery',NULL,NULL,NULL,NULL,NULL,NULL,NULL,1,NULL),(152,'C','Viruses','*Canine parvovirus- at 2 oz. per gallon',NULL,NULL,NULL,NULL,NULL,NULL,NULL,1,NULL),(153,'C','Fungi','Trichophyton mentagrophytes [Athlete\'s Foot Fungus]',NULL,NULL,NULL,NULL,NULL,NULL,NULL,1,NULL),(154,'C','Bacteria','<p>Streptococcus faecalis<sub> (1)</sub></p>',NULL,NULL,NULL,NULL,NULL,NULL,NULL,1,NULL),(155,'C','Bacteria','Shigella sonnei',NULL,NULL,NULL,NULL,NULL,NULL,NULL,1,NULL),(156,'C','Bacteria','Salmonella enteritidis',NULL,NULL,NULL,NULL,NULL,NULL,NULL,1,NULL),(157,'C','Bacteria','Pasteurella multocida ',NULL,NULL,NULL,NULL,NULL,NULL,NULL,1,NULL),(158,'C','Bacteria','<p>Escherichia coli<sub> (1)</sub></p>',NULL,NULL,NULL,NULL,NULL,NULL,NULL,1,NULL),(159,'C','Bacteria','Bordetella bronchiseptica',NULL,NULL,NULL,NULL,NULL,NULL,NULL,1,NULL),(160,'T',NULL,'Fungicide',NULL,NULL,NULL,NULL,NULL,NULL,NULL,1,NULL),(161,'L',NULL,'Playground Equipment',NULL,NULL,NULL,NULL,NULL,NULL,NULL,1,NULL),(162,'L',NULL,'Nurseries',NULL,NULL,NULL,NULL,NULL,NULL,NULL,1,NULL),(163,'C','Viruses','*Infectious bovine rhinotracheitis',NULL,NULL,NULL,NULL,NULL,NULL,NULL,1,NULL),(164,'C','Viruses','*Hepatitis B Virus (HBV)',NULL,NULL,NULL,NULL,NULL,NULL,NULL,1,NULL),(165,'C','Viruses','*Canine distemper',NULL,NULL,NULL,NULL,NULL,NULL,NULL,1,NULL),(166,'C','Fungi','Candida albicans',NULL,NULL,NULL,NULL,NULL,NULL,NULL,1,NULL),(167,'C','Bacteria','<p>Staphylococcus epidermidis<sub> (2)</sub></p>',NULL,NULL,NULL,NULL,NULL,NULL,NULL,1,NULL),(168,'C','Bacteria','Shigella fiexneri',NULL,NULL,NULL,NULL,NULL,NULL,NULL,1,NULL),(169,'C','Bacteria','Salmonella choleraesuis',NULL,NULL,NULL,NULL,NULL,NULL,NULL,1,NULL),(170,'C','Bacteria','Listeria monocytogenes',NULL,NULL,NULL,NULL,NULL,NULL,NULL,1,NULL),(171,'C','Bacteria','Enterococcus faecalis- Vancomycin Resistant (VRE)',NULL,NULL,NULL,NULL,NULL,NULL,NULL,1,NULL),(172,'C','Viruses','*Respiratory Syncytial Virus (RSV)',NULL,NULL,NULL,NULL,NULL,NULL,NULL,1,NULL),(173,'L',NULL,'Airports',NULL,NULL,NULL,NULL,NULL,NULL,NULL,1,NULL),(174,'L',NULL,'Barber Shops',NULL,NULL,NULL,NULL,NULL,NULL,NULL,1,NULL),(175,'L',NULL,'Mobile Homes',NULL,NULL,NULL,NULL,NULL,NULL,NULL,1,NULL),(176,'L',NULL,'Kitchens',NULL,NULL,NULL,NULL,NULL,NULL,NULL,1,NULL),(177,'L',NULL,'Industrial Institutions',NULL,NULL,NULL,NULL,NULL,NULL,NULL,1,NULL),(178,'L',NULL,'Health Care Facilities',NULL,NULL,NULL,NULL,NULL,NULL,NULL,1,NULL),(179,'L',NULL,'Farms',NULL,NULL,NULL,NULL,NULL,NULL,NULL,1,NULL),(180,'L',NULL,'Day Care Centers',NULL,NULL,NULL,NULL,NULL,NULL,NULL,1,NULL),(181,'L',NULL,'Colleges',NULL,NULL,NULL,NULL,NULL,NULL,NULL,1,NULL),(182,'L',NULL,'Camp Grounds',NULL,NULL,NULL,NULL,NULL,NULL,NULL,1,NULL),(183,'L',NULL,'Breeding and Grooming Establishments',NULL,NULL,NULL,NULL,NULL,NULL,NULL,1,NULL),(184,'C','Bacteria','Acinetobacter calcoaceticus',NULL,NULL,NULL,NULL,NULL,NULL,NULL,1,NULL),(185,'C','Bacteria','(1)  ATCC & antibiotic-resistant strain',NULL,NULL,NULL,NULL,NULL,NULL,962,2,NULL),(186,'C','Bacteria','(2)  antibiotic-resistant strain only',NULL,NULL,NULL,NULL,NULL,NULL,946,2,NULL),(187,'C','Bacteria','<p>Escherichia coli<sub> (1)</sub></p>',NULL,NULL,NULL,NULL,NULL,NULL,1047,2,NULL),(188,'C','Bacteria','<p>Kiebsiella pneumoniae<sub> (1)</sub></p>',NULL,NULL,NULL,NULL,NULL,NULL,979,2,NULL),(189,'C','Bacteria','<p>Pseudomonas aeruginosa<sub> (1)</sub></p>',NULL,NULL,NULL,NULL,NULL,NULL,1017,2,NULL),(190,'C','Bacteria','<p>Staphylococcus aureus<sub> (1)</sub></p>',NULL,NULL,NULL,NULL,NULL,NULL,963,2,NULL),(191,'C','Bacteria','<p>Staphylococcus epidermidis<sub> (2)</sub></p>',NULL,NULL,NULL,NULL,NULL,NULL,1056,2,NULL),(192,'C','Bacteria','<p>Streptococcus faecalis<sub> (1)</sub></p>',NULL,NULL,NULL,NULL,NULL,NULL,1043,2,NULL),(193,'C','Bacteria','Acinetobacter calcoaceticus',NULL,NULL,NULL,NULL,NULL,NULL,1073,2,NULL),(194,'C','Bacteria','Bordetella bronchiseptica',NULL,NULL,NULL,NULL,NULL,NULL,1048,2,NULL),(195,'C','Bacteria','Chlamydia psittaci',NULL,NULL,NULL,NULL,NULL,NULL,967,2,NULL),(196,'C','Bacteria','Enterobacter aerogenes',NULL,NULL,NULL,NULL,NULL,NULL,969,2,NULL),(197,'C','Bacteria','Enterobacter cloacae',NULL,NULL,NULL,NULL,NULL,NULL,1015,2,NULL),(198,'C','Bacteria','Enterococcus faecalis- Vancomycin Resistant (VRE)',NULL,NULL,NULL,NULL,NULL,NULL,1060,2,NULL),(199,'C','Bacteria','Fusobacterium necrophorum',NULL,NULL,NULL,NULL,NULL,NULL,966,2,NULL),(200,'C','Bacteria','Legionella pneumophilia',NULL,NULL,NULL,NULL,NULL,NULL,1016,2,NULL),(201,'C','Bacteria','Listeria monocytogenes',NULL,NULL,NULL,NULL,NULL,NULL,1059,2,NULL),(202,'C','Bacteria','Pasteurella multocida ',NULL,NULL,NULL,NULL,NULL,NULL,1046,2,NULL),(203,'C','Bacteria','Proteus mirabilis',NULL,NULL,NULL,NULL,NULL,NULL,965,2,NULL),(204,'C','Bacteria','Proteus vulgaris',NULL,NULL,NULL,NULL,NULL,NULL,975,2,NULL),(205,'C','Bacteria','Salmonella choleraesuis',NULL,NULL,NULL,NULL,NULL,NULL,1058,2,NULL),(206,'C','Bacteria','Salmonella enteritidis',NULL,NULL,NULL,NULL,NULL,NULL,1045,2,NULL),(207,'C','Bacteria','Salmonella typhi',NULL,NULL,NULL,NULL,NULL,NULL,964,2,NULL),(208,'C','Bacteria','Salmonella typhimurium',NULL,NULL,NULL,NULL,NULL,NULL,958,2,NULL),(209,'C','Bacteria','Serratia marcescens',NULL,NULL,NULL,NULL,NULL,NULL,1026,2,NULL),(210,'C','Bacteria','Shigella fiexneri',NULL,NULL,NULL,NULL,NULL,NULL,1057,2,NULL),(211,'C','Bacteria','Shigella sonnei',NULL,NULL,NULL,NULL,NULL,NULL,1044,2,NULL),(212,'C','Bacteria','Staphylococcus aureus- Methicillin resistant (MRSA)',NULL,NULL,NULL,NULL,NULL,NULL,941,2,NULL),(213,'C','Bacteria','Staphylococcus aureus- Vancomycin Intermediate Resistant (VISA)',NULL,NULL,NULL,NULL,NULL,NULL,1025,2,NULL),(214,'C','Fungi','Aspergillus niger',NULL,NULL,NULL,30,NULL,NULL,1024,2,NULL),(215,'C','Fungi','Candida albicans',NULL,NULL,NULL,31,NULL,NULL,1055,2,NULL),(216,'C','Fungi','Trichophyton mentagrophytes [Athlete\'s Foot Fungus]',NULL,NULL,NULL,32,NULL,NULL,1042,2,NULL),(217,'C','Fungi','[a cause of Ringworm] [a cause of Ringworm of the foot]',NULL,NULL,NULL,33,NULL,NULL,926,2,NULL),(218,'C','Viruses','*Adenovirus Type 4',NULL,NULL,NULL,NULL,NULL,NULL,956,2,NULL),(219,'C','Viruses','*Avian polyomavirus',NULL,NULL,NULL,NULL,NULL,NULL,1023,2,NULL),(220,'C','Viruses','*Canine distemper',NULL,NULL,NULL,NULL,NULL,NULL,1054,2,NULL),(221,'C','Viruses','*Canine parvovirus- at 2 oz. per gallon',NULL,NULL,NULL,NULL,NULL,NULL,1041,2,NULL),(222,'C','Viruses','*Feline leukemia',NULL,NULL,NULL,NULL,NULL,NULL,1083,2,NULL),(223,'C','Viruses','*Feline picomavirus',NULL,NULL,NULL,NULL,NULL,NULL,952,2,NULL),(224,'C','Viruses','*HIV-1 (AIDS virus)',NULL,NULL,NULL,NULL,NULL,NULL,1022,2,NULL),(225,'C','Viruses','*Hepatitis B Virus (HBV)',NULL,NULL,NULL,NULL,NULL,NULL,1053,2,NULL),(226,'C','Viruses','*Hepatitis C Virus (HCV)',NULL,NULL,NULL,NULL,NULL,NULL,1028,2,NULL),(227,'C','Viruses','*Herpes Simplex Type 1',NULL,NULL,NULL,NULL,NULL,NULL,1080,2,NULL),(228,'C','Viruses','*Herpes Simplex Type 2',NULL,NULL,NULL,NULL,NULL,NULL,943,2,NULL),(229,'C','Viruses','*Human coronavirus ',NULL,NULL,NULL,NULL,NULL,NULL,1021,2,NULL),(230,'C','Viruses','*Infectious bovine rhinotracheitis',NULL,NULL,NULL,NULL,NULL,NULL,1052,2,NULL),(231,'C','Viruses','*Infectious bronchitis (Avian IBV)',NULL,NULL,NULL,NULL,NULL,NULL,935,2,NULL),(232,'C','Viruses','*Influenza A/ Hong Kong',NULL,NULL,NULL,NULL,NULL,NULL,1077,2,NULL),(233,'C','Viruses','*Pseudorabies (PRV)',NULL,NULL,NULL,NULL,NULL,NULL,949,2,NULL),(234,'C','Viruses','*Rabies',NULL,NULL,NULL,NULL,NULL,NULL,1020,2,NULL),(235,'C','Viruses','*Respiratory Syncytial Virus (RSV)',NULL,NULL,NULL,NULL,NULL,NULL,1061,2,NULL),(236,'C','Viruses','*Rubella (German Measles)',NULL,NULL,NULL,NULL,NULL,NULL,922,2,NULL),(237,'C','Viruses','*Transmissible gastroenteritis virus (TGE)\Z',NULL,NULL,NULL,NULL,NULL,NULL,1084,2,NULL),(238,'C','Viruses','*Vaccinia [Pox virus]',NULL,NULL,NULL,NULL,NULL,NULL,970,2,NULL),(239,'S',NULL,'Appliances',NULL,NULL,NULL,NULL,NULL,NULL,1027,2,NULL),(240,'S',NULL,'Bathroom fixtures',NULL,NULL,NULL,NULL,NULL,NULL,1002,2,NULL),(241,'S',NULL,'Bathtubs (Fiberglass)',NULL,NULL,NULL,NULL,NULL,NULL,1033,2,NULL),(242,'S',NULL,'Cabinets',NULL,NULL,NULL,NULL,NULL,NULL,1092,2,NULL),(243,'S',NULL,'Cages',NULL,NULL,NULL,NULL,NULL,NULL,980,2,NULL),(244,'S',NULL,'Chairs',NULL,NULL,NULL,NULL,NULL,NULL,1014,2,NULL),(245,'S',NULL,'Coils and drain pans of air conditioning and refrigeration equipment and heat pumps',NULL,NULL,NULL,NULL,NULL,NULL,1001,2,NULL),(246,'S',NULL,'Conductive flooring',NULL,NULL,NULL,NULL,NULL,NULL,1032,2,NULL),(247,'S',NULL,'Counters (countertops)',NULL,NULL,NULL,NULL,NULL,NULL,1091,2,NULL),(248,'S',NULL,'Countertop laminates',NULL,NULL,NULL,NULL,NULL,NULL,976,2,NULL),(249,'S',NULL,'Desks',NULL,NULL,NULL,NULL,NULL,NULL,1013,2,NULL),(250,'S',NULL,'Doorknobs',NULL,NULL,NULL,NULL,NULL,NULL,1000,2,NULL),(251,'S',NULL,'Floors',NULL,NULL,NULL,NULL,NULL,NULL,1031,2,NULL),(252,'S',NULL,'Garbage cans',NULL,NULL,NULL,NULL,NULL,NULL,1090,2,NULL),(253,'S',NULL,'Glazed ceramic',NULL,NULL,NULL,NULL,NULL,NULL,937,2,NULL),(254,'S',NULL,'Glazed enameled surfaces',NULL,NULL,NULL,NULL,NULL,NULL,1010,2,NULL),(255,'S',NULL,'Highchairs',NULL,NULL,NULL,NULL,NULL,NULL,959,2,NULL),(256,'S',NULL,'Kennel runs',NULL,NULL,NULL,NULL,NULL,NULL,1012,2,NULL),(257,'S',NULL,'Laminated surfaces',NULL,NULL,NULL,NULL,NULL,NULL,997,2,NULL),(258,'S',NULL,'Metal',NULL,NULL,NULL,NULL,NULL,NULL,1038,2,NULL),(259,'S',NULL,'Microwave ovens',NULL,NULL,NULL,NULL,NULL,NULL,999,2,NULL),(260,'S',NULL,'Non-medical metal surfaces,',NULL,NULL,NULL,NULL,NULL,NULL,1105,2,NULL),(261,'S',NULL,'Non-medical stainless steel surfaces,',NULL,NULL,NULL,NULL,NULL,NULL,1106,2,NULL),(262,'S',NULL,'Other hard nonporous surfaces made of:',NULL,NULL,NULL,NULL,NULL,NULL,1088,2,NULL),(263,'S',NULL,'Outdoor furniture',NULL,NULL,NULL,NULL,NULL,NULL,1030,2,NULL),(264,'S',NULL,'Plastic (such as polystyrene or polypropylene)',NULL,NULL,NULL,NULL,NULL,NULL,1087,2,NULL),(265,'S',NULL,'Refrigerated storage and display equipment',NULL,NULL,NULL,NULL,NULL,NULL,942,2,NULL),(266,'S',NULL,'Refrigerators',NULL,NULL,NULL,NULL,NULL,NULL,1089,2,NULL),(267,'S',NULL,'Sealed granite',NULL,NULL,NULL,NULL,NULL,NULL,957,2,NULL),(268,'S',NULL,'Sealed limestone',NULL,NULL,NULL,NULL,NULL,NULL,1009,2,NULL),(269,'S',NULL,'Sealed marble',NULL,NULL,NULL,NULL,NULL,NULL,996,2,NULL),(270,'S',NULL,'Sealed slate',NULL,NULL,NULL,NULL,NULL,NULL,1039,2,NULL),(271,'S',NULL,'Sealed stone',NULL,NULL,NULL,NULL,NULL,NULL,1074,2,NULL),(272,'S',NULL,'Sealed terra cotta',NULL,NULL,NULL,NULL,NULL,NULL,953,2,NULL),(273,'S',NULL,'Sealed terrazzo',NULL,NULL,NULL,NULL,NULL,NULL,1008,2,NULL),(274,'S',NULL,'Stainless steel',NULL,NULL,NULL,NULL,NULL,NULL,995,2,NULL),(275,'S',NULL,'Tanning Beds',NULL,NULL,NULL,NULL,NULL,NULL,1011,2,NULL),(276,'S',NULL,'Tanning Equipment',NULL,NULL,NULL,NULL,NULL,NULL,998,2,NULL),(277,'S',NULL,'Telephones',NULL,NULL,NULL,NULL,NULL,NULL,1029,2,NULL),(278,'S',NULL,'Upholstery',NULL,NULL,NULL,NULL,NULL,NULL,1040,2,NULL),(279,'S',NULL,'Walls',NULL,NULL,NULL,NULL,NULL,NULL,1107,2,NULL),(280,'S',NULL,'Woodwork',NULL,NULL,NULL,NULL,NULL,NULL,981,2,NULL),(281,'T',NULL,'Algaecide',NULL,NULL,NULL,97,NULL,NULL,968,2,NULL),(282,'T',NULL,'Disinfectant',NULL,NULL,NULL,98,NULL,NULL,972,2,NULL),(283,'T',NULL,'Fungicide',NULL,NULL,NULL,99,NULL,NULL,1049,2,NULL),(284,'T',NULL,'General Purpose Anti-microbial',NULL,NULL,NULL,100,NULL,NULL,950,2,NULL),(285,'T',NULL,'Sanitizer',NULL,NULL,NULL,101,NULL,NULL,1007,2,NULL),(286,'T',NULL,'Tuberculocide',NULL,NULL,NULL,102,NULL,NULL,1006,2,NULL),(287,'T',NULL,'Viruscide',NULL,NULL,NULL,103,NULL,NULL,982,2,NULL),(288,'L',NULL,'Airplanes',NULL,NULL,NULL,104,NULL,NULL,1019,2,NULL),(289,'L',NULL,'Airports',NULL,NULL,NULL,NULL,NULL,NULL,1062,2,NULL),(290,'L',NULL,'Animal Care',NULL,NULL,NULL,NULL,NULL,NULL,1109,2,NULL),(291,'L',NULL,'Animal Laboratories',NULL,NULL,NULL,NULL,NULL,NULL,921,2,NULL),(292,'L',NULL,'Animal Life Science Laboratories',NULL,NULL,NULL,NULL,NULL,NULL,1086,2,NULL),(293,'L',NULL,'Athletic Facilities',NULL,NULL,NULL,NULL,NULL,NULL,978,2,NULL),(294,'L',NULL,'Automotive Industy',NULL,NULL,NULL,110,NULL,NULL,1018,2,NULL),(295,'L',NULL,'Barber Shops',NULL,NULL,NULL,111,NULL,NULL,1063,2,NULL),(296,'L',NULL,'Bars',NULL,NULL,NULL,112,NULL,NULL,1104,2,NULL),(297,'L',NULL,'Bathrooms',NULL,NULL,NULL,NULL,NULL,NULL,1094,2,NULL),(298,'L',NULL,'Beverage Plants',NULL,NULL,NULL,114,NULL,NULL,974,2,NULL),(299,'L',NULL,'Boats',NULL,NULL,NULL,115,NULL,NULL,1005,2,NULL),(300,'L',NULL,'Breeding and Grooming Establishments',NULL,NULL,NULL,NULL,NULL,NULL,1072,2,NULL),(301,'L',NULL,'Breweries',NULL,NULL,NULL,117,NULL,NULL,1103,2,NULL),(302,'L',NULL,'Buses',NULL,NULL,NULL,118,NULL,NULL,1078,2,NULL),(303,'L',NULL,'Business and Office Buildings',NULL,NULL,NULL,119,NULL,NULL,945,2,NULL),(304,'L',NULL,'Cafeterias',NULL,NULL,NULL,120,NULL,NULL,1004,2,NULL),(305,'L',NULL,'Camp Grounds',NULL,NULL,NULL,121,NULL,NULL,1071,2,NULL),(306,'L',NULL,'Campers',NULL,NULL,NULL,122,NULL,NULL,1102,2,NULL),(307,'L',NULL,'Carpeting',NULL,NULL,NULL,123,NULL,NULL,961,2,NULL),(308,'L',NULL,'Cars',NULL,NULL,NULL,124,NULL,NULL,940,2,NULL),(309,'L',NULL,'Citus Plants ',NULL,NULL,NULL,125,NULL,NULL,991,2,NULL),(310,'L',NULL,'Colleges',NULL,NULL,NULL,NULL,NULL,NULL,1070,2,NULL),(311,'L',NULL,'Commercial Institutions',NULL,NULL,NULL,127,NULL,NULL,1101,2,NULL),(312,'L',NULL,'Convenience Stores',NULL,NULL,NULL,128,NULL,NULL,928,2,NULL),(313,'L',NULL,'Correctional Facilities',NULL,NULL,NULL,129,NULL,NULL,947,2,NULL),(314,'L',NULL,'Dairy Farms',NULL,NULL,NULL,NULL,NULL,NULL,990,2,NULL),(315,'L',NULL,'Day Care Centers',NULL,NULL,NULL,131,NULL,NULL,1069,2,NULL),(316,'L',NULL,'Dental Offices',NULL,NULL,NULL,132,NULL,NULL,1100,2,NULL),(317,'L',NULL,'Emergency Vehicles',NULL,NULL,NULL,133,NULL,NULL,1097,2,NULL),(318,'L',NULL,'Equine Farms',NULL,NULL,NULL,NULL,NULL,NULL,955,2,NULL),(319,'L',NULL,'Factories',NULL,NULL,NULL,135,NULL,NULL,989,2,NULL),(320,'L',NULL,'Farms',NULL,NULL,NULL,NULL,NULL,NULL,1068,2,NULL),(321,'L',NULL,'Federally Inspected Meat and Poultry Plants',NULL,NULL,NULL,NULL,NULL,NULL,1099,2,NULL),(322,'L',NULL,'Food Processing Plants',NULL,NULL,NULL,138,NULL,NULL,1082,2,NULL),(323,'L',NULL,'Food Storage Areas',NULL,NULL,NULL,139,NULL,NULL,951,2,NULL),(324,'L',NULL,'Funeral Homes',NULL,NULL,NULL,140,NULL,NULL,988,2,NULL),(325,'L',NULL,'Health Care Facilities',NULL,NULL,NULL,141,NULL,NULL,1067,2,NULL),(326,'L',NULL,'Hog Farms',NULL,NULL,NULL,NULL,NULL,NULL,1098,2,NULL),(327,'L',NULL,'Homes (Households)',NULL,NULL,NULL,NULL,NULL,NULL,1079,2,NULL),(328,'L',NULL,'Hospitals',NULL,NULL,NULL,144,NULL,NULL,938,2,NULL),(329,'L',NULL,'Hotels',NULL,NULL,NULL,NULL,NULL,NULL,987,2,NULL),(330,'L',NULL,'Industrial Institutions',NULL,NULL,NULL,146,NULL,NULL,1066,2,NULL),(331,'L',NULL,'Institutional Facilities',NULL,NULL,NULL,147,NULL,NULL,923,2,NULL),(332,'L',NULL,'Institutional Kitchens',NULL,NULL,NULL,148,NULL,NULL,1076,2,NULL),(333,'L',NULL,'Institutions',NULL,NULL,NULL,149,NULL,NULL,936,2,NULL),(334,'L',NULL,'Kennels',NULL,NULL,NULL,NULL,NULL,NULL,986,2,NULL),(335,'L',NULL,'Kitchens',NULL,NULL,NULL,151,NULL,NULL,1065,2,NULL),(336,'L',NULL,'Laundry Industry',NULL,NULL,NULL,152,NULL,NULL,924,2,NULL),(337,'L',NULL,'Locker Rooms',NULL,NULL,NULL,NULL,NULL,NULL,1085,2,NULL),(338,'L',NULL,'Medical Clinics',NULL,NULL,NULL,154,NULL,NULL,971,2,NULL),(339,'L',NULL,'Medical Offices',NULL,NULL,NULL,155,NULL,NULL,985,2,NULL),(340,'L',NULL,'Mobile Homes',NULL,NULL,NULL,156,NULL,NULL,1064,2,NULL),(341,'L',NULL,'Morgues',NULL,NULL,NULL,157,NULL,NULL,925,2,NULL),(342,'L',NULL,'Mortuaries',NULL,NULL,NULL,158,NULL,NULL,1095,2,NULL),(343,'L',NULL,'Motels',NULL,NULL,NULL,NULL,NULL,NULL,977,2,NULL),(344,'L',NULL,'Mushroom Farms',NULL,NULL,NULL,160,NULL,NULL,984,2,NULL),(345,'L',NULL,'Nurseries',NULL,NULL,NULL,161,NULL,NULL,1051,2,NULL),(346,'L',NULL,'Nursing Homes',NULL,NULL,NULL,162,NULL,NULL,934,2,NULL),(347,'L',NULL,'Office Buildings',NULL,NULL,NULL,163,NULL,NULL,1093,2,NULL),(348,'L',NULL,'Pet Animal Quarters',NULL,NULL,NULL,164,NULL,NULL,973,2,NULL),(349,'L',NULL,'Pet Shops',NULL,NULL,NULL,NULL,NULL,NULL,983,2,NULL),(350,'L',NULL,'Playground Equipment',NULL,NULL,NULL,166,NULL,NULL,1050,2,NULL),(351,'L',NULL,'Poultry Farms',NULL,NULL,NULL,NULL,NULL,NULL,933,2,NULL),(352,'L',NULL,'Poultry Plants',NULL,NULL,NULL,NULL,NULL,NULL,1110,2,NULL),(353,'L',NULL,'Prisons',NULL,NULL,NULL,169,NULL,NULL,1075,2,NULL),(354,'L',NULL,'Protective Safety Gear',NULL,NULL,NULL,170,NULL,NULL,944,2,NULL),(355,'L',NULL,'Public Facilities',NULL,NULL,NULL,171,NULL,NULL,992,2,NULL),(356,'L',NULL,'Public Rest Rooms',NULL,NULL,NULL,172,NULL,NULL,1037,2,NULL),(357,'L',NULL,'Recreational Vehicle Use',NULL,NULL,NULL,173,NULL,NULL,932,2,NULL),(358,'L',NULL,'Restaurants',NULL,NULL,NULL,174,NULL,NULL,960,2,NULL),(359,'L',NULL,'Salons (Beauty)',NULL,NULL,NULL,175,NULL,NULL,939,2,NULL),(360,'L',NULL,'Schools',NULL,NULL,NULL,NULL,NULL,NULL,993,2,NULL),(361,'L',NULL,'Ships',NULL,NULL,NULL,177,NULL,NULL,1036,2,NULL),(362,'L',NULL,'Shower and Bath Areas',NULL,NULL,NULL,NULL,NULL,NULL,931,2,NULL),(363,'L',NULL,'Tack Shops',NULL,NULL,NULL,NULL,NULL,NULL,927,2,NULL),(364,'L',NULL,'Tanning Salons',NULL,NULL,NULL,180,NULL,NULL,948,2,NULL),(365,'L',NULL,'Taxis',NULL,NULL,NULL,181,NULL,NULL,994,2,NULL),(366,'L',NULL,'Trailers',NULL,NULL,NULL,182,NULL,NULL,1035,2,NULL),(367,'L',NULL,'Trains',NULL,NULL,NULL,183,NULL,NULL,930,2,NULL),(368,'L',NULL,'Transportation Terminals',NULL,NULL,NULL,184,NULL,NULL,1096,2,NULL),(369,'L',NULL,'Turkey Farms',NULL,NULL,NULL,NULL,NULL,NULL,954,2,NULL),(370,'L',NULL,'USDA Inspected Food Processing Facilities',NULL,NULL,NULL,186,NULL,NULL,1003,2,NULL),(371,'L',NULL,'Verterinary Clinics',NULL,NULL,NULL,NULL,NULL,NULL,1034,2,NULL),(372,'L',NULL,'Veterinary Practice',NULL,NULL,NULL,NULL,NULL,NULL,1108,2,NULL),(373,'L',NULL,'Whirlpool and Foot Spa Use',NULL,NULL,NULL,189,NULL,NULL,929,2,NULL),(374,'L',NULL,'Zoos',NULL,NULL,NULL,NULL,NULL,NULL,1081,2,NULL),(565,'C','Bacteria','(1)  ATCC & antibiotic-resistant strain',NULL,NULL,NULL,1,NULL,NULL,1111,4,NULL),(566,'C','Bacteria','(2)  antibiotic-resistant strain only',NULL,NULL,NULL,2,NULL,NULL,1112,4,NULL),(567,'C','Bacteria','Acinetobacter calcoaceticus',NULL,NULL,NULL,3,NULL,NULL,1119,4,NULL),(568,'C','Bacteria','Bordetella bronchiseptica',NULL,NULL,NULL,4,NULL,NULL,1120,4,NULL),(569,'C','Bacteria','Chlamydia psittaci',NULL,NULL,NULL,5,NULL,NULL,1121,4,NULL),(570,'C','Bacteria','Enterobacter aerogenes',NULL,NULL,NULL,6,NULL,NULL,1122,4,NULL),(571,'C','Bacteria','Enterobacter cloacae',NULL,NULL,NULL,7,NULL,NULL,1123,4,NULL),(572,'C','Bacteria','Enterococcus faecalis- Vancomycin Resistant (VRE)',NULL,NULL,NULL,8,NULL,NULL,1124,4,NULL),(573,'C','Bacteria','Escherichia coli<sub> (1)</sub>',NULL,NULL,NULL,9,NULL,NULL,1113,4,NULL),(574,'C','Bacteria','Fusobacterium necrophorum',NULL,NULL,NULL,10,NULL,NULL,1125,4,NULL),(575,'C','Bacteria','Kiebsiella pneumoniae<sub> (1)</sub>',NULL,NULL,NULL,11,NULL,NULL,1114,4,NULL),(576,'C','Bacteria','Legionella pneumophilia',NULL,NULL,NULL,12,NULL,NULL,1126,4,NULL),(577,'C','Bacteria','Listeria monocytogenes',NULL,NULL,NULL,13,NULL,NULL,1127,4,NULL),(578,'C','Bacteria','Pasteurella multocida ',NULL,NULL,NULL,14,NULL,NULL,1128,4,NULL),(579,'C','Bacteria','Proteus mirabilis',NULL,NULL,NULL,15,NULL,NULL,1129,4,NULL),(580,'C','Bacteria','Proteus vulgaris',NULL,NULL,NULL,16,NULL,NULL,1130,4,NULL),(581,'C','Bacteria','Pseudomonas aeruginosa<sub> (1)</sub>',NULL,NULL,NULL,17,NULL,NULL,1115,4,NULL),(582,'C','Bacteria','Salmonella choleraesuis',NULL,NULL,NULL,18,NULL,NULL,1131,4,NULL),(583,'C','Bacteria','Salmonella enteritidis',NULL,NULL,NULL,19,NULL,NULL,1132,4,NULL),(584,'C','Bacteria','Salmonella typhi',NULL,NULL,NULL,20,NULL,NULL,1133,4,NULL),(585,'C','Bacteria','Salmonella typhimurium',NULL,NULL,NULL,21,NULL,NULL,1134,4,NULL),(586,'C','Bacteria','Serratia marcescens',NULL,NULL,NULL,22,NULL,NULL,1135,4,NULL),(587,'C','Bacteria','Shigella fiexneri',NULL,NULL,NULL,23,NULL,NULL,1136,4,NULL),(588,'C','Bacteria','Shigella sonnei',NULL,NULL,NULL,24,NULL,NULL,1137,4,NULL),(589,'C','Bacteria','Staphylococcus aureus- Methicillin resistant (MRSA)',NULL,NULL,NULL,25,NULL,NULL,1138,4,NULL),(590,'C','Bacteria','Staphylococcus aureus- Vancomycin Intermediate Resistant (VISA)',NULL,NULL,NULL,26,NULL,NULL,1139,4,NULL),(591,'C','Bacteria','Staphylococcus aureus<sub> (1)</sub>',NULL,NULL,NULL,27,NULL,NULL,1116,4,NULL),(592,'C','Bacteria','Staphylococcus epidermidis<sub> (2)</sub>',NULL,NULL,NULL,28,NULL,NULL,1117,4,NULL),(593,'C','Bacteria','Streptococcus faecalis<sub> (1)</sub>',NULL,NULL,NULL,29,NULL,NULL,1118,4,NULL),(594,'C','Fungi','Aspergillus niger',NULL,NULL,NULL,30,NULL,NULL,1140,4,NULL),(595,'C','Fungi','Candida albicans',NULL,NULL,NULL,31,NULL,NULL,1141,4,NULL),(596,'C','Fungi','Trichophyton mentagrophytes [Athlete\'s Foot Fungus]',NULL,NULL,NULL,32,NULL,NULL,1142,4,NULL),(597,'C','Fungi','[a cause of Ringworm] [a cause of Ringworm of the foot]',NULL,NULL,NULL,33,NULL,NULL,1143,4,NULL),(598,'C','Viruses','*Adenovirus Type 4',NULL,NULL,NULL,34,NULL,NULL,1144,4,NULL),(599,'C','Viruses','*Avian polyomavirus',NULL,NULL,NULL,35,NULL,NULL,1145,4,NULL),(600,'C','Viruses','*Canine distemper',NULL,NULL,NULL,36,NULL,NULL,1146,4,NULL),(601,'C','Viruses','*Canine parvovirus- at 2 oz. per gallon',NULL,NULL,NULL,37,NULL,NULL,1147,4,NULL),(602,'C','Viruses','*Feline leukemia',NULL,NULL,NULL,38,NULL,NULL,1148,4,NULL),(603,'C','Viruses','*Feline picomavirus',NULL,NULL,NULL,39,NULL,NULL,1149,4,NULL),(604,'C','Viruses','*HIV-1 (AIDS virus)',NULL,NULL,NULL,40,NULL,NULL,1150,4,NULL),(605,'C','Viruses','*Hepatitis B Virus (HBV)',NULL,NULL,NULL,41,NULL,NULL,1151,4,NULL),(606,'C','Viruses','*Hepatitis C Virus (HCV)',NULL,NULL,NULL,42,NULL,NULL,1152,4,NULL),(607,'C','Viruses','*Herpes Simplex Type 1',NULL,NULL,NULL,43,NULL,NULL,1153,4,NULL),(608,'C','Viruses','*Herpes Simplex Type 2',NULL,NULL,NULL,44,NULL,NULL,1154,4,NULL),(609,'C','Viruses','*Human coronavirus ',NULL,NULL,NULL,45,NULL,NULL,1155,4,NULL),(610,'C','Viruses','*Infectious bovine rhinotracheitis',NULL,NULL,NULL,46,NULL,NULL,1156,4,NULL),(611,'C','Viruses','*Infectious bronchitis (Avian IBV)',NULL,NULL,NULL,47,NULL,NULL,1157,4,NULL),(612,'C','Viruses','*Influenza A/ Hong Kong',NULL,NULL,NULL,48,NULL,NULL,1158,4,NULL),(613,'C','Viruses','*Pseudorabies (PRV)',NULL,NULL,NULL,49,NULL,NULL,1159,4,NULL),(614,'C','Viruses','*Rabies',NULL,NULL,NULL,50,NULL,NULL,1160,4,NULL),(615,'C','Viruses','*Respiratory Syncytial Virus (RSV)',NULL,NULL,NULL,51,NULL,NULL,1161,4,NULL),(616,'C','Viruses','*Rubella (German Measles)',NULL,NULL,NULL,52,NULL,NULL,1162,4,NULL),(617,'C','Viruses','*Transmissible gastroenteritis virus (TGE)\Z',NULL,NULL,NULL,53,NULL,NULL,1163,4,NULL),(618,'C','Viruses','*Vaccinia [Pox virus]',NULL,NULL,NULL,54,NULL,NULL,1164,4,NULL),(619,'S',NULL,'Appliances',NULL,NULL,NULL,55,NULL,NULL,1165,4,NULL),(620,'S',NULL,'Bathroom fixtures',NULL,NULL,NULL,56,NULL,NULL,1166,4,NULL),(621,'S',NULL,'Bathtubs (Fiberglass)',NULL,NULL,NULL,57,NULL,NULL,1167,4,NULL),(622,'S',NULL,'Cabinets',NULL,NULL,NULL,58,NULL,NULL,1168,4,NULL),(623,'S',NULL,'Cages',NULL,NULL,NULL,59,NULL,NULL,1169,4,NULL),(624,'S',NULL,'Chairs',NULL,NULL,NULL,60,NULL,NULL,1170,4,NULL),(625,'S',NULL,'Coils and drain pans of air conditioning and refrigeration equipment and heat pumps',NULL,NULL,NULL,61,NULL,NULL,1171,4,NULL),(626,'S',NULL,'Conductive flooring',NULL,NULL,NULL,62,NULL,NULL,1172,4,NULL),(627,'S',NULL,'Counters (countertops)',NULL,NULL,NULL,63,NULL,NULL,1173,4,NULL),(628,'S',NULL,'Countertop laminates',NULL,NULL,NULL,64,NULL,NULL,1174,4,NULL),(629,'S',NULL,'Desks',NULL,NULL,NULL,65,NULL,NULL,1175,4,NULL),(630,'S',NULL,'Doorknobs',NULL,NULL,NULL,66,NULL,NULL,1176,4,NULL),(631,'S',NULL,'Floors',NULL,NULL,NULL,67,NULL,NULL,1177,4,NULL),(632,'S',NULL,'Garbage cans',NULL,NULL,NULL,68,NULL,NULL,1178,4,NULL),(633,'S',NULL,'Glazed ceramic',NULL,NULL,NULL,69,NULL,NULL,1179,4,NULL),(634,'S',NULL,'Glazed enameled surfaces',NULL,NULL,NULL,70,NULL,NULL,1180,4,NULL),(635,'S',NULL,'Highchairs',NULL,NULL,NULL,71,NULL,NULL,1181,4,NULL),(636,'S',NULL,'Kennel runs',NULL,NULL,NULL,72,NULL,NULL,1182,4,NULL),(637,'S',NULL,'Laminated surfaces',NULL,NULL,NULL,73,NULL,NULL,1183,4,NULL),(638,'S',NULL,'Metal',NULL,NULL,NULL,74,NULL,NULL,1184,4,NULL),(639,'S',NULL,'Microwave ovens',NULL,NULL,NULL,75,NULL,NULL,1185,4,NULL),(640,'S',NULL,'Non-medical metal surfaces',NULL,NULL,NULL,76,NULL,NULL,1186,4,NULL),(641,'S',NULL,'Non-medical stainless steel surfaces',NULL,NULL,NULL,77,NULL,NULL,1187,4,NULL),(642,'S',NULL,'Other hard nonporous surfaces made of:',NULL,NULL,NULL,78,NULL,NULL,1188,4,NULL),(643,'S',NULL,'Outdoor furniture',NULL,NULL,NULL,79,NULL,NULL,1189,4,NULL),(644,'S',NULL,'Plastic (such as polystyrene or polypropylene)',NULL,NULL,NULL,80,NULL,NULL,1190,4,NULL),(645,'S',NULL,'Refrigerated storage and display equipment',NULL,NULL,NULL,81,NULL,NULL,1191,4,NULL),(646,'S',NULL,'Refrigerators',NULL,NULL,NULL,82,NULL,NULL,1192,4,NULL),(647,'S',NULL,'Sealed granite',NULL,NULL,NULL,83,NULL,NULL,1193,4,NULL),(648,'S',NULL,'Sealed limestone',NULL,NULL,NULL,84,NULL,NULL,1194,4,NULL),(649,'S',NULL,'Sealed marble',NULL,NULL,NULL,85,NULL,NULL,1195,4,NULL),(650,'S',NULL,'Sealed slate',NULL,NULL,NULL,86,NULL,NULL,1196,4,NULL),(651,'S',NULL,'Sealed stone',NULL,NULL,NULL,87,NULL,NULL,1197,4,NULL),(652,'S',NULL,'Sealed terra cotta',NULL,NULL,NULL,88,NULL,NULL,1198,4,NULL),(653,'S',NULL,'Sealed terrazzo',NULL,NULL,NULL,89,NULL,NULL,1199,4,NULL),(654,'S',NULL,'Stainless steel',NULL,NULL,NULL,90,NULL,NULL,1200,4,NULL),(655,'S',NULL,'Tanning Beds',NULL,NULL,NULL,91,NULL,NULL,1201,4,NULL),(656,'S',NULL,'Tanning Equipment',NULL,NULL,NULL,92,NULL,NULL,1202,4,NULL),(657,'S',NULL,'Telephones',NULL,NULL,NULL,93,NULL,NULL,1203,4,NULL),(658,'S',NULL,'Upholstery',NULL,NULL,NULL,94,NULL,NULL,1204,4,NULL),(659,'S',NULL,'Walls',NULL,NULL,NULL,95,NULL,NULL,1205,4,NULL),(660,'S',NULL,'Woodwork',NULL,NULL,NULL,96,NULL,NULL,1206,4,NULL),(661,'T',NULL,'Algaecide',NULL,NULL,NULL,97,NULL,NULL,1207,4,NULL),(662,'T',NULL,'Disinfectant',NULL,NULL,NULL,98,NULL,NULL,1208,4,NULL),(663,'T',NULL,'Fungicide',NULL,NULL,NULL,99,NULL,NULL,1209,4,NULL),(664,'T',NULL,'General Purpose Anti-microbial',NULL,NULL,NULL,100,NULL,NULL,1210,4,NULL),(665,'T',NULL,'Sanitizer',NULL,NULL,NULL,101,NULL,NULL,1211,4,NULL),(666,'T',NULL,'Tuberculocide',NULL,NULL,NULL,102,NULL,NULL,1212,4,NULL),(667,'T',NULL,'Viruscide',NULL,NULL,NULL,103,NULL,NULL,1213,4,NULL),(668,'L',NULL,'Airplanes',NULL,NULL,NULL,104,NULL,NULL,1214,4,NULL),(669,'L',NULL,'Airports',NULL,NULL,NULL,105,NULL,NULL,1215,4,NULL),(670,'L',NULL,'Animal Care',NULL,NULL,NULL,106,NULL,NULL,1216,4,NULL),(671,'L',NULL,'Animal Laboratories',NULL,NULL,NULL,107,NULL,NULL,1217,4,NULL),(672,'L',NULL,'Animal Life Science Laboratories',NULL,NULL,NULL,108,NULL,NULL,1218,4,NULL),(673,'L',NULL,'Athletic Facilities',NULL,NULL,NULL,109,NULL,NULL,1219,4,NULL),(674,'L',NULL,'Automotive Industy',NULL,NULL,NULL,110,NULL,NULL,1220,4,NULL),(675,'L',NULL,'Barber Shops',NULL,NULL,NULL,111,NULL,NULL,1221,4,NULL),(676,'L',NULL,'Bars',NULL,NULL,NULL,112,NULL,NULL,1222,4,NULL),(677,'L',NULL,'Bathrooms',NULL,NULL,NULL,113,NULL,NULL,1223,4,NULL),(678,'L',NULL,'Beverage Plants',NULL,NULL,NULL,114,NULL,NULL,1224,4,NULL),(679,'L',NULL,'Boats',NULL,NULL,NULL,115,NULL,NULL,1225,4,NULL),(680,'L',NULL,'Breeding and Grooming Establishments',NULL,NULL,NULL,116,NULL,NULL,1226,4,NULL),(681,'L',NULL,'Breweries',NULL,NULL,NULL,117,NULL,NULL,1227,4,NULL),(682,'L',NULL,'Buses',NULL,NULL,NULL,118,NULL,NULL,1228,4,NULL),(683,'L',NULL,'Business and Office Buildings',NULL,NULL,NULL,119,NULL,NULL,1229,4,NULL),(684,'L',NULL,'Cafeterias',NULL,NULL,NULL,120,NULL,NULL,1230,4,NULL),(685,'L',NULL,'Camp Grounds',NULL,NULL,NULL,121,NULL,NULL,1231,4,NULL),(686,'L',NULL,'Campers',NULL,NULL,NULL,122,NULL,NULL,1232,4,NULL),(687,'L',NULL,'Carpeting',NULL,NULL,NULL,123,NULL,NULL,1233,4,NULL),(688,'L',NULL,'Cars',NULL,NULL,NULL,124,NULL,NULL,1234,4,NULL),(689,'L',NULL,'Citus Plants ',NULL,NULL,NULL,125,NULL,NULL,1235,4,NULL),(690,'L',NULL,'Colleges',NULL,NULL,NULL,126,NULL,NULL,1236,4,NULL),(691,'L',NULL,'Commercial Institutions',NULL,NULL,NULL,127,NULL,NULL,1237,4,NULL),(692,'L',NULL,'Convenience Stores',NULL,NULL,NULL,128,NULL,NULL,1238,4,NULL),(693,'L',NULL,'Correctional Facilities',NULL,NULL,NULL,129,NULL,NULL,1239,4,NULL),(694,'L',NULL,'Dairy Farms',NULL,NULL,NULL,130,NULL,NULL,1240,4,NULL),(695,'L',NULL,'Day Care Centers',NULL,NULL,NULL,131,NULL,NULL,1241,4,NULL),(696,'L',NULL,'Dental Offices',NULL,NULL,NULL,132,NULL,NULL,1242,4,NULL),(697,'L',NULL,'Emergency Vehicles',NULL,NULL,NULL,133,NULL,NULL,1243,4,NULL),(698,'L',NULL,'Equine Farms',NULL,NULL,NULL,134,NULL,NULL,1244,4,NULL),(699,'L',NULL,'Factories',NULL,NULL,NULL,135,NULL,NULL,1245,4,NULL),(700,'L',NULL,'Farms',NULL,NULL,NULL,136,NULL,NULL,1246,4,NULL),(701,'L',NULL,'Federally Inspected Meat and Poultry Plants',NULL,NULL,NULL,137,NULL,NULL,1247,4,NULL),(702,'L',NULL,'Food Processing Plants',NULL,NULL,NULL,138,NULL,NULL,1248,4,NULL),(703,'L',NULL,'Food Storage Areas',NULL,NULL,NULL,139,NULL,NULL,1249,4,NULL),(704,'L',NULL,'Funeral Homes',NULL,NULL,NULL,140,NULL,NULL,1250,4,NULL),(705,'L',NULL,'Health Care Facilities',NULL,NULL,NULL,141,NULL,NULL,1251,4,NULL),(706,'L',NULL,'Hog Farms',NULL,NULL,NULL,142,NULL,NULL,1252,4,NULL),(707,'L',NULL,'Homes (Households)',NULL,NULL,NULL,143,NULL,NULL,1253,4,NULL),(708,'L',NULL,'Hospitals',NULL,NULL,NULL,144,NULL,NULL,1254,4,NULL),(709,'L',NULL,'Hotels',NULL,NULL,NULL,145,NULL,NULL,1255,4,NULL),(710,'L',NULL,'Industrial Institutions',NULL,NULL,NULL,146,NULL,NULL,1256,4,NULL),(711,'L',NULL,'Institutional Facilities',NULL,NULL,NULL,147,NULL,NULL,1257,4,NULL),(712,'L',NULL,'Institutional Kitchens',NULL,NULL,NULL,148,NULL,NULL,1258,4,NULL),(713,'L',NULL,'Institutions',NULL,NULL,NULL,149,NULL,NULL,1259,4,NULL),(714,'L',NULL,'Kennels',NULL,NULL,NULL,150,NULL,NULL,1260,4,NULL),(715,'L',NULL,'Kitchens',NULL,NULL,NULL,151,NULL,NULL,1261,4,NULL),(716,'L',NULL,'Laundry Industry',NULL,NULL,NULL,152,NULL,NULL,1262,4,NULL),(717,'L',NULL,'Locker Rooms',NULL,NULL,NULL,153,NULL,NULL,1263,4,NULL),(718,'L',NULL,'Medical Clinics',NULL,NULL,NULL,154,NULL,NULL,1264,4,NULL),(719,'L',NULL,'Medical Offices',NULL,NULL,NULL,155,NULL,NULL,1265,4,NULL),(720,'L',NULL,'Mobile Homes',NULL,NULL,NULL,156,NULL,NULL,1266,4,NULL),(721,'L',NULL,'Morgues',NULL,NULL,NULL,157,NULL,NULL,1267,4,NULL),(722,'L',NULL,'Mortuaries',NULL,NULL,NULL,158,NULL,NULL,1268,4,NULL),(723,'L',NULL,'Motels',NULL,NULL,NULL,159,NULL,NULL,1269,4,NULL),(724,'L',NULL,'Mushroom Farms',NULL,NULL,NULL,160,NULL,NULL,1270,4,NULL),(725,'L',NULL,'Nurseries',NULL,NULL,NULL,161,NULL,NULL,1271,4,NULL),(726,'L',NULL,'Nursing Homes',NULL,NULL,NULL,162,NULL,NULL,1272,4,NULL),(727,'L',NULL,'Office Buildings',NULL,NULL,NULL,163,NULL,NULL,1273,4,NULL),(728,'L',NULL,'Pet Animal Quarters',NULL,NULL,NULL,164,NULL,NULL,1274,4,NULL),(729,'L',NULL,'Pet Shops',NULL,NULL,NULL,165,NULL,NULL,1275,4,NULL),(730,'L',NULL,'Playground Equipment',NULL,NULL,NULL,166,NULL,NULL,1276,4,NULL),(731,'L',NULL,'Poultry Farms',NULL,NULL,NULL,167,NULL,NULL,1277,4,NULL),(732,'L',NULL,'Poultry Plants',NULL,NULL,NULL,168,NULL,NULL,1278,4,NULL),(733,'L',NULL,'Prisons',NULL,NULL,NULL,169,NULL,NULL,1279,4,NULL),(734,'L',NULL,'Protective Safety Gear',NULL,NULL,NULL,170,NULL,NULL,1280,4,NULL),(735,'L',NULL,'Public Facilities',NULL,NULL,NULL,171,NULL,NULL,1281,4,NULL),(736,'L',NULL,'Public Rest Rooms',NULL,NULL,NULL,172,NULL,NULL,1282,4,NULL),(737,'L',NULL,'Recreational Vehicle Use',NULL,NULL,NULL,173,NULL,NULL,1283,4,NULL),(738,'L',NULL,'Restaurants',NULL,NULL,NULL,174,NULL,NULL,1284,4,NULL),(739,'L',NULL,'Salons (Beauty)',NULL,NULL,NULL,175,NULL,NULL,1285,4,NULL),(740,'L',NULL,'Schools',NULL,NULL,NULL,176,NULL,NULL,1286,4,NULL),(741,'L',NULL,'Ships',NULL,NULL,NULL,177,NULL,NULL,1287,4,NULL),(742,'L',NULL,'Shower and Bath Areas',NULL,NULL,NULL,178,NULL,NULL,1288,4,NULL),(743,'L',NULL,'Tack Shops',NULL,NULL,NULL,179,NULL,NULL,1289,4,NULL),(744,'L',NULL,'Tanning Salons',NULL,NULL,NULL,180,NULL,NULL,1290,4,NULL),(745,'L',NULL,'Taxis',NULL,NULL,NULL,181,NULL,NULL,1291,4,NULL),(746,'L',NULL,'Trailers',NULL,NULL,NULL,182,NULL,NULL,1292,4,NULL),(747,'L',NULL,'Trains',NULL,NULL,NULL,183,NULL,NULL,1293,4,NULL),(748,'L',NULL,'Transportation Terminals',NULL,NULL,NULL,184,NULL,NULL,1294,4,NULL),(749,'L',NULL,'Turkey Farms',NULL,NULL,NULL,185,NULL,NULL,1295,4,NULL),(750,'L',NULL,'USDA Inspected Food Processing Facilities',NULL,NULL,NULL,186,NULL,NULL,1296,4,NULL),(751,'L',NULL,'Verterinary Clinics',NULL,NULL,NULL,187,NULL,NULL,1297,4,NULL),(752,'L',NULL,'Veterinary Practice',NULL,NULL,NULL,188,NULL,NULL,1298,4,NULL),(753,'L',NULL,'Whirlpool and Foot Spa Use',NULL,NULL,NULL,189,NULL,NULL,1299,4,NULL),(754,'L',NULL,'Zoos',NULL,NULL,NULL,190,NULL,NULL,1300,4,NULL),(809,'S',NULL,'Appliances',NULL,NULL,NULL,55,NULL,NULL,1355,5,NULL),(810,'S',NULL,'Bathroom fixtures',NULL,NULL,NULL,56,NULL,NULL,1356,5,NULL),(811,'S',NULL,'Bathtubs (Fiberglass)',NULL,NULL,NULL,57,NULL,NULL,1357,5,NULL),(812,'S',NULL,'Cabinets',NULL,NULL,NULL,58,NULL,NULL,1358,5,NULL),(813,'S',NULL,'Cages',NULL,NULL,NULL,34,NULL,NULL,1359,5,NULL),(814,'S',NULL,'Chairs',NULL,NULL,NULL,60,NULL,NULL,1360,5,NULL),(815,'S',NULL,'Coils and drain pans of air conditioning and refrigeration equipment and heat pumps',NULL,NULL,NULL,61,NULL,NULL,1361,5,NULL),(816,'S',NULL,'Conductive flooring',NULL,NULL,NULL,62,NULL,NULL,1362,5,NULL),(817,'S',NULL,'Counters (countertops)',NULL,NULL,NULL,35,NULL,NULL,1363,5,NULL),(818,'S',NULL,'Countertop laminates',NULL,NULL,NULL,64,NULL,NULL,1364,5,NULL),(819,'S',NULL,'Desks',NULL,NULL,NULL,65,NULL,NULL,1365,5,NULL),(820,'S',NULL,'Doorknobs',NULL,NULL,NULL,66,NULL,NULL,1366,5,NULL),(821,'S',NULL,'Floors',NULL,NULL,NULL,36,NULL,NULL,1367,5,NULL),(822,'S',NULL,'Garbage cans',NULL,NULL,NULL,68,NULL,NULL,1368,5,NULL),(823,'S',NULL,'Glazed ceramic',NULL,NULL,NULL,37,NULL,NULL,1369,5,NULL),(824,'S',NULL,'Glazed enameled surfaces',NULL,NULL,NULL,38,NULL,NULL,1370,5,NULL),(825,'S',NULL,'Highchairs',NULL,NULL,NULL,71,NULL,NULL,1371,5,NULL),(826,'S',NULL,'Kennel runs',NULL,NULL,NULL,39,NULL,NULL,1372,5,NULL),(827,'S',NULL,'Laminated surfaces',NULL,NULL,NULL,73,NULL,NULL,1373,5,NULL),(828,'S',NULL,'Metal',NULL,NULL,NULL,74,NULL,NULL,1374,5,NULL),(829,'S',NULL,'Microwave ovens',NULL,NULL,NULL,75,NULL,NULL,1375,5,NULL),(830,'S',NULL,'Non-medical metal surfaces',NULL,NULL,NULL,41,NULL,NULL,1376,5,NULL),(831,'S',NULL,'Non-medical stainless steel surfaces',NULL,NULL,NULL,43,NULL,NULL,1377,5,NULL),(832,'S',NULL,'Other hard nonporous surfaces made of:',NULL,NULL,NULL,45,NULL,NULL,1378,5,NULL),(833,'S',NULL,'Outdoor furniture',NULL,NULL,NULL,79,NULL,NULL,1379,5,NULL),(834,'S',NULL,'Plastic (such as polystyrene or polypropylene)',NULL,NULL,NULL,47,NULL,NULL,1380,5,NULL),(835,'S',NULL,'Refrigerated storage and display equipment',NULL,NULL,NULL,81,NULL,NULL,1381,5,NULL),(836,'S',NULL,'Refrigerators',NULL,NULL,NULL,82,NULL,NULL,1382,5,NULL),(837,'S',NULL,'Sealed granite',NULL,NULL,NULL,83,NULL,NULL,1383,5,NULL),(838,'S',NULL,'Sealed limestone',NULL,NULL,NULL,84,NULL,NULL,1384,5,NULL),(839,'S',NULL,'Sealed marble',NULL,NULL,NULL,85,NULL,NULL,1385,5,NULL),(840,'S',NULL,'Sealed slate',NULL,NULL,NULL,86,NULL,NULL,1386,5,NULL),(841,'S',NULL,'Sealed stone',NULL,NULL,NULL,87,NULL,NULL,1387,5,NULL),(842,'S',NULL,'Sealed terra cotta',NULL,NULL,NULL,88,NULL,NULL,1388,5,NULL),(843,'S',NULL,'Sealed terrazzo',NULL,NULL,NULL,89,NULL,NULL,1389,5,NULL),(844,'S',NULL,'Stainless steel',NULL,NULL,NULL,55,NULL,NULL,1390,5,NULL),(845,'S',NULL,'Tanning Beds',NULL,NULL,NULL,56,NULL,NULL,1391,5,NULL),(846,'S',NULL,'Tanning Equipment',NULL,NULL,NULL,92,NULL,NULL,1392,5,NULL),(847,'S',NULL,'Telephones',NULL,NULL,NULL,93,NULL,NULL,1393,5,NULL),(848,'S',NULL,'Upholstery',NULL,NULL,NULL,94,NULL,NULL,1394,5,NULL),(849,'S',NULL,'Walls',NULL,NULL,NULL,60,NULL,NULL,1395,5,NULL),(850,'S',NULL,'Woodwork',NULL,NULL,NULL,96,NULL,NULL,1396,5,NULL),(851,'T',NULL,'Algaecide',NULL,NULL,NULL,97,NULL,NULL,1397,5,NULL),(852,'T',NULL,'Disinfectant',NULL,NULL,NULL,98,NULL,NULL,1398,5,NULL),(853,'T',NULL,'Fungicide',NULL,NULL,NULL,99,NULL,NULL,1399,5,NULL),(854,'T',NULL,'General Purpose Anti-microbial',NULL,NULL,NULL,100,NULL,NULL,1400,5,NULL),(855,'T',NULL,'Sanitizer',NULL,NULL,NULL,101,NULL,NULL,1401,5,NULL),(856,'T',NULL,'Tuberculocide',NULL,NULL,NULL,102,NULL,NULL,1402,5,NULL),(857,'T',NULL,'Viruscide',NULL,NULL,NULL,103,NULL,NULL,1403,5,NULL),(858,'L',NULL,'Airplanes',NULL,NULL,NULL,104,NULL,NULL,1404,5,NULL),(859,'L',NULL,'Airports',NULL,NULL,NULL,105,NULL,NULL,1405,5,NULL),(860,'L',NULL,'Animal Care',NULL,NULL,NULL,68,NULL,NULL,1406,5,NULL),(861,'L',NULL,'Animal Laboratories',NULL,NULL,NULL,70,NULL,NULL,1407,5,NULL),(862,'L',NULL,'Animal Life Science Laboratories',NULL,NULL,NULL,108,NULL,NULL,1408,5,NULL),(863,'L',NULL,'Athletic Facilities',NULL,NULL,NULL,73,NULL,NULL,1409,5,NULL),(864,'L',NULL,'Automotive Industy',NULL,NULL,NULL,110,NULL,NULL,1410,5,NULL),(865,'L',NULL,'Barber Shops',NULL,NULL,NULL,111,NULL,NULL,1411,5,NULL),(866,'L',NULL,'Bars',NULL,NULL,NULL,112,NULL,NULL,1412,5,NULL),(867,'L',NULL,'Bathrooms',NULL,NULL,NULL,76,NULL,NULL,1413,5,NULL),(868,'L',NULL,'Beverage Plants',NULL,NULL,NULL,114,NULL,NULL,1414,5,NULL),(869,'L',NULL,'Boats',NULL,NULL,NULL,115,NULL,NULL,1415,5,NULL),(870,'L',NULL,'Breeding and Grooming Establishments',NULL,NULL,NULL,116,NULL,NULL,1416,5,NULL),(871,'L',NULL,'Breweries',NULL,NULL,NULL,117,NULL,NULL,1417,5,NULL),(872,'L',NULL,'Buses',NULL,NULL,NULL,118,NULL,NULL,1418,5,NULL),(873,'L',NULL,'Business and Office Buildings',NULL,NULL,NULL,119,NULL,NULL,1419,5,NULL),(874,'L',NULL,'Cafeterias',NULL,NULL,NULL,120,NULL,NULL,1420,5,NULL),(875,'L',NULL,'Camp Grounds',NULL,NULL,NULL,121,NULL,NULL,1421,5,NULL),(876,'L',NULL,'Campers',NULL,NULL,NULL,122,NULL,NULL,1422,5,NULL),(877,'L',NULL,'Carpeting',NULL,NULL,NULL,123,NULL,NULL,1423,5,NULL),(878,'L',NULL,'Cars',NULL,NULL,NULL,124,NULL,NULL,1424,5,NULL),(879,'L',NULL,'Citus Plants ',NULL,NULL,NULL,125,NULL,NULL,1425,5,NULL),(880,'L',NULL,'Colleges',NULL,NULL,NULL,126,NULL,NULL,1426,5,NULL),(881,'L',NULL,'Commercial Institutions',NULL,NULL,NULL,127,NULL,NULL,1427,5,NULL),(882,'L',NULL,'Convenience Stores',NULL,NULL,NULL,128,NULL,NULL,1428,5,NULL),(883,'L',NULL,'Correctional Facilities',NULL,NULL,NULL,90,NULL,NULL,1429,5,NULL),(884,'L',NULL,'Dairy Farms',NULL,NULL,NULL,91,NULL,NULL,1430,5,NULL),(885,'L',NULL,'Day Care Centers',NULL,NULL,NULL,131,NULL,NULL,1431,5,NULL),(886,'L',NULL,'Dental Offices',NULL,NULL,NULL,132,NULL,NULL,1432,5,NULL),(887,'L',NULL,'Emergency Vehicles',NULL,NULL,NULL,133,NULL,NULL,1433,5,NULL),(888,'L',NULL,'Equine Farms',NULL,NULL,NULL,95,NULL,NULL,1434,5,NULL),(889,'L',NULL,'Factories',NULL,NULL,NULL,135,NULL,NULL,1435,5,NULL),(890,'L',NULL,'Farms',NULL,NULL,NULL,98,NULL,NULL,1436,5,NULL),(891,'L',NULL,'Federally Inspected Meat and Poultry Plants',NULL,NULL,NULL,137,NULL,NULL,1437,5,NULL),(892,'L',NULL,'Food Processing Plants',NULL,NULL,NULL,138,NULL,NULL,1438,5,NULL),(893,'L',NULL,'Food Storage Areas',NULL,NULL,NULL,139,NULL,NULL,1439,5,NULL),(894,'L',NULL,'Funeral Homes',NULL,NULL,NULL,140,NULL,NULL,1440,5,NULL),(895,'L',NULL,'Health Care Facilities',NULL,NULL,NULL,106,NULL,NULL,1441,5,NULL),(896,'L',NULL,'Hog Farms',NULL,NULL,NULL,108,NULL,NULL,1442,5,NULL),(897,'L',NULL,'Homes (Households)',NULL,NULL,NULL,143,NULL,NULL,1443,5,NULL),(898,'L',NULL,'Hospitals',NULL,NULL,NULL,111,NULL,NULL,1444,5,NULL),(899,'L',NULL,'Hotels',NULL,NULL,NULL,145,NULL,NULL,1445,5,NULL),(900,'L',NULL,'Industrial Institutions',NULL,NULL,NULL,146,NULL,NULL,1446,5,NULL),(901,'L',NULL,'Institutional Facilities',NULL,NULL,NULL,147,NULL,NULL,1447,5,NULL),(902,'L',NULL,'Institutional Kitchens',NULL,NULL,NULL,148,NULL,NULL,1448,5,NULL),(903,'L',NULL,'Institutions',NULL,NULL,NULL,149,NULL,NULL,1449,5,NULL),(904,'L',NULL,'Kennels',NULL,NULL,NULL,116,NULL,NULL,1450,5,NULL),(905,'L',NULL,'Kitchens',NULL,NULL,NULL,118,NULL,NULL,1451,5,NULL),(906,'L',NULL,'Laundry Industry',NULL,NULL,NULL,152,NULL,NULL,1452,5,NULL),(907,'L',NULL,'Locker Rooms',NULL,NULL,NULL,153,NULL,NULL,1453,5,NULL),(908,'L',NULL,'Medical Clinics',NULL,NULL,NULL,154,NULL,NULL,1454,5,NULL),(909,'L',NULL,'Medical Offices',NULL,NULL,NULL,155,NULL,NULL,1455,5,NULL),(910,'L',NULL,'Mobile Homes',NULL,NULL,NULL,156,NULL,NULL,1456,5,NULL),(911,'L',NULL,'Morgues',NULL,NULL,NULL,157,NULL,NULL,1457,5,NULL),(912,'L',NULL,'Mortuaries',NULL,NULL,NULL,124,NULL,NULL,1458,5,NULL),(913,'L',NULL,'Motels',NULL,NULL,NULL,159,NULL,NULL,1459,5,NULL),(914,'L',NULL,'Mushroom Farms',NULL,NULL,NULL,160,NULL,NULL,1460,5,NULL),(915,'L',NULL,'Nurseries',NULL,NULL,NULL,161,NULL,NULL,1461,5,NULL),(916,'L',NULL,'Nursing Homes',NULL,NULL,NULL,162,NULL,NULL,1462,5,NULL),(917,'L',NULL,'Office Buildings',NULL,NULL,NULL,163,NULL,NULL,1463,5,NULL),(918,'L',NULL,'Pet Animal Quarters',NULL,NULL,NULL,128,NULL,NULL,1464,5,NULL),(919,'L',NULL,'Pet Shops',NULL,NULL,NULL,130,NULL,NULL,1465,5,NULL),(920,'L',NULL,'Playground Equipment',NULL,NULL,NULL,166,NULL,NULL,1466,5,NULL),(921,'L',NULL,'Poultry Farms',NULL,NULL,NULL,133,NULL,NULL,1467,5,NULL),(922,'L',NULL,'Poultry Plants',NULL,NULL,NULL,135,NULL,NULL,1468,5,NULL),(923,'L',NULL,'Prisons',NULL,NULL,NULL,169,NULL,NULL,1469,5,NULL),(924,'L',NULL,'Protective Safety Gear',NULL,NULL,NULL,170,NULL,NULL,1470,5,NULL),(925,'L',NULL,'Public Facilities',NULL,NULL,NULL,171,NULL,NULL,1471,5,NULL),(926,'L',NULL,'Public Rest Rooms',NULL,NULL,NULL,138,NULL,NULL,1472,5,NULL),(927,'L',NULL,'Recreational Vehicle Use',NULL,NULL,NULL,173,NULL,NULL,1473,5,NULL),(928,'L',NULL,'Restaurants',NULL,NULL,NULL,174,NULL,NULL,1474,5,NULL),(929,'L',NULL,'Salons (Beauty)',NULL,NULL,NULL,175,NULL,NULL,1475,5,NULL),(930,'L',NULL,'Schools',NULL,NULL,NULL,176,NULL,NULL,1476,5,NULL),(931,'L',NULL,'Ships',NULL,NULL,NULL,177,NULL,NULL,1477,5,NULL),(932,'L',NULL,'Shower and Bath Areas',NULL,NULL,NULL,178,NULL,NULL,1478,5,NULL),(933,'L',NULL,'Tack Shops',NULL,NULL,NULL,145,NULL,NULL,1479,5,NULL),(934,'L',NULL,'Tanning Salons',NULL,NULL,NULL,180,NULL,NULL,1480,5,NULL),(935,'L',NULL,'Taxis',NULL,NULL,NULL,181,NULL,NULL,1481,5,NULL),(936,'L',NULL,'Trailers',NULL,NULL,NULL,182,NULL,NULL,1482,5,NULL),(937,'L',NULL,'Trains',NULL,NULL,NULL,183,NULL,NULL,1483,5,NULL),(938,'L',NULL,'Transportation Terminals',NULL,NULL,NULL,184,NULL,NULL,1484,5,NULL),(939,'L',NULL,'Turkey Farms',NULL,NULL,NULL,150,NULL,NULL,1485,5,NULL),(940,'L',NULL,'USDA Inspected Food Processing Facilities',NULL,NULL,NULL,186,NULL,NULL,1486,5,NULL),(941,'L',NULL,'Verterinary Clinics',NULL,NULL,NULL,152,NULL,NULL,1487,5,NULL),(942,'L',NULL,'Veterinary Practice',NULL,NULL,NULL,153,NULL,NULL,1488,5,NULL),(943,'L',NULL,'Whirlpool and Foot Spa Use',NULL,NULL,NULL,189,NULL,NULL,1489,5,NULL),(944,'L',NULL,'Zoos',NULL,NULL,NULL,100,NULL,NULL,1490,5,NULL),(978,'C','Fungi','Aspergillus niger',NULL,NULL,NULL,137,NULL,NULL,1330,5,NULL),(979,'C','Fungi','Candida albicans',NULL,NULL,NULL,138,NULL,NULL,1331,5,NULL),(980,'C','Fungi','Trichophyton mentagrophytes [Athlete\'s Foot Fungus]',NULL,NULL,NULL,139,NULL,NULL,1332,5,NULL),(981,'C','Fungi','[a cause of Ringworm] [a cause of Ringworm of the foot]',NULL,NULL,NULL,140,NULL,NULL,1333,5,NULL),(982,'C','Bacteria','(1)  ATCC and antibiotic-resistant strain',NULL,NULL,NULL,103,NULL,NULL,1301,5,NULL),(983,'C','Bacteria','(2)  antibiotic-resistant strain only',NULL,NULL,NULL,142,NULL,NULL,1302,5,NULL),(984,'C','Bacteria','Acinetobacter calcoaceticus',NULL,NULL,NULL,143,NULL,NULL,1303,5,NULL),(985,'C','Bacteria','Bordetella bronchiseptica',NULL,NULL,NULL,144,NULL,NULL,1304,5,NULL),(986,'C','Bacteria','Chlamydia psittaci',NULL,NULL,NULL,145,NULL,NULL,1305,5,NULL),(987,'C','Bacteria','Enterobacter aerogenes',NULL,NULL,NULL,146,NULL,NULL,1306,5,NULL),(988,'C','Bacteria','Enterobacter cloacae',NULL,NULL,NULL,147,NULL,NULL,1307,5,NULL),(989,'C','Bacteria','Enterococcus faecalis- Vancomycin Resistant (VRE)',NULL,NULL,NULL,148,NULL,NULL,1308,5,NULL),(990,'C','Bacteria','Escherichia coli<sub> (1)</sub>',NULL,NULL,NULL,149,NULL,NULL,1309,5,NULL),(991,'C','Bacteria','Fusobacterium necrophorum',NULL,NULL,NULL,150,NULL,NULL,1310,5,NULL),(992,'C','Bacteria','Kiebsiella pneumoniae<sub> (1)</sub>',NULL,NULL,NULL,151,NULL,NULL,1311,5,NULL),(993,'C','Bacteria','Legionella pneumophilia',NULL,NULL,NULL,152,NULL,NULL,1312,5,NULL),(994,'C','Bacteria','Listeria monocytogenes',NULL,NULL,NULL,153,NULL,NULL,1313,5,NULL),(995,'C','Bacteria','Pasteurella multocida ',NULL,NULL,NULL,154,NULL,NULL,1314,5,NULL),(996,'C','Bacteria','Proteus mirabilis',NULL,NULL,NULL,155,NULL,NULL,1315,5,NULL),(997,'C','Bacteria','Proteus vulgaris',NULL,NULL,NULL,156,NULL,NULL,1316,5,NULL),(998,'C','Bacteria','Pseudomonas aeruginosa<sub> (1)</sub>',NULL,NULL,NULL,157,NULL,NULL,1317,5,NULL),(999,'C','Bacteria','Salmonella choleraesuis',NULL,NULL,NULL,158,NULL,NULL,1318,5,NULL),(1000,'C','Bacteria','Salmonella enteritidis',NULL,NULL,NULL,159,NULL,NULL,1319,5,NULL),(1001,'C','Bacteria','Salmonella typhi',NULL,NULL,NULL,160,NULL,NULL,1320,5,NULL),(1002,'C','Bacteria','Salmonella typhimurium',NULL,NULL,NULL,161,NULL,NULL,1321,5,NULL),(1003,'C','Bacteria','Serratia marcescens',NULL,NULL,NULL,162,NULL,NULL,1322,5,NULL),(1004,'C','Bacteria','Shigella fiexneri',NULL,NULL,NULL,163,NULL,NULL,1323,5,NULL),(1005,'C','Bacteria','Shigella sonnei',NULL,NULL,NULL,164,NULL,NULL,1324,5,NULL),(1006,'C','Bacteria','Staphylococcus aureus- Methicillin resistant (MRSA)',NULL,NULL,NULL,165,NULL,NULL,1325,5,NULL),(1007,'C','Bacteria','Staphylococcus aureus- Vancomycin Intermediate Resistant (VISA)',NULL,NULL,NULL,166,NULL,NULL,1326,5,NULL),(1008,'C','Bacteria','Staphylococcus aureus<sub> (1)</sub>',NULL,NULL,NULL,167,NULL,NULL,1327,5,NULL),(1009,'C','Bacteria','Staphylococcus epidermidis<sub> (2)</sub>',NULL,NULL,NULL,168,NULL,NULL,1328,5,NULL),(1010,'C','Bacteria','Streptococcus faecalis<sub> (1)</sub>',NULL,NULL,NULL,169,NULL,NULL,1329,5,NULL),(1011,'L',NULL,'Whirlpool and Foot Spa Use',NULL,NULL,NULL,170,NULL,NULL,1489,5,NULL),(1012,'C','Bacteria','(1)  ATCC and antibiotic-resistant strain',NULL,NULL,NULL,1,NULL,NULL,1491,6,NULL),(1013,'C','Bacteria','(2)  antibiotic-resistant strain only',NULL,NULL,NULL,2,NULL,NULL,1492,6,NULL),(1014,'C','Bacteria','Acinetobacter calcoaceticus',NULL,NULL,NULL,3,NULL,NULL,1493,6,NULL),(1015,'C','Bacteria','Bordetella bronchiseptica',NULL,NULL,NULL,NULL,NULL,NULL,1494,6,NULL),(1016,'C','Bacteria','Chlamydia psittaci',NULL,NULL,NULL,NULL,NULL,NULL,1495,6,NULL),(1017,'C','Bacteria','Enterobacter aerogenes',NULL,NULL,NULL,NULL,NULL,NULL,1496,6,NULL),(1018,'C','Bacteria','Enterobacter cloacae',NULL,NULL,NULL,NULL,NULL,NULL,1497,6,NULL),(1019,'C','Bacteria','Enterococcus faecalis- Vancomycin Resistant (VRE)',NULL,NULL,NULL,NULL,NULL,NULL,1498,6,NULL),(1020,'C','Bacteria','Escherichia coli<sub> (1)</sub>',NULL,NULL,NULL,NULL,NULL,NULL,1499,6,NULL),(1021,'C','Bacteria','Fusobacterium necrophorum',NULL,NULL,NULL,NULL,NULL,NULL,1500,6,NULL),(1022,'C','Bacteria','Kiebsiella pneumoniae<sub> (1)</sub>',NULL,NULL,NULL,NULL,NULL,NULL,1501,6,NULL),(1023,'C','Bacteria','Legionella pneumophilia',NULL,NULL,NULL,NULL,NULL,NULL,1502,6,NULL),(1024,'C','Bacteria','Listeria monocytogenes',NULL,NULL,NULL,NULL,NULL,NULL,1503,6,NULL),(1025,'C','Bacteria','Pasteurella multocida ',NULL,NULL,NULL,NULL,NULL,NULL,1504,6,NULL),(1026,'C','Bacteria','Proteus mirabilis',NULL,NULL,NULL,NULL,NULL,NULL,1505,6,NULL),(1027,'C','Bacteria','Proteus vulgaris',NULL,NULL,NULL,NULL,NULL,NULL,1506,6,NULL),(1028,'C','Bacteria','Pseudomonas aeruginosa<sub> (1)</sub>',NULL,NULL,NULL,NULL,NULL,NULL,1507,6,NULL),(1029,'C','Bacteria','Salmonella choleraesuis',NULL,NULL,NULL,NULL,NULL,NULL,1508,6,NULL),(1030,'C','Bacteria','Salmonella enteritidis',NULL,NULL,NULL,NULL,NULL,NULL,1509,6,NULL),(1031,'C','Bacteria','Salmonella typhi',NULL,NULL,NULL,NULL,NULL,NULL,1510,6,NULL),(1032,'C','Bacteria','Salmonella typhimurium',NULL,NULL,NULL,NULL,NULL,NULL,1511,6,NULL),(1033,'C','Bacteria','Serratia marcescens',NULL,NULL,NULL,NULL,NULL,NULL,1512,6,NULL),(1034,'C','Bacteria','Shigella fiexneri',NULL,NULL,NULL,NULL,NULL,NULL,1513,6,NULL),(1035,'C','Bacteria','Shigella sonnei',NULL,NULL,NULL,NULL,NULL,NULL,1514,6,NULL),(1036,'C','Bacteria','Staphylococcus aureus- Methicillin resistant (MRSA)',NULL,NULL,NULL,NULL,NULL,NULL,1515,6,NULL),(1037,'C','Bacteria','Staphylococcus aureus- Vancomycin Intermediate Resistant (VISA)',NULL,NULL,NULL,NULL,NULL,NULL,1516,6,NULL),(1038,'C','Bacteria','Staphylococcus aureus<sub> (1)</sub>',NULL,NULL,NULL,NULL,NULL,NULL,1517,6,NULL),(1039,'C','Bacteria','Staphylococcus epidermidis<sub> (2)</sub>',NULL,NULL,NULL,NULL,NULL,NULL,1518,6,NULL),(1040,'C','Bacteria','Streptococcus faecalis<sub> (1)</sub>',NULL,NULL,NULL,NULL,NULL,NULL,1519,6,NULL),(1041,'C','Fungi','Aspergillus niger',NULL,NULL,NULL,30,NULL,NULL,1520,6,NULL),(1042,'C','Fungi','Candida albicans',NULL,NULL,NULL,NULL,NULL,NULL,1521,6,NULL),(1043,'C','Fungi','Trichophyton mentagrophytes [Athlete\'s Foot Fungus]',NULL,NULL,NULL,NULL,NULL,NULL,1522,6,NULL),(1044,'C','Fungi','[a cause of Ringworm] [a cause of Ringworm of the foot]',NULL,NULL,NULL,33,NULL,NULL,1523,6,NULL),(1045,'C','Viruses','*Adenovirus Type 4',NULL,NULL,NULL,34,NULL,NULL,1524,6,NULL),(1046,'C','Viruses','*Avian polyomavirus',NULL,NULL,NULL,35,NULL,NULL,1525,6,NULL),(1047,'C','Viruses','*Canine distemper',NULL,NULL,NULL,36,NULL,NULL,1526,6,NULL),(1048,'C','Viruses','*Canine parvovirus- at 2 oz. per gallon',NULL,NULL,NULL,37,NULL,NULL,1527,6,NULL),(1049,'C','Viruses','*Feline leukemia',NULL,NULL,NULL,38,NULL,NULL,1528,6,NULL),(1050,'C','Viruses','*Feline picomavirus',NULL,NULL,NULL,39,NULL,NULL,1529,6,NULL),(1051,'C','Viruses','*HIV-1 (AIDS virus)',NULL,NULL,NULL,40,NULL,NULL,1530,6,NULL),(1052,'C','Viruses','*Hepatitis B Virus (HBV)',NULL,NULL,NULL,41,NULL,NULL,1531,6,NULL),(1053,'C','Viruses','*Hepatitis C Virus (HCV)',NULL,NULL,NULL,42,NULL,NULL,1532,6,NULL),(1054,'C','Viruses','*Herpes Simplex Type 1',NULL,NULL,NULL,43,NULL,NULL,1533,6,NULL),(1055,'C','Viruses','*Herpes Simplex Type 2',NULL,NULL,NULL,44,NULL,NULL,1534,6,NULL),(1056,'C','Viruses','*Human coronavirus ',NULL,NULL,NULL,45,NULL,NULL,1535,6,NULL),(1057,'C','Viruses','*Infectious bovine rhinotracheitis',NULL,NULL,NULL,46,NULL,NULL,1536,6,NULL),(1058,'C','Viruses','*Infectious bronchitis (Avian IBV)',NULL,NULL,NULL,47,NULL,NULL,1537,6,NULL),(1059,'C','Viruses','*Influenza A/ Hong Kong',NULL,NULL,NULL,48,NULL,NULL,1538,6,NULL),(1060,'C','Viruses','*Pseudorabies (PRV)',NULL,NULL,NULL,49,NULL,NULL,1539,6,NULL),(1061,'C','Viruses','*Rabies',NULL,NULL,NULL,50,NULL,NULL,1540,6,NULL),(1062,'C','Viruses','*Respiratory Syncytial Virus (RSV)',NULL,NULL,NULL,51,NULL,NULL,1541,6,NULL),(1063,'C','Viruses','*Rubella (German Measles)',NULL,NULL,NULL,52,NULL,NULL,1542,6,NULL),(1064,'C','Viruses','*Transmissible gastroenteritis virus (TGE)\Z',NULL,NULL,NULL,53,NULL,NULL,1543,6,NULL),(1065,'C','Viruses','*Vaccinia [Pox virus]',NULL,NULL,NULL,54,NULL,NULL,1544,6,NULL),(1066,'S',NULL,'Appliances',NULL,NULL,NULL,55,NULL,NULL,1545,6,NULL),(1067,'S',NULL,'Bathroom fixtures',NULL,NULL,NULL,56,NULL,NULL,1546,6,NULL),(1068,'S',NULL,'Bathtubs (Fiberglass)',NULL,NULL,NULL,57,NULL,NULL,1547,6,NULL),(1069,'S',NULL,'Cabinets',NULL,NULL,NULL,58,NULL,NULL,1548,6,NULL),(1070,'S',NULL,'Cages',NULL,NULL,NULL,59,NULL,NULL,1549,6,NULL),(1071,'S',NULL,'Chairs',NULL,NULL,NULL,60,NULL,NULL,1550,6,NULL),(1072,'S',NULL,'Coils and drain pans of air conditioning and refrigeration equipment and heat pumps',NULL,NULL,NULL,61,NULL,NULL,1551,6,NULL),(1073,'S',NULL,'Conductive flooring',NULL,NULL,NULL,62,NULL,NULL,1552,6,NULL),(1074,'S',NULL,'Counters (countertops)',NULL,NULL,NULL,NULL,NULL,NULL,1553,6,NULL),(1075,'S',NULL,'Countertop laminates',NULL,NULL,NULL,64,NULL,NULL,1554,6,NULL),(1076,'S',NULL,'Desks',NULL,NULL,NULL,65,NULL,NULL,1555,6,NULL),(1077,'S',NULL,'Doorknobs',NULL,NULL,NULL,66,NULL,NULL,1556,6,NULL),(1078,'S',NULL,'Floors',NULL,NULL,NULL,NULL,NULL,NULL,1557,6,NULL),(1079,'S',NULL,'Garbage cans',NULL,NULL,NULL,68,NULL,NULL,1558,6,NULL),(1080,'S',NULL,'Glazed ceramic',NULL,NULL,NULL,NULL,NULL,NULL,1559,6,NULL),(1081,'S',NULL,'Glazed enameled surfaces',NULL,NULL,NULL,NULL,NULL,NULL,1560,6,NULL),(1082,'S',NULL,'Highchairs',NULL,NULL,NULL,71,NULL,NULL,1561,6,NULL),(1083,'S',NULL,'Kennel runs',NULL,NULL,NULL,NULL,NULL,NULL,1562,6,NULL),(1084,'S',NULL,'Laminated surfaces',NULL,NULL,NULL,73,NULL,NULL,1563,6,NULL),(1085,'S',NULL,'Metal',NULL,NULL,NULL,74,NULL,NULL,1564,6,NULL),(1086,'S',NULL,'Microwave ovens',NULL,NULL,NULL,75,NULL,NULL,1565,6,NULL),(1087,'S',NULL,'Non-medical metal surfaces',NULL,NULL,NULL,76,NULL,NULL,1566,6,NULL),(1088,'S',NULL,'Non-medical stainless steel surfaces',NULL,NULL,NULL,NULL,NULL,NULL,1567,6,NULL),(1089,'S',NULL,'Other hard nonporous surfaces made of:',NULL,NULL,NULL,78,NULL,NULL,1568,6,NULL),(1090,'S',NULL,'Outdoor furniture',NULL,NULL,NULL,79,NULL,NULL,1569,6,NULL),(1091,'S',NULL,'Plastic (such as polystyrene or polypropylene)',NULL,NULL,NULL,NULL,NULL,NULL,1570,6,NULL),(1092,'S',NULL,'Refrigerated storage and display equipment',NULL,NULL,NULL,81,NULL,NULL,1571,6,NULL),(1093,'S',NULL,'Refrigerators',NULL,NULL,NULL,82,NULL,NULL,1572,6,NULL),(1094,'S',NULL,'Sealed granite',NULL,NULL,NULL,83,NULL,NULL,1573,6,NULL),(1095,'S',NULL,'Sealed limestone',NULL,NULL,NULL,84,NULL,NULL,1574,6,NULL),(1096,'S',NULL,'Sealed marble',NULL,NULL,NULL,85,NULL,NULL,1575,6,NULL),(1097,'S',NULL,'Sealed slate',NULL,NULL,NULL,86,NULL,NULL,1576,6,NULL),(1098,'S',NULL,'Sealed stone',NULL,NULL,NULL,87,NULL,NULL,1577,6,NULL),(1099,'S',NULL,'Sealed terra cotta',NULL,NULL,NULL,88,NULL,NULL,1578,6,NULL),(1100,'S',NULL,'Sealed terrazzo',NULL,NULL,NULL,89,NULL,NULL,1579,6,NULL),(1101,'S',NULL,'Stainless steel',NULL,NULL,NULL,90,NULL,NULL,1580,6,NULL),(1102,'S',NULL,'Tanning Beds',NULL,NULL,NULL,91,NULL,NULL,1581,6,NULL),(1103,'S',NULL,'Tanning Equipment',NULL,NULL,NULL,92,NULL,NULL,1582,6,NULL),(1104,'S',NULL,'Telephones',NULL,NULL,NULL,93,NULL,NULL,1583,6,NULL),(1105,'S',NULL,'Upholstery',NULL,NULL,NULL,94,NULL,NULL,1584,6,NULL),(1106,'S',NULL,'Walls',NULL,NULL,NULL,NULL,NULL,NULL,1585,6,NULL),(1107,'S',NULL,'Woodwork',NULL,NULL,NULL,96,NULL,NULL,1586,6,NULL),(1108,'T',NULL,'Algaecide',NULL,NULL,NULL,97,NULL,NULL,1587,6,NULL),(1109,'T',NULL,'Disinfectant',NULL,NULL,NULL,98,NULL,NULL,1588,6,NULL),(1110,'T',NULL,'Fungicide',NULL,NULL,NULL,99,NULL,NULL,1589,6,NULL),(1111,'T',NULL,'General Purpose Anti-microbial',NULL,NULL,NULL,100,NULL,NULL,1590,6,NULL),(1112,'T',NULL,'Sanitizer',NULL,NULL,NULL,101,NULL,NULL,1591,6,NULL),(1113,'T',NULL,'Tuberculocide',NULL,NULL,NULL,102,NULL,NULL,1592,6,NULL),(1114,'T',NULL,'Viruscide',NULL,NULL,NULL,103,NULL,NULL,1593,6,NULL),(1115,'L',NULL,'Airplanes',NULL,NULL,NULL,104,NULL,NULL,1594,6,NULL),(1116,'L',NULL,'Airports',NULL,NULL,NULL,105,NULL,NULL,1595,6,NULL),(1117,'L',NULL,'Animal Care',NULL,NULL,NULL,28,NULL,NULL,1596,6,NULL),(1118,'L',NULL,'Animal Laboratories',NULL,NULL,NULL,29,NULL,NULL,1597,6,NULL),(1119,'L',NULL,'Animal Life Science Laboratories',NULL,NULL,NULL,NULL,NULL,NULL,1598,6,NULL),(1120,'L',NULL,'Athletic Facilities',NULL,NULL,NULL,109,NULL,NULL,1599,6,NULL),(1121,'L',NULL,'Automotive Industy',NULL,NULL,NULL,110,NULL,NULL,1600,6,NULL),(1122,'L',NULL,'Barber Shops',NULL,NULL,NULL,111,NULL,NULL,1601,6,NULL),(1123,'L',NULL,'Bars',NULL,NULL,NULL,112,NULL,NULL,1602,6,NULL),(1124,'L',NULL,'Bathrooms',NULL,NULL,NULL,113,NULL,NULL,1603,6,NULL),(1125,'L',NULL,'Beverage Plants',NULL,NULL,NULL,114,NULL,NULL,1604,6,NULL),(1126,'L',NULL,'Boats',NULL,NULL,NULL,115,NULL,NULL,1605,6,NULL),(1127,'L',NULL,'Breeding and Grooming Establishments',NULL,NULL,NULL,116,NULL,NULL,1606,6,NULL),(1128,'L',NULL,'Breweries',NULL,NULL,NULL,117,NULL,NULL,1607,6,NULL),(1129,'L',NULL,'Buses',NULL,NULL,NULL,118,NULL,NULL,1608,6,NULL),(1130,'L',NULL,'Business and Office Buildings',NULL,NULL,NULL,119,NULL,NULL,1609,6,NULL),(1131,'L',NULL,'Cafeterias',NULL,NULL,NULL,120,NULL,NULL,1610,6,NULL),(1132,'L',NULL,'Camp Grounds',NULL,NULL,NULL,121,NULL,NULL,1611,6,NULL),(1133,'L',NULL,'Campers',NULL,NULL,NULL,122,NULL,NULL,1612,6,NULL),(1134,'L',NULL,'Carpeting',NULL,NULL,NULL,123,NULL,NULL,1613,6,NULL),(1135,'L',NULL,'Cars',NULL,NULL,NULL,124,NULL,NULL,1614,6,NULL),(1136,'L',NULL,'Citus Plants ',NULL,NULL,NULL,125,NULL,NULL,1615,6,NULL),(1137,'L',NULL,'Colleges',NULL,NULL,NULL,126,NULL,NULL,1616,6,NULL),(1138,'L',NULL,'Commercial Institutions',NULL,NULL,NULL,127,NULL,NULL,1617,6,NULL),(1139,'L',NULL,'Convenience Stores',NULL,NULL,NULL,128,NULL,NULL,1618,6,NULL),(1140,'L',NULL,'Correctional Facilities',NULL,NULL,NULL,129,NULL,NULL,1619,6,NULL),(1141,'L',NULL,'Dairy Farms',NULL,NULL,NULL,31,NULL,NULL,1620,6,NULL),(1142,'L',NULL,'Day Care Centers',NULL,NULL,NULL,131,NULL,NULL,1621,6,NULL),(1143,'L',NULL,'Dental Offices',NULL,NULL,NULL,132,NULL,NULL,1622,6,NULL),(1144,'L',NULL,'Emergency Vehicles',NULL,NULL,NULL,133,NULL,NULL,1623,6,NULL),(1145,'L',NULL,'Equine Farms',NULL,NULL,NULL,32,NULL,NULL,1624,6,NULL),(1146,'L',NULL,'Factories',NULL,NULL,NULL,135,NULL,NULL,1625,6,NULL),(1147,'L',NULL,'Farms',NULL,NULL,NULL,33,NULL,NULL,1626,6,NULL),(1148,'L',NULL,'Federally Inspected Meat and Poultry Plants',NULL,NULL,NULL,137,NULL,NULL,1627,6,NULL),(1149,'L',NULL,'Food Processing Plants',NULL,NULL,NULL,NULL,NULL,NULL,1628,6,NULL),(1150,'L',NULL,'Food Storage Areas',NULL,NULL,NULL,139,NULL,NULL,1629,6,NULL),(1151,'L',NULL,'Funeral Homes',NULL,NULL,NULL,140,NULL,NULL,1630,6,NULL),(1152,'L',NULL,'Health Care Facilities',NULL,NULL,NULL,141,NULL,NULL,1631,6,NULL),(1153,'L',NULL,'Hog Farms',NULL,NULL,NULL,35,NULL,NULL,1632,6,NULL),(1154,'L',NULL,'Homes (Households)',NULL,NULL,NULL,155,NULL,NULL,1633,6,NULL),(1155,'L',NULL,'Hospitals',NULL,NULL,NULL,144,NULL,NULL,1634,6,NULL),(1156,'L',NULL,'Hotels',NULL,NULL,NULL,145,NULL,NULL,1635,6,NULL),(1157,'L',NULL,'Industrial Institutions',NULL,NULL,NULL,146,NULL,NULL,1636,6,NULL),(1158,'L',NULL,'Institutional Facilities',NULL,NULL,NULL,147,NULL,NULL,1637,6,NULL),(1159,'L',NULL,'Institutional Kitchens',NULL,NULL,NULL,148,NULL,NULL,1638,6,NULL),(1160,'L',NULL,'Institutions',NULL,NULL,NULL,149,NULL,NULL,1639,6,NULL),(1161,'L',NULL,'Kennels',NULL,NULL,NULL,36,NULL,NULL,1640,6,NULL),(1162,'L',NULL,'Kitchens',NULL,NULL,NULL,151,NULL,NULL,1641,6,NULL),(1163,'L',NULL,'Laundry Industry',NULL,NULL,NULL,152,NULL,NULL,1642,6,NULL),(1164,'L',NULL,'Locker Rooms',NULL,NULL,NULL,NULL,NULL,NULL,1643,6,NULL),(1165,'L',NULL,'Medical Clinics',NULL,NULL,NULL,NULL,NULL,NULL,1644,6,NULL),(1166,'L',NULL,'Medical Offices',NULL,NULL,NULL,155,NULL,NULL,1645,6,NULL),(1167,'L',NULL,'Mobile Homes',NULL,NULL,NULL,156,NULL,NULL,1646,6,NULL),(1168,'L',NULL,'Morgues',NULL,NULL,NULL,NULL,NULL,NULL,1647,6,NULL),(1169,'L',NULL,'Mortuaries',NULL,NULL,NULL,158,NULL,NULL,1648,6,NULL),(1170,'L',NULL,'Motels',NULL,NULL,NULL,159,NULL,NULL,1649,6,NULL),(1171,'L',NULL,'Mushroom Farms',NULL,NULL,NULL,160,NULL,NULL,1650,6,NULL),(1172,'L',NULL,'Nurseries',NULL,NULL,NULL,161,NULL,NULL,1651,6,NULL),(1173,'L',NULL,'Nursing Homes',NULL,NULL,NULL,162,NULL,NULL,1652,6,NULL),(1174,'L',NULL,'Office Buildings',NULL,NULL,NULL,163,NULL,NULL,1653,6,NULL),(1175,'L',NULL,'Pet Animal Quarters',NULL,NULL,NULL,NULL,NULL,NULL,1654,6,NULL),(1176,'L',NULL,'Pet Shops',NULL,NULL,NULL,172,NULL,NULL,1655,6,NULL),(1177,'L',NULL,'Playground Equipment',NULL,NULL,NULL,166,NULL,NULL,1656,6,NULL),(1178,'L',NULL,'Poultry Farms',NULL,NULL,NULL,41,NULL,NULL,1657,6,NULL),(1179,'L',NULL,'Poultry Plants',NULL,NULL,NULL,42,NULL,NULL,1658,6,NULL),(1180,'L',NULL,'Prisons',NULL,NULL,NULL,169,NULL,NULL,1659,6,NULL),(1181,'L',NULL,'Protective Safety Gear',NULL,NULL,NULL,170,NULL,NULL,1660,6,NULL),(1182,'L',NULL,'Public Facilities',NULL,NULL,NULL,171,NULL,NULL,1661,6,NULL),(1183,'L',NULL,'Public Rest Rooms',NULL,NULL,NULL,172,NULL,NULL,1662,6,NULL),(1184,'L',NULL,'Recreational Vehicle Use',NULL,NULL,NULL,173,NULL,NULL,1663,6,NULL),(1185,'L',NULL,'Restaurants',NULL,NULL,NULL,174,NULL,NULL,1664,6,NULL),(1186,'L',NULL,'Salons (Beauty)',NULL,NULL,NULL,175,NULL,NULL,1665,6,NULL),(1187,'L',NULL,'Schools',NULL,NULL,NULL,43,NULL,NULL,1666,6,NULL),(1188,'L',NULL,'Ships',NULL,NULL,NULL,177,NULL,NULL,1667,6,NULL),(1189,'L',NULL,'Shower and Bath Areas',NULL,NULL,NULL,178,NULL,NULL,1668,6,NULL),(1190,'L',NULL,'Tack Shops',NULL,NULL,NULL,183,NULL,NULL,1669,6,NULL),(1191,'L',NULL,'Tanning Salons',NULL,NULL,NULL,180,NULL,NULL,1670,6,NULL),(1192,'L',NULL,'Taxis',NULL,NULL,NULL,181,NULL,NULL,1671,6,NULL),(1193,'L',NULL,'Trailers',NULL,NULL,NULL,182,NULL,NULL,1672,6,NULL),(1194,'L',NULL,'Trains',NULL,NULL,NULL,183,NULL,NULL,1673,6,NULL),(1195,'L',NULL,'Transportation Terminals',NULL,NULL,NULL,184,NULL,NULL,1674,6,NULL),(1196,'L',NULL,'Turkey Farms',NULL,NULL,NULL,44,NULL,NULL,1675,6,NULL),(1197,'L',NULL,'USDA Inspected Food Processing Facilities',NULL,NULL,NULL,186,NULL,NULL,1676,6,NULL),(1198,'L',NULL,'Verterinary Clinics',NULL,NULL,NULL,45,NULL,NULL,1677,6,NULL),(1199,'L',NULL,'Veterinary Practice',NULL,NULL,NULL,NULL,NULL,NULL,1678,6,NULL),(1200,'L',NULL,'Whirlpool and Foot Spa Use',NULL,NULL,NULL,189,NULL,NULL,1679,6,NULL),(1201,'L',NULL,'Zoos',NULL,NULL,NULL,NULL,NULL,NULL,1680,6,NULL),(1204,'C','Bacteria','Acinetobacter calcoaceticus',NULL,NULL,1683,NULL,NULL,NULL,1683,NULL,1),(1205,'C','Bacteria','Bordetella bronchiseptica',NULL,NULL,1684,NULL,NULL,NULL,1684,NULL,1),(1206,'C','Bacteria','Chlamydia psittaci',NULL,NULL,1685,NULL,NULL,NULL,1685,NULL,1),(1207,'C','Bacteria','Pseudomonas aeruginosa',NULL,NULL,1895,NULL,NULL,NULL,1895,NULL,2),(1208,'C','Bacteria','Escherichia coli',NULL,NULL,1904,NULL,NULL,NULL,1904,NULL,2),(1209,'C','Bacteria','Kiebsiella pneumoniae',NULL,NULL,1906,NULL,NULL,NULL,1906,NULL,2),(1210,'C','Bacteria','Streptococcus faecalis',NULL,NULL,1921,NULL,NULL,NULL,1921,NULL,2),(1211,'C','Bacteria','Staphylococcus aureus',NULL,NULL,1952,NULL,NULL,NULL,1952,NULL,2),(1212,'C','Bacteria','Staphylococcus epidermidis',NULL,NULL,1920,NULL,NULL,NULL,1920,NULL,2),(1213,'C','Viruses','*Adenovirus Type 4',NULL,NULL,1872,NULL,NULL,NULL,1872,NULL,2),(1214,'C','Viruses','*Hepatitis B Virus (HBV)',NULL,NULL,1873,NULL,NULL,NULL,1873,NULL,2),(1215,'C','Viruses','*Hepatitis C Virus (HCV)',NULL,NULL,1874,NULL,NULL,NULL,1874,NULL,2),(1216,'C','Viruses','*Herpes Simplex Type 1',NULL,NULL,1875,NULL,NULL,NULL,1875,NULL,2),(1217,'C','Viruses','*Herpes Simplex Type 2',NULL,NULL,1876,NULL,NULL,NULL,1876,NULL,2),(1218,'C','Viruses','*Human coronavirus ',NULL,NULL,1877,NULL,NULL,NULL,1877,NULL,2),(1219,'C','Viruses','*HIV-1 (AIDS virus)',NULL,NULL,1878,NULL,NULL,NULL,1878,NULL,2),(1220,'C','Viruses','*Influenza A/ Hong Kong',NULL,NULL,1879,NULL,NULL,NULL,1879,NULL,2),(1221,'C','Viruses','*Respiratory Syncytial Virus (RSV)',NULL,NULL,1880,NULL,NULL,NULL,1880,NULL,2),(1222,'C','Viruses','*Rubella (German Measles)',NULL,NULL,1881,NULL,NULL,NULL,1881,NULL,2),(1223,'C','Viruses','*Vaccinia [Pox virus]',NULL,NULL,1882,NULL,NULL,NULL,1882,NULL,2),(1224,'C','Viruses','*Avian polyomavirus',NULL,NULL,1883,NULL,NULL,NULL,1883,NULL,2),(1225,'C','Viruses','*Canine distemper',NULL,NULL,1884,NULL,NULL,NULL,1884,NULL,2),(1226,'C','Viruses','*Canine parvovirus- at 2 oz. per gallon',NULL,NULL,1885,NULL,NULL,NULL,1885,NULL,2),(1227,'C','Viruses','*Feline leukemia',NULL,NULL,1886,NULL,NULL,NULL,1886,NULL,2),(1228,'C','Viruses','*Feline picomavirus',NULL,NULL,1887,NULL,NULL,NULL,1887,NULL,2),(1229,'C','Viruses','*Infectious bovine rhinotracheitis',NULL,NULL,1888,NULL,NULL,NULL,1888,NULL,2),(1230,'C','Viruses','*Infectious bronchitis (Avian IBV)',NULL,NULL,1889,NULL,NULL,NULL,1889,NULL,2),(1231,'C','Viruses','*Pseudorabies (PRV)',NULL,NULL,1890,NULL,NULL,NULL,1890,NULL,2),(1232,'C','Viruses','*Rabies',NULL,NULL,1891,NULL,NULL,NULL,1891,NULL,2),(1233,'C','Fungi','Aspergillus niger',NULL,NULL,1892,NULL,NULL,NULL,1892,NULL,2),(1234,'C','Fungi','Candida albicans',NULL,NULL,1893,NULL,NULL,NULL,1893,NULL,2),(1235,'C','Fungi','Trichophyton mentagrophytes [Athlete\'s Foot Fungus]',NULL,NULL,1894,NULL,NULL,NULL,1894,NULL,2),(1236,'C','Bacteria','Acinetobacter calcoaceticus',NULL,NULL,1898,NULL,NULL,NULL,1898,NULL,2),(1237,'C','Bacteria','Bordetella bronchiseptica',NULL,NULL,1899,NULL,NULL,NULL,1899,NULL,2),(1238,'C','Bacteria','Chlamydia psittaci',NULL,NULL,1900,NULL,NULL,NULL,1900,NULL,2),(1239,'C','Bacteria','Enterobacter aerogenes',NULL,NULL,1901,NULL,NULL,NULL,1901,NULL,2),(1240,'C','Bacteria','Enterobacter cloacae',NULL,NULL,1902,NULL,NULL,NULL,1902,NULL,2),(1241,'C','Bacteria','Enterococcus faecalis- Vancomycin Resistant (VRE)',NULL,NULL,1903,NULL,NULL,NULL,1903,NULL,2),(1242,'C','Bacteria','Fusobacterium necrophorum',NULL,NULL,1905,NULL,NULL,NULL,1905,NULL,2),(1243,'C','Bacteria','Legionella pneumophilia',NULL,NULL,1907,NULL,NULL,NULL,1907,NULL,2),(1244,'C','Bacteria','Listeria monocytogenes',NULL,NULL,1908,NULL,NULL,NULL,1908,NULL,2),(1245,'C','Bacteria','Pasteurella multocida ',NULL,NULL,1909,NULL,NULL,NULL,1909,NULL,2),(1246,'C','Bacteria','Proteus mirabilis',NULL,NULL,1910,NULL,NULL,NULL,1910,NULL,2),(1247,'C','Bacteria','Proteus vulgaris',NULL,NULL,1911,NULL,NULL,NULL,1911,NULL,2),(1248,'C','Bacteria','Staphylococcus aureus- Methicillin resistant (MRSA)',NULL,NULL,1918,NULL,NULL,NULL,1918,NULL,2),(1249,'C','Bacteria','Staphylococcus aureus- Vancomycin Intermediate Resistant (VISA)',NULL,NULL,1919,NULL,NULL,NULL,1919,NULL,2),(1250,'C','Bacteria','Steptococcus pyogenes [cause of Scarlet fever]',NULL,NULL,1922,NULL,NULL,NULL,1922,NULL,2),(1251,'C','Bacteria','Salmonella choleraesuis ',NULL,NULL,1953,NULL,NULL,NULL,1953,NULL,2),(1252,'C','Bacteria','Salmonella enteritidis',NULL,NULL,1968,NULL,NULL,NULL,1968,NULL,2),(1253,'C','Bacteria','Salmonella typhi',NULL,NULL,1969,NULL,NULL,NULL,1969,NULL,2),(1254,'C','Bacteria','Salmonella typhimurium',NULL,NULL,1970,NULL,NULL,NULL,1970,NULL,2),(1255,'C','Bacteria','Serratia marcescens',NULL,NULL,1971,NULL,NULL,NULL,1971,NULL,2),(1256,'C','Bacteria','Shigella fiexneri',NULL,NULL,1972,NULL,NULL,NULL,1972,NULL,2),(1257,'C','Bacteria','Shigella sonnei',NULL,NULL,1973,NULL,NULL,NULL,1973,NULL,2),(1258,'S',NULL,'Use Formulatin HWS-256 on washable hard',NULL,NULL,1979,NULL,NULL,NULL,1979,NULL,3),(1259,'S',NULL,'Appliances',NULL,NULL,1980,NULL,NULL,NULL,1980,NULL,3),(1260,'S',NULL,'Bathroom fixtures',NULL,NULL,1981,NULL,NULL,NULL,1981,NULL,3),(1261,'S',NULL,'Bathtubs (Fiberglass)',NULL,NULL,1982,NULL,NULL,NULL,1982,NULL,3),(1262,'S',NULL,'Cabinets',NULL,NULL,1983,NULL,NULL,NULL,1983,NULL,3),(1263,'S',NULL,'Cages',NULL,NULL,1984,NULL,NULL,NULL,1984,NULL,3),(1264,'S',NULL,'Chairs',NULL,NULL,1985,NULL,NULL,NULL,1985,NULL,3),(1265,'S',NULL,'Coils and drain pans of air conditioning and refrigeration equipment and heat pumps',NULL,NULL,1986,NULL,NULL,NULL,1986,NULL,3),(1266,'S',NULL,'Conductive flooring',NULL,NULL,1987,NULL,NULL,NULL,1987,NULL,3),(1267,'S',NULL,'Counters (countertops)',NULL,NULL,1988,NULL,NULL,NULL,1988,NULL,3),(1268,'S',NULL,'Countertop laminates',NULL,NULL,1989,NULL,NULL,NULL,1989,NULL,3),(1269,'S',NULL,'Desks',NULL,NULL,1990,NULL,NULL,NULL,1990,NULL,3),(1270,'S',NULL,'Doorknobs',NULL,NULL,1991,NULL,NULL,NULL,1991,NULL,3),(1271,'S',NULL,'Floors',NULL,NULL,1992,NULL,NULL,NULL,1992,NULL,3),(1272,'S',NULL,'Garbage cans',NULL,NULL,1993,NULL,NULL,NULL,1993,NULL,3),(1273,'S',NULL,'Highchairs',NULL,NULL,1994,NULL,NULL,NULL,1994,NULL,3),(1274,'S',NULL,'Kennel runs',NULL,NULL,1995,NULL,NULL,NULL,1995,NULL,3),(1275,'S',NULL,'Microwave ovens',NULL,NULL,1996,NULL,NULL,NULL,1996,NULL,3),(1276,'S',NULL,'Outdoor furniture',NULL,NULL,1997,NULL,NULL,NULL,1997,NULL,3),(1277,'S',NULL,'Refrigerators',NULL,NULL,1998,NULL,NULL,NULL,1998,NULL,3),(1278,'S',NULL,'Refrigerated storage and display equipment',NULL,NULL,1999,NULL,NULL,NULL,1999,NULL,3),(1279,'S',NULL,'Tanning Beds',NULL,NULL,2000,NULL,NULL,NULL,2000,NULL,3),(1280,'S',NULL,'Tanning Equipment',NULL,NULL,2001,NULL,NULL,NULL,2001,NULL,3),(1281,'S',NULL,'Telephones',NULL,NULL,2002,NULL,NULL,NULL,2002,NULL,3),(1282,'S',NULL,'Other hard nonporous surfaces made of:',NULL,NULL,2003,NULL,NULL,NULL,2003,NULL,3),(1283,'S',NULL,'Glazed ceramic',NULL,NULL,2004,NULL,NULL,NULL,2004,NULL,3),(1284,'S',NULL,'Glazed enameled surfaces',NULL,NULL,2005,NULL,NULL,NULL,2005,NULL,3),(1285,'S',NULL,'Laminated surfaces',NULL,NULL,2006,NULL,NULL,NULL,2006,NULL,3),(1286,'S',NULL,'Metal',NULL,NULL,2007,NULL,NULL,NULL,2007,NULL,3),(1287,'S',NULL,'Plastic (such as polystyrene or polypropylene)',NULL,NULL,2008,NULL,NULL,NULL,2008,NULL,3),(1288,'S',NULL,'Sealed granite',NULL,NULL,2009,NULL,NULL,NULL,2009,NULL,3),(1289,'S',NULL,'Sealed limestone',NULL,NULL,2010,NULL,NULL,NULL,2010,NULL,3),(1290,'S',NULL,'Sealed marble',NULL,NULL,2011,NULL,NULL,NULL,2011,NULL,3),(1291,'S',NULL,'Sealed slate',NULL,NULL,2012,NULL,NULL,NULL,2012,NULL,3),(1292,'S',NULL,'Sealed stone',NULL,NULL,2013,NULL,NULL,NULL,2013,NULL,3),(1293,'S',NULL,'Sealed terra cotta',NULL,NULL,2014,NULL,NULL,NULL,2014,NULL,3),(1294,'S',NULL,'Sealed terrazzo',NULL,NULL,2015,NULL,NULL,NULL,2015,NULL,3),(1295,'S',NULL,'Stainless steel',NULL,NULL,2016,NULL,NULL,NULL,2016,NULL,3),(1296,'S',NULL,'Upholstery',NULL,NULL,2017,NULL,NULL,NULL,2017,NULL,3),(1297,'S',NULL,'Woodwork',NULL,NULL,2018,NULL,NULL,NULL,2018,NULL,3),(1298,'L',NULL,'Bathrooms',NULL,NULL,2020,NULL,NULL,NULL,2020,NULL,4),(1299,'L',NULL,'Homes (Households)',NULL,NULL,2021,NULL,NULL,NULL,2021,NULL,4),(1300,'L',NULL,'Kitchens',NULL,NULL,2022,NULL,NULL,NULL,2022,NULL,4),(1301,'L',NULL,'Dental Offices',NULL,NULL,2023,NULL,NULL,NULL,2023,NULL,4),(1302,'L',NULL,'Health Care Facilities',NULL,NULL,2024,NULL,NULL,NULL,2024,NULL,4),(1303,'L',NULL,'Hospitals',NULL,NULL,2025,NULL,NULL,NULL,2025,NULL,4),(1304,'L',NULL,'Medical Clinics',NULL,NULL,2026,NULL,NULL,NULL,2026,NULL,4),(1305,'L',NULL,'Medical Offices',NULL,NULL,2027,NULL,NULL,NULL,2027,NULL,4),(1306,'L',NULL,'Nursing Homes',NULL,NULL,2028,NULL,NULL,NULL,2028,NULL,4),(1307,'L',NULL,'Day Care Centers',NULL,NULL,2029,NULL,NULL,NULL,2029,NULL,4),(1308,'L',NULL,'Nurseries',NULL,NULL,2030,NULL,NULL,NULL,2030,NULL,4),(1309,'L',NULL,'Schools',NULL,NULL,2031,NULL,NULL,NULL,2031,NULL,4),(1310,'L',NULL,'Bars',NULL,NULL,2032,NULL,NULL,NULL,2032,NULL,4),(1311,'L',NULL,'Cafeterias',NULL,NULL,2033,NULL,NULL,NULL,2033,NULL,4),(1312,'L',NULL,'Convenience Stores',NULL,NULL,2034,NULL,NULL,NULL,2034,NULL,4),(1313,'L',NULL,'Food Processing Plants',NULL,NULL,2035,NULL,NULL,NULL,2035,NULL,4),(1314,'L',NULL,'Food Storage Areas',NULL,NULL,2036,NULL,NULL,NULL,2036,NULL,4),(1315,'L',NULL,'Institutional Kitchens',NULL,NULL,2037,NULL,NULL,NULL,2037,NULL,4),(1316,'L',NULL,'Restaurants',NULL,NULL,2038,NULL,NULL,NULL,2038,NULL,4),(1317,'L',NULL,'USDA Inspected Food Processing Facilities',NULL,NULL,2039,NULL,NULL,NULL,2039,NULL,4),(1318,'L',NULL,'Athletic Facilities',NULL,NULL,2040,NULL,NULL,NULL,2040,NULL,4),(1319,'L',NULL,'Barber Shops',NULL,NULL,2041,NULL,NULL,NULL,2041,NULL,4),(1320,'L',NULL,'Business and Office Buildings',NULL,NULL,2042,NULL,NULL,NULL,2042,NULL,4),(1321,'L',NULL,'Colleges',NULL,NULL,2043,NULL,NULL,NULL,2043,NULL,4),(1322,'L',NULL,'Commercial Institutions',NULL,NULL,2044,NULL,NULL,NULL,2044,NULL,4),(1323,'L',NULL,'Correctional Facilities',NULL,NULL,2045,NULL,NULL,NULL,2045,NULL,4),(1324,'L',NULL,'Factories',NULL,NULL,2046,NULL,NULL,NULL,2046,NULL,4),(1325,'L',NULL,'Hotels',NULL,NULL,2047,NULL,NULL,NULL,2047,NULL,4),(1326,'L',NULL,'Industrial Institutions',NULL,NULL,2048,NULL,NULL,NULL,2048,NULL,4),(1327,'L',NULL,'Institutional Facilities',NULL,NULL,2049,NULL,NULL,NULL,2049,NULL,4),(1328,'L',NULL,'Institutions',NULL,NULL,2050,NULL,NULL,NULL,2050,NULL,4),(1329,'L',NULL,'Laundry Industry',NULL,NULL,2051,NULL,NULL,NULL,2051,NULL,4),(1330,'L',NULL,'Locker Rooms',NULL,NULL,2052,NULL,NULL,NULL,2052,NULL,4),(1331,'L',NULL,'Morgues',NULL,NULL,2053,NULL,NULL,NULL,2053,NULL,4),(1332,'L',NULL,'Mortuaries',NULL,NULL,2054,NULL,NULL,NULL,2054,NULL,4),(1333,'L',NULL,'Motels',NULL,NULL,2055,NULL,NULL,NULL,2055,NULL,4),(1334,'L',NULL,'Office Buildings',NULL,NULL,2056,NULL,NULL,NULL,2056,NULL,4),(1335,'L',NULL,'Prisons',NULL,NULL,2057,NULL,NULL,NULL,2057,NULL,4),(1336,'L',NULL,'Public Facilities',NULL,NULL,2058,NULL,NULL,NULL,2058,NULL,4),(1337,'L',NULL,'Public Rest Rooms',NULL,NULL,2059,NULL,NULL,NULL,2059,NULL,4),(1338,'L',NULL,'Schools',NULL,NULL,2060,NULL,NULL,NULL,2060,NULL,4),(1339,'L',NULL,'Shower and Bath Areas',NULL,NULL,2061,NULL,NULL,NULL,2061,NULL,4),(1340,'L',NULL,'Salons (Beauty)',NULL,NULL,2062,NULL,NULL,NULL,2062,NULL,4),(1341,'L',NULL,'Tanning Salons',NULL,NULL,2063,NULL,NULL,NULL,2063,NULL,4),(1342,'L',NULL,'Whirlpool and Foot Spa Use',NULL,NULL,2064,NULL,NULL,NULL,2064,NULL,4),(1343,'L',NULL,'Camp Grounds',NULL,NULL,2065,NULL,NULL,NULL,2065,NULL,4),(1344,'L',NULL,'Playground Equipment',NULL,NULL,2066,NULL,NULL,NULL,2066,NULL,4),(1345,'L',NULL,'Protective Safety Gear',NULL,NULL,2067,NULL,NULL,NULL,2067,NULL,4),(1346,'L',NULL,'Animal Laboratories',NULL,NULL,2068,NULL,NULL,NULL,2068,NULL,4),(1347,'L',NULL,'Animal Life Science Laboratories',NULL,NULL,2069,NULL,NULL,NULL,2069,NULL,4),(1348,'L',NULL,'Dairy Farms',NULL,NULL,2070,NULL,NULL,NULL,2070,NULL,4),(1349,'L',NULL,'Equine Farms',NULL,NULL,2071,NULL,NULL,NULL,2071,NULL,4),(1350,'L',NULL,'Farms',NULL,NULL,2072,NULL,NULL,NULL,2072,NULL,4),(1351,'L',NULL,'Federally Inspected Meat and Poultry Plants',NULL,NULL,2073,NULL,NULL,NULL,2073,NULL,4),(1352,'L',NULL,'Funeral Homes',NULL,NULL,2074,NULL,NULL,NULL,2074,NULL,4),(1353,'L',NULL,'Hog Farms',NULL,NULL,2075,NULL,NULL,NULL,2075,NULL,4),(1354,'L',NULL,'Kennels',NULL,NULL,2076,NULL,NULL,NULL,2076,NULL,4),(1355,'L',NULL,'Mushroom Farms',NULL,NULL,2077,NULL,NULL,NULL,2077,NULL,4),(1356,'L',NULL,'Poultry Farms',NULL,NULL,2078,NULL,NULL,NULL,2078,NULL,4),(1357,'L',NULL,'Pet Animal Quarters',NULL,NULL,2079,NULL,NULL,NULL,2079,NULL,4),(1358,'L',NULL,'Pet Shops',NULL,NULL,2080,NULL,NULL,NULL,2080,NULL,4),(1359,'L',NULL,'Tack Shops',NULL,NULL,2081,NULL,NULL,NULL,2081,NULL,4),(1360,'L',NULL,'Turkey Farms',NULL,NULL,2082,NULL,NULL,NULL,2082,NULL,4),(1361,'L',NULL,'Verterinary Clinics',NULL,NULL,2083,NULL,NULL,NULL,2083,NULL,4),(1362,'L',NULL,'Zoos',NULL,NULL,2084,NULL,NULL,NULL,2084,NULL,4),(1363,'L',NULL,'Beverage Plants',NULL,NULL,2085,NULL,NULL,NULL,2085,NULL,4),(1364,'L',NULL,'Breeding and Grooming Establishments',NULL,NULL,2086,NULL,NULL,NULL,2086,NULL,4),(1365,'L',NULL,'Breweries',NULL,NULL,2087,NULL,NULL,NULL,2087,NULL,4),(1366,'L',NULL,'Carpeting',NULL,NULL,2088,NULL,NULL,NULL,2088,NULL,4),(1367,'L',NULL,'Citus Plants ',NULL,NULL,2089,NULL,NULL,NULL,2089,NULL,4),(1368,'L',NULL,'Airplanes',NULL,NULL,2090,NULL,NULL,NULL,2090,NULL,4),(1369,'L',NULL,'Airports',NULL,NULL,2091,NULL,NULL,NULL,2091,NULL,4),(1370,'L',NULL,'Automotive Industy',NULL,NULL,2092,NULL,NULL,NULL,2092,NULL,4),(1371,'L',NULL,'Boats',NULL,NULL,2093,NULL,NULL,NULL,2093,NULL,4),(1372,'L',NULL,'Buses',NULL,NULL,2094,NULL,NULL,NULL,2094,NULL,4),(1373,'L',NULL,'Campers',NULL,NULL,2095,NULL,NULL,NULL,2095,NULL,4),(1374,'L',NULL,'Cars',NULL,NULL,2096,NULL,NULL,NULL,2096,NULL,4),(1375,'L',NULL,'Emergency Vehicles',NULL,NULL,2097,NULL,NULL,NULL,2097,NULL,4),(1376,'L',NULL,'Mobile Homes',NULL,NULL,2098,NULL,NULL,NULL,2098,NULL,4),(1377,'L',NULL,'Recreational Vehicle Use',NULL,NULL,2099,NULL,NULL,NULL,2099,NULL,4),(1378,'L',NULL,'Ships',NULL,NULL,2100,NULL,NULL,NULL,2100,NULL,4),(1379,'L',NULL,'Taxis',NULL,NULL,2101,NULL,NULL,NULL,2101,NULL,4),(1380,'L',NULL,'Trailers',NULL,NULL,2102,NULL,NULL,NULL,2102,NULL,4),(1381,'L',NULL,'Trains',NULL,NULL,2103,NULL,NULL,NULL,2103,NULL,4),(1382,'L',NULL,'Transportation Terminals',NULL,NULL,2104,NULL,NULL,NULL,2104,NULL,4),(1383,'T',NULL,'Disinfectant',NULL,NULL,2121,NULL,NULL,NULL,2121,NULL,5),(1384,'T',NULL,'Sanitizer',NULL,NULL,2122,NULL,NULL,NULL,2122,NULL,5),(1385,'T',NULL,'Viruscide',NULL,NULL,2123,NULL,NULL,NULL,2123,NULL,5),(1386,'T',NULL,'Fungicide',NULL,NULL,2124,NULL,NULL,NULL,2124,NULL,5),(1387,'T',NULL,'Algaecide',NULL,NULL,2125,NULL,NULL,NULL,2125,NULL,5),(1388,'T',NULL,'General Purpose Anti-microbial',NULL,NULL,2126,NULL,NULL,NULL,2126,NULL,5),(1389,'T',NULL,'Tuberculocide',NULL,NULL,2127,NULL,NULL,NULL,2127,NULL,5),(1390,'S',NULL,'Appliances',NULL,NULL,1735,NULL,NULL,NULL,1735,NULL,6),(1391,'S',NULL,'Bathroom fixtures',NULL,NULL,1736,NULL,NULL,NULL,1736,NULL,6),(1392,'S',NULL,'Bathtubs (Fiberglass)',NULL,NULL,1737,NULL,NULL,NULL,1737,NULL,6),(1393,'S',NULL,'Cabinets',NULL,NULL,1738,NULL,NULL,NULL,1738,NULL,6),(1394,'S',NULL,'Cages',NULL,NULL,1739,NULL,NULL,NULL,1739,NULL,6),(1395,'S',NULL,'Chairs',NULL,NULL,1740,NULL,NULL,NULL,1740,NULL,6),(1396,'S',NULL,'Coils and drain pans of air conditioning and refrigeration equipment and heat pumps',NULL,NULL,1741,NULL,NULL,NULL,1741,NULL,6),(1397,'S',NULL,'Conductive flooring',NULL,NULL,1742,NULL,NULL,NULL,1742,NULL,6),(1398,'S',NULL,'Counters (countertops)',NULL,NULL,1743,NULL,NULL,NULL,1743,NULL,6),(1399,'S',NULL,'Countertop laminates',NULL,NULL,1744,NULL,NULL,NULL,1744,NULL,6),(1401,'L',NULL,'Airports',NULL,NULL,1785,NULL,NULL,NULL,1785,NULL,7),(1402,'L',NULL,'Animal Care',NULL,NULL,1786,NULL,NULL,NULL,1786,NULL,7),(1403,'L',NULL,'Animal Laboratories',NULL,NULL,1787,NULL,NULL,NULL,1787,NULL,7),(1404,'L',NULL,'Animal Life Science Laboratories',NULL,NULL,1788,NULL,NULL,NULL,1788,NULL,7),(1405,'L',NULL,'Athletic Facilities',NULL,NULL,1789,NULL,NULL,NULL,1789,NULL,7),(1406,'L',NULL,'Automotive Industy',NULL,NULL,1790,NULL,NULL,NULL,1790,NULL,7),(1407,'L',NULL,'Barber Shops',NULL,NULL,1791,NULL,NULL,NULL,1791,NULL,7),(1408,'L',NULL,'Bars',NULL,NULL,1792,NULL,NULL,NULL,1792,NULL,7),(1409,'L',NULL,'Bathrooms',NULL,NULL,1793,NULL,NULL,NULL,1793,NULL,7),(1410,'L',NULL,'Beverage Plants',NULL,NULL,1794,NULL,NULL,NULL,1794,NULL,7),(1412,'T',NULL,'Algaecide',NULL,NULL,1777,NULL,NULL,NULL,1777,NULL,8),(1413,'T',NULL,'Disinfectant',NULL,NULL,1778,NULL,NULL,NULL,1778,NULL,8),(1414,'T',NULL,'Fungicide',NULL,NULL,1779,NULL,NULL,NULL,1779,NULL,8),(1415,'T',NULL,'General Purpose Anti-microbial',NULL,NULL,1780,NULL,NULL,NULL,1780,NULL,8),(1416,'T',NULL,'Sanitizer',NULL,NULL,1781,NULL,NULL,NULL,1781,NULL,8),(1417,'T',NULL,'Tuberculocide',NULL,NULL,1782,NULL,NULL,NULL,1782,NULL,8),(1418,'T',NULL,'Viruscide',NULL,NULL,1783,NULL,NULL,NULL,1783,NULL,8),(1419,'C','Bacteria','Acinetobacter calcoaceticus',NULL,NULL,1683,NULL,NULL,NULL,1683,NULL,1),(1420,'C','Bacteria','Bordetella bronchiseptica',NULL,NULL,1684,NULL,NULL,NULL,1684,NULL,1),(1421,'C','Bacteria','Chlamydia psittaci',NULL,NULL,1685,NULL,NULL,NULL,1685,NULL,1),(1422,'C','Bacteria','Enterobacter aerogenes',NULL,NULL,1686,NULL,NULL,NULL,1686,NULL,1),(1423,'C','Bacteria','Enterobacter cloacae',NULL,NULL,1687,NULL,NULL,NULL,1687,NULL,1),(1424,'C','Bacteria','Enterococcus faecalis- Vancomycin Resistant (VRE)',NULL,NULL,1688,NULL,NULL,NULL,1688,NULL,1),(1425,'C','Bacteria','Escherichi',NULL,NULL,1689,NULL,NULL,NULL,1689,NULL,1),(1426,'C','Bacteria','Fusobacterium necrophorum',NULL,NULL,1690,NULL,NULL,NULL,1690,NULL,1),(1427,'C','Bacteria','Kiebsiella pneumoniae',NULL,NULL,1691,NULL,NULL,NULL,1691,NULL,1),(1428,'C','Bacteria','Legionella pneumophilia',NULL,NULL,1692,NULL,NULL,NULL,1692,NULL,1),(1429,'C','Bacteria','Listeria monocytogenes',NULL,NULL,1693,NULL,NULL,NULL,1693,NULL,1),(1430,'C','Bacteria','Pasteurella multocida ',NULL,NULL,1694,NULL,NULL,NULL,1694,NULL,1),(1431,'C','Bacteria','Proteus mirabilis',NULL,NULL,1695,NULL,NULL,NULL,1695,NULL,1),(1432,'C','Bacteria','Proteus vulgaris',NULL,NULL,1696,NULL,NULL,NULL,1696,NULL,1),(1433,'C','Bacteria','Pseudomonas aeruginosa',NULL,NULL,1697,NULL,NULL,NULL,1697,NULL,1),(1434,'C','Bacteria','Salmonella choleraesuis',NULL,NULL,1698,NULL,NULL,NULL,1698,NULL,1),(1435,'C','Bacteria','Salmonella enteritidis',NULL,NULL,1699,NULL,NULL,NULL,1699,NULL,1),(1436,'C','Bacteria','Salmonella typhi',NULL,NULL,1700,NULL,NULL,NULL,1700,NULL,1),(1437,'C','Bacteria','Salmonella typhimurium',NULL,NULL,1701,NULL,NULL,NULL,1701,NULL,1),(1438,'C','Bacteria','Serratia marcescens',NULL,NULL,1702,NULL,NULL,NULL,1702,NULL,1),(1439,'C','Bacteria','Shigella fiexneri',NULL,NULL,1703,NULL,NULL,NULL,1703,NULL,1),(1440,'C','Bacteria','Shigella sonnei',NULL,NULL,1704,NULL,NULL,NULL,1704,NULL,1),(1441,'C','Bacteria','Staphylococcus aureus- Methicillin resistant (MRSA)',NULL,NULL,1705,NULL,NULL,NULL,1705,NULL,1),(1442,'C','Bacteria','Staphylococcus aureus- Vancomycin Intermediate Resistant (VISA)',NULL,NULL,1706,NULL,NULL,NULL,1706,NULL,1),(1443,'C','Bacteria','Staphylococcus aureus',NULL,NULL,1707,NULL,NULL,NULL,1707,NULL,1),(1444,'C','Bacteria','Staphylococcus epidermidis<sub> (2)</sub>',NULL,NULL,1708,NULL,NULL,NULL,1708,NULL,1),(1445,'C','Bacteria','Streptococcus faecalis',NULL,NULL,1709,NULL,NULL,NULL,1709,NULL,1),(1446,'C','Fungi','Aspergillus niger',NULL,NULL,1710,NULL,NULL,NULL,1710,NULL,1),(1447,'C','Fungi','Candida albicans',NULL,NULL,1711,NULL,NULL,NULL,1711,NULL,1),(1448,'C','Fungi','Trichophyton mentagrophytes [Athlete\'s Foot Fungus]',NULL,NULL,1712,NULL,NULL,NULL,1712,NULL,1),(1449,'C','Fungi','[a cause of Ringworm] [a cause of Ringworm of the foot]',NULL,NULL,1713,NULL,NULL,NULL,1713,NULL,1),(1450,'C','Viruses','*Adenovirus Type 4',NULL,NULL,1714,NULL,NULL,NULL,1714,NULL,1),(1451,'C','Viruses','*Avian polyomavirus',NULL,NULL,1715,NULL,NULL,NULL,1715,NULL,1),(1452,'C','Viruses','*Canine distemper',NULL,NULL,1716,NULL,NULL,NULL,1716,NULL,1),(1453,'C','Viruses','*Canine parvovirus- at 2 oz. per gallon',NULL,NULL,1717,NULL,NULL,NULL,1717,NULL,1),(1454,'C','Viruses','*Feline leukemia',NULL,NULL,1718,NULL,NULL,NULL,1718,NULL,1),(1455,'C','Viruses','*Feline picomavirus',NULL,NULL,1719,NULL,NULL,NULL,1719,NULL,1),(1456,'C','Viruses','*HIV-1 (AIDS virus)',NULL,NULL,1720,NULL,NULL,NULL,1720,NULL,1),(1457,'C','Viruses','*Hepatitis B Virus (HBV)',NULL,NULL,1721,NULL,NULL,NULL,1721,NULL,1),(1458,'C','Viruses','*Hepatitis C Virus (HCV)',NULL,NULL,1722,NULL,NULL,NULL,1722,NULL,1),(1459,'C','Viruses','*Herpes Simplex Type 1',NULL,NULL,1723,NULL,NULL,NULL,1723,NULL,1),(1460,'C','Viruses','*Herpes Simplex Type 2',NULL,NULL,1724,NULL,NULL,NULL,1724,NULL,1),(1461,'C','Viruses','*Human coronavirus ',NULL,NULL,1725,NULL,NULL,NULL,1725,NULL,1),(1462,'C','Viruses','*Infectious bovine rhinotracheitis',NULL,NULL,1726,NULL,NULL,NULL,1726,NULL,1),(1463,'C','Viruses','*Infectious bronchitis (Avian IBV)',NULL,NULL,1727,NULL,NULL,NULL,1727,NULL,1),(1464,'C','Viruses','*Influenza A/ Hong Kong',NULL,NULL,1728,NULL,NULL,NULL,1728,NULL,1),(1465,'C','Viruses','*Pseudorabies (PRV)',NULL,NULL,1729,NULL,NULL,NULL,1729,NULL,1),(1466,'C','Viruses','*Rabies',NULL,NULL,1730,NULL,NULL,NULL,1730,NULL,1),(1467,'C','Viruses','*Respiratory Syncytial Virus (RSV)',NULL,NULL,1731,NULL,NULL,NULL,1731,NULL,1),(1468,'C','Viruses','*Rubella (German Measles)',NULL,NULL,1732,NULL,NULL,NULL,1732,NULL,1),(1469,'C','Viruses','*Transmissible gastroenteritis virus (TGE)\Z',NULL,NULL,1733,NULL,NULL,NULL,1733,NULL,1),(1470,'C','Viruses','*Vaccinia [Pox virus]',NULL,NULL,1734,NULL,NULL,NULL,1734,NULL,1),(1471,'L',NULL,'Airplanes',NULL,NULL,1784,NULL,NULL,NULL,1784,NULL,7),(1472,'L',NULL,'Cafeterias',NULL,NULL,1800,NULL,NULL,NULL,1800,NULL,7),(3413,'C','Viruses','*Adenovirus Type 4',NULL,NULL,1714,NULL,NULL,NULL,NULL,NULL,111),(3414,'C','Viruses','*Canine distemper',NULL,NULL,1716,NULL,NULL,NULL,NULL,NULL,111),(3415,'C','Viruses','*HIV-1 (AIDS virus)',NULL,NULL,1720,NULL,NULL,NULL,NULL,NULL,111),(3416,'C','Viruses','*Hepatitis C Virus (HCV)',NULL,NULL,1722,NULL,NULL,NULL,NULL,NULL,111),(3417,'S',NULL,'Chairs',NULL,NULL,1740,NULL,NULL,NULL,NULL,NULL,112),(3418,'S',NULL,'Conductive flooring',NULL,NULL,1742,NULL,NULL,NULL,NULL,NULL,112),(3419,'S',NULL,'Desks',NULL,NULL,1745,NULL,NULL,NULL,NULL,NULL,112),(3420,'S',NULL,'Doorknobs',NULL,NULL,1746,NULL,NULL,NULL,NULL,NULL,112),(3421,'C','Bacteria','Acinetobacter calcoaceticus',NULL,NULL,5803,NULL,NULL,NULL,5803,NULL,113),(3422,'C','Bacteria','Bordetella bronchiseptica',NULL,NULL,5805,NULL,NULL,NULL,5805,NULL,113),(3423,'C','Bacteria','Chlamydia psittaci',NULL,NULL,5807,NULL,NULL,NULL,5807,NULL,113),(3424,'C','Bacteria','Acinetobacter calcoaceticus',NULL,NULL,5803,NULL,NULL,NULL,5803,NULL,113),(3425,'C','Bacteria','Bordetella bronchiseptica',NULL,NULL,5805,NULL,NULL,NULL,5805,NULL,113),(3426,'C','Bacteria','Chlamydia psittaci',NULL,NULL,5807,NULL,NULL,NULL,5807,NULL,113),(3427,'C','Bacteria','Enterobacter aerogenes',NULL,NULL,5808,NULL,NULL,NULL,5808,NULL,113),(3428,'C','Bacteria','Enterobacter cloacae',NULL,NULL,5809,NULL,NULL,NULL,5809,NULL,113),(3429,'C','Bacteria','Enterococcus faecalis- Vancomycin Resistant (VRE)',NULL,NULL,5810,NULL,NULL,NULL,5810,NULL,113),(3430,'C','Bacteria','Escherichi',NULL,NULL,5811,NULL,NULL,NULL,5811,NULL,113),(3431,'C','Bacteria','Fusobacterium necrophorum',NULL,NULL,5812,NULL,NULL,NULL,5812,NULL,113),(3432,'C','Bacteria','Kiebsiella pneumoniae',NULL,NULL,5813,NULL,NULL,NULL,5813,NULL,113),(3433,'C','Bacteria','Legionella pneumophilia',NULL,NULL,5814,NULL,NULL,NULL,5814,NULL,113),(3434,'C','Bacteria','Listeria monocytogenes',NULL,NULL,5815,NULL,NULL,NULL,5815,NULL,113),(3435,'C','Bacteria','Pasteurella multocida ',NULL,NULL,5816,NULL,NULL,NULL,5816,NULL,113),(3436,'C','Bacteria','Proteus mirabilis',NULL,NULL,5817,NULL,NULL,NULL,5817,NULL,113),(3437,'C','Bacteria','Proteus vulgaris',NULL,NULL,5818,NULL,NULL,NULL,5818,NULL,113),(3438,'C','Bacteria','Pseudomonas aeruginosa',NULL,NULL,5819,NULL,NULL,NULL,5819,NULL,113),(3439,'C','Bacteria','Salmonella choleraesuis',NULL,NULL,5820,NULL,NULL,NULL,5820,NULL,113),(3440,'C','Bacteria','Salmonella enteritidis',NULL,NULL,5821,NULL,NULL,NULL,5821,NULL,113),(3441,'C','Bacteria','Salmonella typhi',NULL,NULL,5822,NULL,NULL,NULL,5822,NULL,113),(3442,'C','Bacteria','Salmonella typhimurium',NULL,NULL,5823,NULL,NULL,NULL,5823,NULL,113),(3443,'C','Bacteria','Serratia marcescens',NULL,NULL,5824,NULL,NULL,NULL,5824,NULL,113),(3444,'C','Bacteria','Shigella fiexneri',NULL,NULL,5825,NULL,NULL,NULL,5825,NULL,113),(3445,'C','Bacteria','Shigella sonnei',NULL,NULL,5826,NULL,NULL,NULL,5826,NULL,113),(3446,'C','Bacteria','Staphylococcus aureus- Methicillin resistant (MRSA)',NULL,NULL,5828,NULL,NULL,NULL,5828,NULL,113),(3447,'C','Bacteria','Staphylococcus aureus- Vancomycin Intermediate Resistant (VISA)',NULL,NULL,5829,NULL,NULL,NULL,5829,NULL,113),(3448,'C','Bacteria','Staphylococcus aureus',NULL,NULL,5827,NULL,NULL,NULL,5827,NULL,113),(3449,'C','Bacteria','Staphylococcus epidermidis',NULL,NULL,5830,NULL,NULL,NULL,5830,NULL,113),(3450,'C','Bacteria','Streptococcus faecalis',NULL,NULL,5831,NULL,NULL,NULL,5831,NULL,113),(3451,'C','Fungi','Aspergillus niger',NULL,NULL,5804,NULL,NULL,NULL,5804,NULL,113),(3452,'C','Fungi','Candida albicans',NULL,NULL,5806,NULL,NULL,NULL,5806,NULL,113),(3453,'C','Fungi','Trichophyton mentagrophytes [Athlete\'s Foot Fungus]',NULL,NULL,5832,NULL,NULL,NULL,5832,NULL,113),(3454,'C','Fungi','[a cause of Ringworm] [a cause of Ringworm of the foot]',NULL,NULL,5833,NULL,NULL,NULL,5833,NULL,113),(3455,'C','Viruses','*Adenovirus Type 4',NULL,NULL,5782,NULL,NULL,NULL,5782,NULL,113),(3456,'C','Viruses','*Avian polyomavirus',NULL,NULL,5783,NULL,NULL,NULL,5783,NULL,113),(3457,'C','Viruses','*Canine distemper',NULL,NULL,5784,NULL,NULL,NULL,5784,NULL,113),(3458,'C','Viruses','*Canine parvovirus- at 2 oz. per gallon',NULL,NULL,5785,NULL,NULL,NULL,5785,NULL,113),(3459,'C','Viruses','*Feline leukemia',NULL,NULL,5786,NULL,NULL,NULL,5786,NULL,113),(3460,'C','Viruses','*Feline picomavirus',NULL,NULL,5787,NULL,NULL,NULL,5787,NULL,113),(3461,'C','Viruses','*HIV-1 (AIDS virus)',NULL,NULL,5788,NULL,NULL,NULL,5788,NULL,113),(3462,'C','Viruses','*Hepatitis B Virus (HBV)',NULL,NULL,5789,NULL,NULL,NULL,5789,NULL,113),(3463,'C','Viruses','*Hepatitis C Virus (HCV)',NULL,NULL,5790,NULL,NULL,NULL,5790,NULL,113),(3464,'C','Viruses','*Herpes Simplex Type 1',NULL,NULL,5791,NULL,NULL,NULL,5791,NULL,113),(3465,'C','Viruses','*Herpes Simplex Type 2',NULL,NULL,5792,NULL,NULL,NULL,5792,NULL,113),(3466,'C','Viruses','*Human coronavirus ',NULL,NULL,5793,NULL,NULL,NULL,5793,NULL,113),(3467,'C','Viruses','*Infectious bovine rhinotracheitis',NULL,NULL,5794,NULL,NULL,NULL,5794,NULL,113),(3468,'C','Viruses','*Infectious bronchitis (Avian IBV)',NULL,NULL,5795,NULL,NULL,NULL,5795,NULL,113),(3469,'C','Viruses','*Influenza A/ Hong Kong',NULL,NULL,5796,NULL,NULL,NULL,5796,NULL,113),(3470,'C','Viruses','*Pseudorabies (PRV)',NULL,NULL,5797,NULL,NULL,NULL,5797,NULL,113),(3471,'C','Viruses','*Rabies',NULL,NULL,5798,NULL,NULL,NULL,5798,NULL,113),(3472,'C','Viruses','*Respiratory Syncytial Virus (RSV)',NULL,NULL,5799,NULL,NULL,NULL,5799,NULL,113),(3473,'C','Viruses','*Rubella (German Measles)',NULL,NULL,5800,NULL,NULL,NULL,5800,NULL,113),(3474,'C','Viruses','*Transmissible gastroenteritis virus (TGE)\Z',NULL,NULL,5801,NULL,NULL,NULL,5801,NULL,113),(3475,'C','Viruses','*Vaccinia [Pox virus]',NULL,NULL,5802,NULL,NULL,NULL,5802,NULL,113),(3476,'S',NULL,'Appliances',NULL,NULL,5834,NULL,NULL,NULL,5834,NULL,114),(3477,'S',NULL,'Bathroom fixtures',NULL,NULL,5835,NULL,NULL,NULL,5835,NULL,114),(3478,'S',NULL,'Bathtubs (Fiberglass)',NULL,NULL,5836,NULL,NULL,NULL,5836,NULL,114),(3479,'S',NULL,'Cabinets',NULL,NULL,5837,NULL,NULL,NULL,5837,NULL,114),(3480,'S',NULL,'Cages',NULL,NULL,5838,NULL,NULL,NULL,5838,NULL,114),(3481,'S',NULL,'Chairs',NULL,NULL,5839,NULL,NULL,NULL,5839,NULL,114),(3482,'S',NULL,'Coils and drain pans',NULL,NULL,5840,NULL,NULL,NULL,5840,NULL,114),(3483,'S',NULL,'Conductive flooring',NULL,NULL,5841,NULL,NULL,NULL,5841,NULL,114),(3484,'S',NULL,'Counters (countertops)',NULL,NULL,5842,NULL,NULL,NULL,5842,NULL,114),(3485,'S',NULL,'Countertop laminates',NULL,NULL,5843,NULL,NULL,NULL,5843,NULL,114),(3486,'L',NULL,'Airports',NULL,NULL,5884,NULL,NULL,NULL,5884,NULL,115),(3487,'L',NULL,'Animal Care',NULL,NULL,5885,NULL,NULL,NULL,5885,NULL,115),(3488,'L',NULL,'Animal Laboratories',NULL,NULL,5886,NULL,NULL,NULL,5886,NULL,115),(3489,'L',NULL,'Athletic Facilities',NULL,NULL,5888,NULL,NULL,NULL,5888,NULL,115),(3490,'L',NULL,'Automotive Industy',NULL,NULL,5889,NULL,NULL,NULL,5889,NULL,115),(3491,'L',NULL,'Barber Shops',NULL,NULL,5890,NULL,NULL,NULL,5890,NULL,115),(3492,'L',NULL,'Bars',NULL,NULL,5891,NULL,NULL,NULL,5891,NULL,115),(3493,'L',NULL,'Bathrooms',NULL,NULL,5892,NULL,NULL,NULL,5892,NULL,115),(3494,'L',NULL,'Beverage Plants',NULL,NULL,5893,NULL,NULL,NULL,5893,NULL,115),(3495,'L',NULL,'Airplanes',NULL,NULL,5883,NULL,NULL,NULL,5883,NULL,115),(3496,'L',NULL,'Cafeterias',NULL,NULL,5899,NULL,NULL,NULL,5899,NULL,115),(3497,'T',NULL,'Algaecide',NULL,NULL,5876,NULL,NULL,NULL,5876,NULL,116),(3498,'T',NULL,'Disinfectant',NULL,NULL,5877,NULL,NULL,NULL,5877,NULL,116),(3499,'T',NULL,'Fungicide',NULL,NULL,5878,NULL,NULL,NULL,5878,NULL,116),(3500,'T',NULL,'General Purpose Anti-microbial',NULL,NULL,5879,NULL,NULL,NULL,5879,NULL,116),(3501,'T',NULL,'Sanitizer',NULL,NULL,5880,NULL,NULL,NULL,5880,NULL,116),(3502,'T',NULL,'Tuberculocide',NULL,NULL,5881,NULL,NULL,NULL,5881,NULL,116),(3503,'T',NULL,'Viruscide',NULL,NULL,5882,NULL,NULL,NULL,5882,NULL,116);
/*!40000 ALTER TABLE `s_usage` ENABLE KEYS */;
UNLOCK TABLES;

--
-- Table structure for table `s_usagefootnote`
--

DROP TABLE IF EXISTS `s_usagefootnote`;
/*!40101 SET @saved_cs_client     = @@character_set_client */;
/*!40101 SET character_set_client = utf8 */;
CREATE TABLE `s_usagefootnote` (
  `ID` int(11) NOT NULL,
  `z_TEXT` varchar(254) DEFAULT NULL,
  `SYMBOL` varchar(32) DEFAULT NULL,
  `PRIMARYMLC_ID` int(11) DEFAULT NULL,
  `FK_ID_SUBREGLABELCONTENT` int(11) NOT NULL,
  UNIQUE KEY `US_USAGEFOOTNOTE_ID_527870` (`ID`),
  KEY `SUSAGEFOOTNOTEFKIDSUBREGLAB53155` (`FK_ID_SUBREGLABELCONTENT`)
) ENGINE=InnoDB DEFAULT CHARSET=utf8;
/*!40101 SET character_set_client = @saved_cs_client */;

--
-- Dumping data for table `s_usagefootnote`
--

LOCK TABLES `s_usagefootnote` WRITE;
/*!40000 ALTER TABLE `s_usagefootnote` DISABLE KEYS */;
/*!40000 ALTER TABLE `s_usagefootnote` ENABLE KEYS */;
UNLOCK TABLES;

--
-- Table structure for table `s_usageordering`
--

DROP TABLE IF EXISTS `s_usageordering`;
/*!40101 SET @saved_cs_client     = @@character_set_client */;
/*!40101 SET character_set_client = utf8 */;
CREATE TABLE `s_usageordering` (
  `ID` int(11) NOT NULL,
  `AUTOSEQ` int(11) DEFAULT NULL,
  `AUTOSEQ02` int(11) DEFAULT NULL,
  `FK_ID_S_MARKETINGSTATEMENT` int(11) DEFAULT NULL,
  `FK_ID_S_DIRECTIONSFORUSESTATEMEN` int(11) DEFAULT NULL,
  `FK_ID_S_USAGE` int(11) NOT NULL,
  `PRIMARYMLC_ID` int(11) DEFAULT NULL,
  PRIMARY KEY (`ID`),
  KEY `S_USAGEORDERINGFKIDSUSAGE10397` (`FK_ID_S_USAGE`),
  KEY `SUSAGEORDERINGFKIDSMARKET10400` (`FK_ID_S_MARKETINGSTATEMENT`),
  KEY `SUSAGEORDERINGFKOIDSDIREC10434` (`FK_ID_S_DIRECTIONSFORUSESTATEMEN`)
) ENGINE=InnoDB DEFAULT CHARSET=utf8;
/*!40101 SET character_set_client = @saved_cs_client */;

--
-- Dumping data for table `s_usageordering`
--

LOCK TABLES `s_usageordering` WRITE;
/*!40000 ALTER TABLE `s_usageordering` DISABLE KEYS */;
INSERT INTO `s_usageordering` VALUES (1,NULL,1,NULL,NULL,138,NULL),(2,NULL,2,NULL,NULL,125,NULL),(3,NULL,3,NULL,NULL,124,NULL),(4,NULL,4,NULL,NULL,123,NULL),(5,NULL,5,NULL,NULL,122,NULL),(6,NULL,6,NULL,NULL,121,NULL),(7,NULL,7,NULL,NULL,120,NULL),(8,NULL,8,NULL,NULL,119,NULL),(9,NULL,9,NULL,NULL,118,NULL),(10,NULL,10,NULL,NULL,117,NULL),(11,NULL,11,NULL,NULL,126,NULL),(12,NULL,12,NULL,NULL,127,NULL),(13,NULL,13,NULL,NULL,128,NULL),(14,NULL,14,NULL,NULL,137,NULL),(15,NULL,15,NULL,NULL,136,NULL),(16,NULL,16,NULL,NULL,135,NULL),(17,NULL,17,NULL,NULL,134,NULL),(18,NULL,18,NULL,NULL,133,NULL),(19,NULL,19,NULL,NULL,132,NULL),(20,NULL,20,NULL,NULL,131,NULL),(21,NULL,21,NULL,NULL,130,NULL),(22,NULL,22,NULL,NULL,129,NULL),(23,NULL,23,NULL,NULL,116,NULL),(24,NULL,24,NULL,NULL,115,NULL),(25,NULL,25,NULL,NULL,102,NULL),(26,NULL,26,NULL,NULL,101,NULL),(27,NULL,27,NULL,NULL,100,NULL),(28,NULL,28,NULL,NULL,99,NULL),(29,NULL,29,NULL,NULL,98,NULL),(30,NULL,30,NULL,NULL,97,NULL),(31,NULL,31,NULL,NULL,96,NULL),(32,NULL,32,NULL,NULL,95,NULL),(33,NULL,33,NULL,NULL,94,NULL),(34,NULL,34,NULL,NULL,103,NULL),(35,NULL,35,NULL,NULL,104,NULL),(36,NULL,36,NULL,NULL,105,NULL),(37,NULL,37,NULL,NULL,114,NULL),(38,NULL,38,NULL,NULL,113,NULL),(39,NULL,39,NULL,NULL,112,NULL),(40,NULL,40,NULL,NULL,111,NULL),(41,NULL,41,NULL,NULL,110,NULL),(42,NULL,42,NULL,NULL,109,NULL),(43,NULL,43,NULL,NULL,108,NULL),(44,NULL,44,NULL,NULL,107,NULL),(45,NULL,45,NULL,NULL,106,NULL),(46,NULL,46,NULL,NULL,93,NULL),(47,NULL,47,NULL,NULL,184,NULL),(48,NULL,48,NULL,NULL,171,NULL),(49,NULL,49,NULL,NULL,170,NULL),(50,NULL,50,NULL,NULL,169,NULL),(51,NULL,51,NULL,NULL,168,NULL),(52,NULL,52,NULL,NULL,167,NULL),(53,NULL,53,NULL,NULL,166,NULL),(54,NULL,54,NULL,NULL,165,NULL),(55,NULL,55,NULL,NULL,164,NULL),(56,NULL,56,NULL,NULL,163,NULL),(57,NULL,57,NULL,NULL,172,NULL),(58,NULL,58,NULL,NULL,173,NULL),(59,NULL,59,NULL,NULL,174,NULL),(60,NULL,60,NULL,NULL,183,NULL),(61,NULL,61,NULL,NULL,182,NULL),(62,NULL,62,NULL,NULL,181,NULL),(63,NULL,63,NULL,NULL,180,NULL),(64,NULL,64,NULL,NULL,179,NULL),(65,NULL,65,NULL,NULL,178,NULL),(66,NULL,66,NULL,NULL,177,NULL),(67,NULL,67,NULL,NULL,176,NULL),(68,NULL,68,NULL,NULL,175,NULL),(69,NULL,69,NULL,NULL,162,NULL),(70,NULL,70,NULL,NULL,161,NULL),(71,NULL,71,NULL,NULL,148,NULL),(72,NULL,72,NULL,NULL,147,NULL),(73,NULL,73,NULL,NULL,146,NULL),(74,NULL,74,NULL,NULL,145,NULL),(75,NULL,75,NULL,NULL,144,NULL),(76,NULL,76,NULL,NULL,143,NULL),(77,NULL,77,NULL,NULL,142,NULL),(78,NULL,78,NULL,NULL,141,NULL),(79,NULL,79,NULL,NULL,140,NULL),(80,NULL,80,NULL,NULL,149,NULL),(81,NULL,81,NULL,NULL,150,NULL),(82,NULL,82,NULL,NULL,151,NULL),(83,NULL,83,NULL,NULL,160,NULL),(84,NULL,84,NULL,NULL,159,NULL),(85,NULL,85,NULL,NULL,158,NULL),(86,NULL,86,NULL,NULL,157,NULL),(87,NULL,87,NULL,NULL,156,NULL),(88,NULL,88,NULL,NULL,155,NULL),(89,NULL,89,NULL,NULL,154,NULL),(90,NULL,90,NULL,NULL,153,NULL),(91,NULL,91,NULL,NULL,152,NULL),(92,NULL,92,NULL,NULL,139,NULL),(93,NULL,93,NULL,NULL,46,NULL),(94,NULL,94,NULL,NULL,33,NULL),(95,NULL,95,NULL,NULL,32,NULL),(96,NULL,96,NULL,NULL,31,NULL),(97,NULL,97,NULL,NULL,30,NULL),(98,NULL,98,NULL,NULL,29,NULL),(99,NULL,99,NULL,NULL,28,NULL),(100,NULL,100,NULL,NULL,27,NULL),(101,NULL,101,NULL,NULL,26,NULL),(102,NULL,102,NULL,NULL,25,NULL),(103,NULL,103,NULL,NULL,34,NULL),(104,NULL,104,NULL,NULL,35,NULL),(105,NULL,105,NULL,NULL,36,NULL),(106,NULL,106,NULL,NULL,45,NULL),(107,NULL,107,NULL,NULL,44,NULL),(108,NULL,108,NULL,NULL,43,NULL),(109,NULL,109,NULL,NULL,42,NULL),(110,NULL,110,NULL,NULL,41,NULL),(111,NULL,111,NULL,NULL,40,NULL),(112,NULL,112,NULL,NULL,39,NULL),(113,NULL,113,NULL,NULL,38,NULL),(114,NULL,114,NULL,NULL,37,NULL),(115,NULL,115,NULL,NULL,24,NULL),(116,NULL,116,NULL,NULL,23,NULL),(117,NULL,117,NULL,NULL,10,NULL),(118,NULL,118,NULL,NULL,9,NULL),(119,NULL,119,NULL,NULL,8,NULL),(120,NULL,120,NULL,NULL,7,NULL),(121,NULL,121,NULL,NULL,6,NULL),(122,NULL,122,NULL,NULL,5,NULL),(123,NULL,123,NULL,NULL,4,NULL),(124,NULL,124,NULL,NULL,3,NULL),(125,NULL,125,NULL,NULL,2,NULL),(126,NULL,126,NULL,NULL,11,NULL),(127,NULL,127,NULL,NULL,12,NULL),(128,NULL,128,NULL,NULL,13,NULL),(129,NULL,129,NULL,NULL,22,NULL),(130,NULL,130,NULL,NULL,21,NULL),(131,NULL,131,NULL,NULL,20,NULL),(132,NULL,132,NULL,NULL,19,NULL),(133,NULL,133,NULL,NULL,18,NULL),(134,NULL,134,NULL,NULL,17,NULL),(135,NULL,135,NULL,NULL,16,NULL),(136,NULL,136,NULL,NULL,15,NULL),(137,NULL,137,NULL,NULL,14,NULL),(138,NULL,138,NULL,NULL,1,NULL),(139,NULL,139,NULL,NULL,92,NULL),(140,NULL,140,NULL,NULL,79,NULL),(141,NULL,141,NULL,NULL,78,NULL),(142,NULL,142,NULL,NULL,77,NULL),(143,NULL,143,NULL,NULL,76,NULL),(144,NULL,144,NULL,NULL,75,NULL),(145,NULL,145,NULL,NULL,74,NULL),(146,NULL,146,NULL,NULL,73,NULL),(147,NULL,147,NULL,NULL,72,NULL),(148,NULL,148,NULL,NULL,71,NULL),(149,NULL,149,NULL,NULL,80,NULL),(150,NULL,150,NULL,NULL,81,NULL),(151,NULL,151,NULL,NULL,82,NULL),(152,NULL,152,NULL,NULL,91,NULL),(153,NULL,153,NULL,NULL,90,NULL),(154,NULL,154,NULL,NULL,89,NULL),(155,NULL,155,NULL,NULL,88,NULL),(156,NULL,156,NULL,NULL,87,NULL),(157,NULL,157,NULL,NULL,86,NULL),(158,NULL,158,NULL,NULL,85,NULL),(159,NULL,159,NULL,NULL,84,NULL),(160,NULL,160,NULL,NULL,83,NULL),(161,NULL,161,NULL,NULL,70,NULL),(162,NULL,162,NULL,NULL,69,NULL),(163,NULL,163,NULL,NULL,56,NULL),(164,NULL,164,NULL,NULL,55,NULL),(165,NULL,165,NULL,NULL,54,NULL),(166,NULL,166,NULL,NULL,53,NULL),(167,NULL,167,NULL,NULL,52,NULL),(168,NULL,168,NULL,NULL,51,NULL),(169,NULL,169,NULL,NULL,50,NULL),(170,NULL,170,NULL,NULL,49,NULL),(171,NULL,171,NULL,NULL,48,NULL),(172,NULL,172,NULL,NULL,57,NULL),(173,NULL,173,NULL,NULL,58,NULL),(174,NULL,174,NULL,NULL,59,NULL),(175,NULL,175,NULL,NULL,68,NULL),(176,NULL,176,NULL,NULL,67,NULL),(177,NULL,177,NULL,NULL,66,NULL),(178,NULL,178,NULL,NULL,65,NULL),(179,NULL,179,NULL,NULL,64,NULL),(180,NULL,180,NULL,NULL,63,NULL),(181,NULL,181,NULL,NULL,62,NULL),(182,NULL,182,NULL,NULL,61,NULL),(183,NULL,183,NULL,NULL,60,NULL),(184,NULL,184,NULL,NULL,47,NULL),(185,NULL,1,NULL,NULL,138,NULL),(186,NULL,2,NULL,NULL,125,NULL),(187,NULL,3,NULL,NULL,124,NULL),(188,NULL,4,NULL,NULL,123,NULL),(189,NULL,5,NULL,NULL,122,NULL),(190,NULL,6,NULL,NULL,121,NULL),(191,NULL,7,NULL,NULL,120,NULL),(192,NULL,8,NULL,NULL,119,NULL),(193,NULL,9,NULL,NULL,118,NULL),(194,NULL,10,NULL,NULL,8,NULL),(195,NULL,11,NULL,NULL,80,NULL),(196,NULL,12,NULL,NULL,170,NULL),(197,NULL,13,NULL,NULL,86,NULL),(198,NULL,14,NULL,NULL,69,NULL),(199,NULL,15,NULL,NULL,52,NULL),(200,NULL,16,NULL,NULL,57,NULL),(201,NULL,17,NULL,NULL,54,NULL),(202,NULL,18,NULL,NULL,63,NULL),(203,NULL,19,NULL,NULL,153,NULL),(204,NULL,20,NULL,NULL,131,NULL),(205,NULL,21,NULL,NULL,130,NULL),(206,NULL,22,NULL,NULL,129,NULL),(207,NULL,23,NULL,NULL,116,NULL),(208,NULL,24,NULL,NULL,115,NULL),(209,NULL,25,NULL,NULL,102,NULL),(210,NULL,26,NULL,NULL,101,NULL),(211,NULL,27,NULL,NULL,100,NULL),(212,NULL,28,NULL,NULL,99,NULL),(213,NULL,29,NULL,NULL,98,NULL),(214,NULL,30,NULL,NULL,97,NULL),(215,NULL,31,NULL,NULL,96,NULL),(216,NULL,32,NULL,NULL,95,NULL),(217,NULL,33,NULL,NULL,94,NULL),(218,NULL,34,NULL,NULL,103,NULL),(219,NULL,35,NULL,NULL,104,NULL),(220,NULL,36,NULL,NULL,105,NULL),(221,NULL,37,NULL,NULL,114,NULL),(222,NULL,38,NULL,NULL,113,NULL),(223,NULL,39,NULL,NULL,112,NULL),(224,NULL,40,NULL,NULL,111,NULL),(225,NULL,41,NULL,NULL,110,NULL),(226,NULL,42,NULL,NULL,109,NULL),(227,NULL,43,NULL,NULL,108,NULL),(228,NULL,44,NULL,NULL,107,NULL),(229,NULL,45,NULL,NULL,106,NULL),(230,NULL,46,NULL,NULL,163,NULL),(231,NULL,47,NULL,NULL,127,NULL),(232,NULL,48,NULL,NULL,126,NULL),(233,NULL,49,NULL,NULL,157,NULL),(234,NULL,50,NULL,NULL,128,NULL),(235,NULL,51,NULL,NULL,137,NULL),(236,NULL,52,NULL,NULL,136,NULL),(237,NULL,53,NULL,NULL,135,NULL),(238,NULL,54,NULL,NULL,74,NULL),(239,NULL,55,NULL,NULL,172,NULL),(240,NULL,56,NULL,NULL,173,NULL),(241,NULL,57,NULL,NULL,176,NULL),(242,NULL,58,NULL,NULL,93,NULL),(243,NULL,59,NULL,NULL,174,NULL),(244,NULL,60,NULL,NULL,183,NULL),(245,NULL,61,NULL,NULL,182,NULL),(246,NULL,62,NULL,NULL,181,NULL),(247,NULL,63,NULL,NULL,180,NULL),(248,NULL,64,NULL,NULL,179,NULL),(249,NULL,65,NULL,NULL,178,NULL),(250,NULL,66,NULL,NULL,177,NULL),(251,NULL,67,NULL,NULL,133,NULL),(252,NULL,68,NULL,NULL,175,NULL),(253,NULL,69,NULL,NULL,161,NULL),(254,NULL,70,NULL,NULL,148,NULL),(255,NULL,71,NULL,NULL,147,NULL),(256,NULL,72,NULL,NULL,146,NULL),(257,NULL,73,NULL,NULL,145,NULL),(258,NULL,74,NULL,NULL,162,NULL),(259,NULL,75,NULL,NULL,144,NULL),(260,NULL,76,NULL,NULL,143,NULL),(261,NULL,77,NULL,NULL,142,NULL),(262,NULL,78,NULL,NULL,141,NULL),(263,NULL,79,NULL,NULL,140,NULL),(264,NULL,80,NULL,NULL,149,NULL),(265,NULL,81,NULL,NULL,150,NULL),(266,NULL,82,NULL,NULL,151,NULL),(267,NULL,83,NULL,NULL,160,NULL),(268,NULL,84,NULL,NULL,184,NULL),(269,NULL,85,NULL,NULL,171,NULL),(270,NULL,86,NULL,NULL,168,NULL),(271,NULL,87,NULL,NULL,169,NULL),(272,NULL,88,NULL,NULL,90,NULL),(273,NULL,89,NULL,NULL,167,NULL),(274,NULL,90,NULL,NULL,166,NULL),(275,NULL,91,NULL,NULL,165,NULL),(276,NULL,92,NULL,NULL,164,NULL),(277,NULL,93,NULL,NULL,46,NULL),(278,NULL,94,NULL,NULL,33,NULL),(279,NULL,95,NULL,NULL,32,NULL),(280,NULL,96,NULL,NULL,31,NULL),(281,NULL,97,NULL,NULL,30,NULL),(282,NULL,98,NULL,NULL,29,NULL),(283,NULL,99,NULL,NULL,28,NULL),(284,NULL,100,NULL,NULL,27,NULL),(285,NULL,101,NULL,NULL,26,NULL),(286,NULL,102,NULL,NULL,25,NULL),(287,NULL,103,NULL,NULL,34,NULL),(288,NULL,104,NULL,NULL,35,NULL),(289,NULL,105,NULL,NULL,36,NULL),(290,NULL,106,NULL,NULL,45,NULL),(291,NULL,107,NULL,NULL,44,NULL),(292,NULL,108,NULL,NULL,43,NULL),(293,NULL,109,NULL,NULL,42,NULL),(294,NULL,110,NULL,NULL,41,NULL),(295,NULL,111,NULL,NULL,40,NULL),(296,NULL,112,NULL,NULL,23,NULL),(297,NULL,113,NULL,NULL,92,NULL),(298,NULL,114,NULL,NULL,139,NULL),(299,NULL,115,NULL,NULL,6,NULL),(300,NULL,116,NULL,NULL,79,NULL),(301,NULL,117,NULL,NULL,4,NULL),(302,NULL,118,NULL,NULL,3,NULL),(303,NULL,119,NULL,NULL,159,NULL),(304,NULL,120,NULL,NULL,11,NULL),(305,NULL,121,NULL,NULL,12,NULL),(306,NULL,122,NULL,NULL,19,NULL),(307,NULL,123,NULL,NULL,158,NULL),(308,NULL,124,NULL,NULL,13,NULL),(309,NULL,125,NULL,NULL,22,NULL),(310,NULL,126,NULL,NULL,18,NULL),(311,NULL,127,NULL,NULL,117,NULL),(312,NULL,128,NULL,NULL,21,NULL),(313,NULL,129,NULL,NULL,20,NULL),(314,NULL,130,NULL,NULL,17,NULL),(315,NULL,131,NULL,NULL,156,NULL),(316,NULL,132,NULL,NULL,5,NULL),(317,NULL,133,NULL,NULL,2,NULL),(318,NULL,134,NULL,NULL,14,NULL),(319,NULL,135,NULL,NULL,16,NULL),(320,NULL,136,NULL,NULL,155,NULL),(321,NULL,137,NULL,NULL,72,NULL),(322,NULL,138,NULL,NULL,71,NULL),(323,NULL,139,NULL,NULL,67,NULL),(324,NULL,140,NULL,NULL,15,NULL),(325,NULL,141,NULL,NULL,154,NULL),(326,NULL,142,NULL,NULL,39,NULL),(327,NULL,143,NULL,NULL,38,NULL),(328,NULL,144,NULL,NULL,24,NULL),(329,NULL,145,NULL,NULL,1,NULL),(330,NULL,146,NULL,NULL,152,NULL),(331,NULL,147,NULL,NULL,9,NULL),(332,NULL,148,NULL,NULL,88,NULL),(333,NULL,149,NULL,NULL,70,NULL),(334,NULL,150,NULL,NULL,75,NULL),(335,NULL,151,NULL,NULL,56,NULL),(336,NULL,152,NULL,NULL,55,NULL),(337,NULL,153,NULL,NULL,53,NULL),(338,NULL,154,NULL,NULL,37,NULL),(339,NULL,155,NULL,NULL,51,NULL),(340,NULL,156,NULL,NULL,50,NULL),(341,NULL,157,NULL,NULL,48,NULL),(342,NULL,158,NULL,NULL,73,NULL),(343,NULL,159,NULL,NULL,58,NULL),(344,NULL,160,NULL,NULL,59,NULL),(345,NULL,161,NULL,NULL,68,NULL),(346,NULL,162,NULL,NULL,134,NULL),(347,NULL,163,NULL,NULL,66,NULL),(348,NULL,164,NULL,NULL,65,NULL),(349,NULL,165,NULL,NULL,64,NULL),(350,NULL,166,NULL,NULL,10,NULL),(351,NULL,167,NULL,NULL,62,NULL),(352,NULL,168,NULL,NULL,83,NULL),(353,NULL,169,NULL,NULL,7,NULL),(354,NULL,170,NULL,NULL,49,NULL),(355,NULL,171,NULL,NULL,91,NULL),(356,NULL,172,NULL,NULL,61,NULL),(357,NULL,173,NULL,NULL,60,NULL),(358,NULL,174,NULL,NULL,47,NULL),(359,NULL,175,NULL,NULL,77,NULL),(360,NULL,176,NULL,NULL,132,NULL),(361,NULL,177,NULL,NULL,78,NULL),(362,NULL,178,NULL,NULL,81,NULL),(363,NULL,179,NULL,NULL,82,NULL),(364,NULL,180,NULL,NULL,89,NULL),(365,NULL,181,NULL,NULL,87,NULL),(366,NULL,182,NULL,NULL,76,NULL),(367,NULL,183,NULL,NULL,85,NULL),(368,NULL,184,NULL,NULL,84,NULL),(1048,1,NULL,NULL,NULL,251,NULL),(1049,2,NULL,NULL,NULL,253,NULL),(1050,3,NULL,NULL,NULL,264,NULL),(1051,4,NULL,NULL,NULL,260,NULL),(1052,5,NULL,NULL,NULL,261,NULL),(1053,6,NULL,NULL,NULL,279,NULL),(1054,7,NULL,NULL,NULL,292,NULL),(1055,8,NULL,NULL,NULL,293,NULL),(1056,9,NULL,NULL,NULL,297,NULL),(1057,10,NULL,NULL,NULL,300,NULL),(1058,11,NULL,NULL,NULL,310,NULL),(1059,12,NULL,NULL,NULL,318,NULL),(1060,13,NULL,NULL,NULL,320,NULL),(1061,14,NULL,NULL,NULL,326,NULL),(1062,15,NULL,NULL,NULL,327,NULL),(1063,16,NULL,NULL,NULL,334,NULL),(1064,17,NULL,NULL,NULL,343,NULL),(1065,18,NULL,NULL,NULL,349,NULL),(1066,19,NULL,NULL,NULL,360,NULL),(1067,20,NULL,NULL,NULL,362,NULL),(1068,21,NULL,NULL,NULL,363,NULL),(1069,22,NULL,NULL,NULL,369,NULL),(1070,23,NULL,NULL,NULL,374,NULL),(1071,24,NULL,NULL,NULL,314,NULL),(1072,25,NULL,NULL,NULL,321,NULL),(1073,26,NULL,NULL,NULL,351,NULL),(1074,27,NULL,NULL,NULL,371,NULL),(1086,1,NULL,NULL,NULL,289,NULL),(1087,2,NULL,NULL,NULL,292,NULL),(1088,3,NULL,NULL,NULL,300,NULL),(1089,4,NULL,NULL,NULL,310,NULL),(1090,5,NULL,NULL,NULL,318,NULL),(1091,6,NULL,NULL,NULL,329,NULL),(1092,7,NULL,NULL,NULL,334,NULL),(1093,8,NULL,NULL,NULL,343,NULL),(1094,9,NULL,NULL,NULL,360,NULL),(1095,10,NULL,NULL,NULL,363,NULL),(1096,11,NULL,NULL,NULL,371,NULL),(1126,1,NULL,NULL,NULL,185,NULL),(1127,2,NULL,NULL,NULL,186,NULL),(1128,3,NULL,NULL,NULL,187,NULL),(1129,4,NULL,NULL,NULL,188,NULL),(1130,5,NULL,NULL,NULL,189,NULL),(1131,6,NULL,NULL,NULL,190,NULL),(1132,7,NULL,NULL,NULL,191,NULL),(1133,8,NULL,NULL,NULL,192,NULL),(1134,9,NULL,NULL,NULL,193,NULL),(1135,10,NULL,NULL,NULL,194,NULL),(1136,11,NULL,NULL,NULL,195,NULL),(1137,12,NULL,NULL,NULL,196,NULL),(1138,13,NULL,NULL,NULL,197,NULL),(1139,14,NULL,NULL,NULL,198,NULL),(1140,15,NULL,NULL,NULL,199,NULL),(1141,16,NULL,NULL,NULL,200,NULL),(1142,17,NULL,NULL,NULL,201,NULL),(1143,18,NULL,NULL,NULL,202,NULL),(1144,19,NULL,NULL,NULL,203,NULL),(1145,20,NULL,NULL,NULL,204,NULL),(1146,21,NULL,NULL,NULL,205,NULL),(1147,22,NULL,NULL,NULL,206,NULL),(1148,23,NULL,NULL,NULL,207,NULL),(1149,24,NULL,NULL,NULL,208,NULL),(1150,25,NULL,NULL,NULL,209,NULL),(1151,26,NULL,NULL,NULL,210,NULL),(1152,27,NULL,NULL,NULL,211,NULL),(1153,28,NULL,NULL,NULL,212,NULL),(1154,29,NULL,NULL,NULL,213,NULL),(1176,1,NULL,NULL,NULL,218,NULL),(1177,2,NULL,NULL,NULL,219,NULL),(1178,3,NULL,NULL,NULL,220,NULL),(1179,4,NULL,NULL,NULL,221,NULL),(1180,5,NULL,NULL,NULL,222,NULL),(1181,6,NULL,NULL,NULL,223,NULL),(1182,7,NULL,NULL,NULL,224,NULL),(1183,8,NULL,NULL,NULL,225,NULL),(1184,9,NULL,NULL,NULL,226,NULL),(1185,10,NULL,NULL,NULL,227,NULL),(1186,11,NULL,NULL,NULL,228,NULL),(1187,12,NULL,NULL,NULL,229,NULL),(1188,13,NULL,NULL,NULL,230,NULL),(1189,14,NULL,NULL,NULL,231,NULL),(1190,15,NULL,NULL,NULL,232,NULL),(1191,16,NULL,NULL,NULL,233,NULL),(1192,17,NULL,NULL,NULL,234,NULL),(1193,18,NULL,NULL,NULL,235,NULL),(1194,19,NULL,NULL,NULL,236,NULL),(1195,20,NULL,NULL,NULL,237,NULL),(1196,21,NULL,NULL,NULL,238,NULL),(1197,NULL,1,NULL,NULL,253,NULL),(1198,NULL,2,NULL,NULL,265,NULL),(1199,NULL,3,NULL,NULL,272,NULL),(1200,NULL,4,NULL,NULL,267,NULL),(1201,NULL,5,NULL,NULL,255,NULL),(1202,NULL,6,NULL,NULL,248,NULL),(1203,NULL,7,NULL,NULL,243,NULL),(1204,NULL,8,NULL,NULL,280,NULL),(1205,NULL,9,NULL,NULL,274,NULL),(1206,NULL,10,NULL,NULL,269,NULL),(1207,NULL,11,NULL,NULL,257,NULL),(1208,NULL,12,NULL,NULL,276,NULL),(1209,NULL,13,NULL,NULL,259,NULL),(1210,NULL,14,NULL,NULL,250,NULL),(1211,NULL,15,NULL,NULL,245,NULL),(1212,NULL,16,NULL,NULL,240,NULL),(1213,NULL,17,NULL,NULL,273,NULL),(1214,NULL,18,NULL,NULL,268,NULL),(1215,NULL,19,NULL,NULL,254,NULL),(1216,NULL,20,NULL,NULL,275,NULL),(1217,NULL,21,NULL,NULL,256,NULL),(1218,NULL,22,NULL,NULL,249,NULL),(1219,NULL,23,NULL,NULL,244,NULL),(1220,NULL,24,NULL,NULL,239,NULL),(1221,NULL,25,NULL,NULL,277,NULL),(1222,NULL,26,NULL,NULL,263,NULL),(1223,NULL,27,NULL,NULL,251,NULL),(1224,NULL,28,NULL,NULL,246,NULL),(1225,NULL,29,NULL,NULL,241,NULL),(1226,NULL,30,NULL,NULL,258,NULL),(1227,NULL,31,NULL,NULL,270,NULL),(1228,NULL,32,NULL,NULL,278,NULL),(1229,NULL,33,NULL,NULL,271,NULL),(1230,NULL,34,NULL,NULL,264,NULL),(1231,NULL,35,NULL,NULL,262,NULL),(1232,NULL,36,NULL,NULL,266,NULL),(1233,NULL,37,NULL,NULL,252,NULL),(1234,NULL,38,NULL,NULL,247,NULL),(1235,NULL,39,NULL,NULL,242,NULL),(1236,NULL,1,NULL,NULL,293,NULL),(1237,NULL,2,NULL,NULL,337,NULL),(1238,NULL,3,NULL,NULL,362,NULL),(1239,NULL,1,NULL,NULL,374,NULL),(1240,NULL,2,NULL,NULL,334,NULL),(1241,NULL,3,NULL,NULL,349,NULL),(1242,NULL,4,NULL,NULL,290,NULL),(1243,NULL,5,NULL,NULL,291,NULL),(1244,NULL,6,NULL,NULL,372,NULL),(1245,NULL,7,NULL,NULL,352,NULL),(3220,NULL,NULL,68,NULL,813,NULL),(3221,NULL,NULL,68,NULL,821,NULL),(3222,NULL,NULL,68,NULL,817,NULL),(3223,NULL,NULL,68,NULL,823,NULL),(3224,NULL,NULL,68,NULL,824,NULL),(3225,NULL,NULL,68,NULL,826,NULL),(3226,NULL,NULL,68,NULL,830,NULL),(3227,NULL,NULL,68,NULL,831,NULL),(3228,NULL,NULL,68,NULL,832,NULL),(3229,NULL,NULL,68,NULL,834,NULL),(3230,NULL,NULL,68,NULL,844,NULL),(3231,NULL,NULL,68,NULL,845,NULL),(3232,NULL,NULL,68,NULL,849,NULL),(3233,NULL,NULL,68,NULL,860,NULL),(3234,NULL,NULL,68,NULL,861,NULL),(3235,NULL,NULL,68,NULL,863,NULL),(3236,NULL,NULL,68,NULL,867,NULL),(3237,NULL,NULL,68,NULL,883,NULL),(3238,NULL,NULL,68,NULL,884,NULL),(3239,NULL,NULL,68,NULL,888,NULL),(3240,NULL,NULL,68,NULL,890,NULL),(3241,NULL,NULL,68,NULL,895,NULL),(3242,NULL,NULL,68,NULL,896,NULL),(3243,NULL,NULL,68,NULL,898,NULL),(3244,NULL,NULL,68,NULL,904,NULL),(3245,NULL,NULL,68,NULL,905,NULL),(3246,NULL,NULL,68,NULL,912,NULL),(3247,NULL,NULL,68,NULL,918,NULL),(3248,NULL,NULL,68,NULL,919,NULL),(3249,NULL,NULL,68,NULL,921,NULL),(3250,NULL,NULL,68,NULL,922,NULL),(3251,NULL,NULL,68,NULL,926,NULL),(3252,NULL,NULL,68,NULL,933,NULL),(3253,NULL,NULL,68,NULL,939,NULL),(3254,NULL,NULL,68,NULL,941,NULL),(3255,NULL,NULL,68,NULL,942,NULL),(3256,NULL,NULL,68,NULL,944,NULL),(3257,NULL,NULL,71,NULL,978,NULL),(3258,NULL,NULL,71,NULL,979,NULL),(3259,NULL,NULL,71,NULL,980,NULL),(3260,NULL,NULL,71,NULL,981,NULL),(3261,NULL,NULL,71,NULL,982,NULL),(3262,NULL,NULL,71,NULL,983,NULL),(3263,NULL,NULL,71,NULL,984,NULL),(3264,NULL,NULL,71,NULL,985,NULL),(3265,NULL,NULL,71,NULL,986,NULL),(3266,NULL,NULL,71,NULL,987,NULL),(3267,NULL,NULL,71,NULL,988,NULL),(3268,NULL,NULL,71,NULL,989,NULL),(3269,NULL,NULL,71,NULL,990,NULL),(3270,NULL,NULL,71,NULL,991,NULL),(3271,NULL,NULL,71,NULL,992,NULL),(3272,NULL,NULL,71,NULL,993,NULL),(3273,NULL,NULL,71,NULL,994,NULL),(3274,NULL,NULL,71,NULL,995,NULL),(3275,NULL,NULL,71,NULL,996,NULL),(3276,NULL,NULL,71,NULL,997,NULL),(3277,NULL,NULL,71,NULL,998,NULL),(3278,NULL,NULL,71,NULL,999,NULL),(3279,NULL,NULL,71,NULL,1000,NULL),(3280,NULL,NULL,71,NULL,1001,NULL),(3281,NULL,NULL,71,NULL,1002,NULL),(3282,NULL,NULL,71,NULL,1003,NULL),(3283,NULL,NULL,71,NULL,1004,NULL),(3284,NULL,NULL,71,NULL,1005,NULL),(3285,NULL,NULL,71,NULL,1006,NULL),(3286,NULL,NULL,71,NULL,1007,NULL),(3287,NULL,NULL,71,NULL,1008,NULL),(3288,NULL,NULL,71,NULL,1009,NULL),(3289,NULL,NULL,71,NULL,1010,NULL),(3402,NULL,NULL,81,NULL,1074,NULL),(3403,NULL,NULL,81,NULL,1078,NULL),(3404,NULL,NULL,81,NULL,1080,NULL),(3405,NULL,NULL,81,NULL,1081,NULL),(3406,NULL,NULL,81,NULL,1083,NULL),(3407,NULL,NULL,81,NULL,1088,NULL),(3408,NULL,NULL,81,NULL,1091,NULL),(3409,NULL,NULL,81,NULL,1106,NULL),(3410,NULL,NULL,81,NULL,1117,NULL),(3411,NULL,NULL,81,NULL,1118,NULL),(3412,NULL,NULL,81,NULL,1119,NULL),(3413,NULL,NULL,81,NULL,1141,NULL),(3414,NULL,NULL,81,NULL,1145,NULL),(3415,NULL,NULL,81,NULL,1147,NULL),(3416,NULL,NULL,81,NULL,1149,NULL),(3417,NULL,NULL,81,NULL,1153,NULL),(3418,NULL,NULL,81,NULL,1161,NULL),(3419,NULL,NULL,81,NULL,1164,NULL),(3420,NULL,NULL,81,NULL,1165,NULL),(3421,NULL,NULL,81,NULL,1168,NULL),(3422,NULL,NULL,81,NULL,1175,NULL),(3423,NULL,NULL,81,NULL,1178,NULL),(3424,NULL,NULL,81,NULL,1179,NULL),(3425,NULL,NULL,81,NULL,1187,NULL),(3426,NULL,NULL,81,NULL,1196,NULL),(3427,NULL,NULL,81,NULL,1198,NULL),(3428,NULL,NULL,81,NULL,1199,NULL),(3429,NULL,NULL,81,NULL,1201,NULL),(3430,NULL,NULL,85,NULL,1015,NULL),(3431,NULL,NULL,85,NULL,1016,NULL),(3432,NULL,NULL,85,NULL,1017,NULL),(3433,NULL,NULL,85,NULL,1018,NULL),(3434,NULL,NULL,85,NULL,1019,NULL),(3435,NULL,NULL,85,NULL,1020,NULL),(3436,NULL,NULL,85,NULL,1021,NULL),(3437,NULL,NULL,85,NULL,1022,NULL),(3438,NULL,NULL,85,NULL,1023,NULL),(3439,NULL,NULL,85,NULL,1024,NULL),(3440,NULL,NULL,85,NULL,1025,NULL),(3441,NULL,NULL,85,NULL,1026,NULL),(3442,NULL,NULL,85,NULL,1027,NULL),(3443,NULL,NULL,85,NULL,1028,NULL),(3444,NULL,NULL,85,NULL,1029,NULL),(3445,NULL,NULL,85,NULL,1030,NULL),(3446,NULL,NULL,85,NULL,1031,NULL),(3447,NULL,NULL,85,NULL,1032,NULL),(3448,NULL,NULL,85,NULL,1033,NULL),(3449,NULL,NULL,85,NULL,1034,NULL),(3450,NULL,NULL,85,NULL,1035,NULL),(3451,NULL,NULL,85,NULL,1036,NULL),(3452,NULL,NULL,85,NULL,1037,NULL),(3453,NULL,NULL,85,NULL,1038,NULL),(3454,NULL,NULL,85,NULL,1039,NULL),(3455,NULL,NULL,85,NULL,1040,NULL),(3456,NULL,NULL,86,NULL,1042,NULL),(3457,NULL,NULL,86,NULL,1043,NULL),(3458,NULL,NULL,82,NULL,1117,NULL),(3459,NULL,NULL,82,NULL,1118,NULL),(3460,NULL,NULL,82,NULL,1141,NULL),(3461,NULL,NULL,82,NULL,1145,NULL),(3462,NULL,NULL,82,NULL,1147,NULL),(3463,NULL,NULL,82,NULL,1153,NULL),(3464,NULL,NULL,82,NULL,1154,NULL),(3465,NULL,NULL,82,NULL,1161,NULL),(3466,NULL,NULL,82,NULL,1176,NULL),(3467,NULL,NULL,82,NULL,1178,NULL),(3468,NULL,NULL,82,NULL,1179,NULL),(3469,NULL,NULL,82,NULL,1187,NULL),(3470,NULL,NULL,82,NULL,1190,NULL),(3471,NULL,NULL,82,NULL,1196,NULL),(3472,NULL,NULL,82,NULL,1198,NULL),(3480,1,NULL,136,NULL,1390,NULL),(3481,2,NULL,136,NULL,1391,NULL),(3482,3,NULL,136,NULL,1392,NULL),(3483,4,NULL,136,NULL,1393,NULL),(3484,5,NULL,136,NULL,1394,NULL),(3485,6,NULL,136,NULL,1395,NULL),(3486,7,NULL,136,NULL,1396,NULL),(3487,8,NULL,136,NULL,1397,NULL),(3488,9,NULL,136,NULL,1398,NULL),(3489,10,NULL,136,NULL,1399,NULL),(3491,12,NULL,136,NULL,1401,NULL),(3492,13,NULL,136,NULL,1402,NULL),(3493,14,NULL,136,NULL,1403,NULL),(3494,15,NULL,136,NULL,1404,NULL),(3495,16,NULL,136,NULL,1405,NULL),(3496,17,NULL,136,NULL,1406,NULL),(3503,2,NULL,137,NULL,1401,NULL),(3504,3,NULL,137,NULL,1402,NULL),(3505,4,NULL,137,NULL,1403,NULL),(3506,5,NULL,137,NULL,1404,NULL),(3507,6,NULL,137,NULL,1405,NULL),(3508,7,NULL,137,NULL,1406,NULL),(3509,8,NULL,137,NULL,1407,NULL),(3511,10,NULL,137,NULL,1409,NULL),(3514,1,NULL,141,NULL,1204,NULL),(3515,2,NULL,141,NULL,1205,NULL),(3516,3,NULL,141,NULL,1206,NULL),(3574,1,NULL,140,NULL,1204,NULL),(3575,2,NULL,140,NULL,1205,NULL),(3578,2,NULL,140,NULL,1423,NULL),(3581,2,NULL,140,NULL,1424,NULL),(3597,2,NULL,140,NULL,1426,NULL),(3598,3,NULL,140,NULL,1428,NULL),(3599,2,NULL,140,NULL,1430,NULL),(3600,3,NULL,140,NULL,1431,NULL),(3601,2,NULL,140,NULL,1427,NULL),(3602,3,NULL,140,NULL,1429,NULL),(3603,11,NULL,140,NULL,1432,NULL),(3604,12,NULL,140,NULL,1433,NULL),(3605,13,NULL,140,NULL,1434,NULL),(3606,14,NULL,140,NULL,1435,NULL),(3607,15,NULL,140,NULL,1436,NULL),(3608,16,NULL,140,NULL,1444,NULL),(4288,1,NULL,142,NULL,1453,NULL),(4289,2,NULL,142,NULL,1454,NULL),(4290,3,NULL,142,NULL,1459,NULL),(4769,1,NULL,364,NULL,3476,NULL),(4770,2,NULL,364,NULL,3477,NULL),(4771,3,NULL,364,NULL,3478,NULL),(4772,4,NULL,364,NULL,3479,NULL),(4773,5,NULL,364,NULL,3480,NULL),(4774,6,NULL,364,NULL,3481,NULL),(4775,7,NULL,364,NULL,3483,NULL),(4776,8,NULL,364,NULL,3484,NULL),(4777,9,NULL,364,NULL,3485,NULL),(4778,10,NULL,364,NULL,3486,NULL),(4779,11,NULL,364,NULL,3487,NULL),(4780,12,NULL,364,NULL,3488,NULL),(4781,13,NULL,364,NULL,3489,NULL),(4782,14,NULL,364,NULL,3490,NULL),(4783,1,NULL,365,NULL,3486,NULL),(4784,2,NULL,365,NULL,3487,NULL),(4785,3,NULL,365,NULL,3488,NULL),(4786,4,NULL,365,NULL,3489,NULL),(4787,5,NULL,365,NULL,3490,NULL),(4788,6,NULL,365,NULL,3491,NULL),(4789,7,NULL,365,NULL,3493,NULL),(4790,1,NULL,368,NULL,3421,NULL),(4791,2,NULL,368,NULL,3432,NULL),(4792,3,NULL,368,NULL,3435,NULL),(4793,4,NULL,368,NULL,3431,NULL),(4794,5,NULL,368,NULL,3429,NULL),(4795,6,NULL,368,NULL,3428,NULL),(4796,7,NULL,368,NULL,3422,NULL),(4797,8,NULL,368,NULL,3433,NULL),(4798,9,NULL,368,NULL,3436,NULL),(4799,10,NULL,368,NULL,3434,NULL),(4800,11,NULL,368,NULL,3437,NULL),(4801,12,NULL,368,NULL,3438,NULL),(4802,13,NULL,368,NULL,3439,NULL),(4803,14,NULL,368,NULL,3440,NULL),(4804,15,NULL,368,NULL,3441,NULL),(4805,1,NULL,369,NULL,3421,NULL),(4806,2,NULL,369,NULL,3422,NULL),(4807,3,NULL,369,NULL,3423,NULL),(4808,1,NULL,370,NULL,3458,NULL),(4809,2,NULL,370,NULL,3459,NULL),(4810,3,NULL,370,NULL,3464,NULL);
/*!40000 ALTER TABLE `s_usageordering` ENABLE KEYS */;
UNLOCK TABLES;

--
-- Table structure for table `s_usagetype`
--

DROP TABLE IF EXISTS `s_usagetype`;
/*!40101 SET @saved_cs_client     = @@character_set_client */;
/*!40101 SET character_set_client = utf8 */;
CREATE TABLE `s_usagetype` (
  `ID` int(11) NOT NULL,
  `USAGETYPE` varchar(1) NOT NULL,
  `FK_ID_SUBREGLABELCONTENT` int(11) NOT NULL,
  `PRIMARYMLC_ID` int(11) DEFAULT NULL,
  PRIMARY KEY (`ID`),
  KEY `SUSAGETYPEFKIDSUBREGLABEL41608` (`FK_ID_SUBREGLABELCONTENT`)
) ENGINE=InnoDB DEFAULT CHARSET=utf8;
/*!40101 SET character_set_client = @saved_cs_client */;

--
-- Dumping data for table `s_usagetype`
--

LOCK TABLES `s_usagetype` WRITE;
/*!40000 ALTER TABLE `s_usagetype` DISABLE KEYS */;
INSERT INTO `s_usagetype` VALUES (1,'C',6,NULL),(2,'C',7,NULL),(3,'S',7,NULL),(4,'L',7,NULL),(5,'T',7,NULL),(6,'S',6,NULL),(7,'L',6,NULL),(8,'T',6,NULL),(111,'C',40,NULL),(112,'S',40,NULL),(113,'C',41,NULL),(114,'S',41,NULL),(115,'L',41,NULL),(116,'T',41,NULL);
/*!40000 ALTER TABLE `s_usagetype` ENABLE KEYS */;
UNLOCK TABLES;

--
-- Table structure for table `s_versionchangemessage`
--

DROP TABLE IF EXISTS `s_versionchangemessage`;
/*!40101 SET @saved_cs_client     = @@character_set_client */;
/*!40101 SET character_set_client = utf8 */;
CREATE TABLE `s_versionchangemessage` (
  `ID` int(11) NOT NULL,
  `CHANGENOTE` longtext,
  `AUTOSEQ` int(11) DEFAULT NULL,
  `FK_ID_SUBREGLABELCONTENT` int(11) NOT NULL,
  UNIQUE KEY `US_VERSIONCHANGEMESSAGE_ID_149160` (`ID`),
  KEY `SVERSIONCHANGEMESSAGEFKIDSUB14950` (`FK_ID_SUBREGLABELCONTENT`)
) ENGINE=InnoDB DEFAULT CHARSET=utf8;
/*!40101 SET character_set_client = @saved_cs_client */;

--
-- Dumping data for table `s_versionchangemessage`
--

LOCK TABLES `s_versionchangemessage` WRITE;
/*!40000 ALTER TABLE `s_versionchangemessage` DISABLE KEYS */;
INSERT INTO `s_versionchangemessage` VALUES (135,'Deleted Area of Use Usage: Animal Life Science Laboratories',1,41),(136,NULL,2,41),(137,'Marketing Statement Text has changed from the first statement to the second: ',3,41),(138,'A multi-purpose germicidal detergent and deodorant effective in hard waters up to 400 ppm hard water (calculated as CaCO<sub>3</sub>) plus 5 % organic serum. Disinfects, cleans, and deodorizes in one labor saving step.',4,41),(139,'A multi-purpose germicidal detergent xxxxxxxxxxxxxxup to 400 ppm hard water (calculated as CaCO<sub>3</sub>) plus 5 % organic serum. Disinfects, cleans, and deodorizes in one labor saving step.',5,41),(140,NULL,6,41);
/*!40000 ALTER TABLE `s_versionchangemessage` ENABLE KEYS */;
UNLOCK TABLES;

--
-- Table structure for table `spld_directionsforusesection`
--

DROP TABLE IF EXISTS `spld_directionsforusesection`;
/*!40101 SET @saved_cs_client     = @@character_set_client */;
/*!40101 SET character_set_client = utf8 */;
CREATE TABLE `spld_directionsforusesection` (
  `ID` int(11) NOT NULL,
  `NAME` text,
  `TITLE` varchar(254) DEFAULT NULL,
  `SUBTITLE` longtext,
  `GENERALUSE` varchar(1) DEFAULT NULL,
  `STATEMENTLISTTYPE` varchar(254) DEFAULT NULL,
  `NUMBEREACHSTATEMENT` varchar(1) DEFAULT NULL,
  `EXCLUSIVESTATEMENTS` varchar(1) DEFAULT NULL,
  `SELECTED` varchar(1) DEFAULT NULL,
  `CONTINUATIONBREAKFLAG` varchar(254) DEFAULT NULL,
  `AUTOSEQ` int(11) DEFAULT NULL,
  `AUTOSEQ02` int(11) DEFAULT NULL,
  `FK_ID_SPLD_SECTION` int(11) DEFAULT NULL,
  `FK_ID_SUBREGPHYSICALLABELDEF` int(11) NOT NULL,
  `FK_ID_S_DIRECTIONSFORUSESECTION` int(11) DEFAULT NULL,
  PRIMARY KEY (`ID`),
  KEY `SPLDDIRECTIONSFORUSESECTI10331` (`FK_ID_SPLD_SECTION`),
  KEY `SPLDDIRECTIONSFORUSESECTI10343` (`FK_ID_SUBREGPHYSICALLABELDEF`),
  KEY `SPLDDIRECTIONSFORUSESECTI10410` (`FK_ID_S_DIRECTIONSFORUSESECTION`)
) ENGINE=InnoDB DEFAULT CHARSET=utf8;
/*!40101 SET character_set_client = @saved_cs_client */;

--
-- Dumping data for table `spld_directionsforusesection`
--

LOCK TABLES `spld_directionsforusesection` WRITE;
/*!40000 ALTER TABLE `spld_directionsforusesection` DISABLE KEYS */;
INSERT INTO `spld_directionsforusesection` VALUES (395,'DIRECTIONS FOR USE',NULL,NULL,NULL,NULL,NULL,NULL,NULL,NULL,NULL,NULL,NULL,6,27),(441,'Five Gallon Directions of Use',NULL,NULL,NULL,NULL,NULL,NULL,NULL,NULL,NULL,1,NULL,5,26),(444,'One Gallon Directions of Use',NULL,NULL,NULL,NULL,NULL,NULL,NULL,NULL,NULL,NULL,NULL,9,25),(449,'One Gallon Directions of Use',NULL,NULL,NULL,NULL,NULL,NULL,NULL,NULL,NULL,NULL,NULL,14,32),(455,'First Line',NULL,NULL,NULL,NULL,NULL,NULL,NULL,NULL,NULL,1,NULL,18,3),(456,'Disinfecting','DIRECTIONS FOR DISINFECTlNG: (Bactericidal, Fungicidal, Virucidal)',NULL,NULL,NULL,NULL,NULL,NULL,NULL,NULL,2,NULL,18,4),(457,'Fungicidal','FUNGICIDAL DIRECTIONS:',NULL,NULL,NULL,NULL,NULL,NULL,NULL,NULL,3,NULL,18,5),(458,'Mildewstatic','MILDEWSTATIC INSTRUCTIONS:',NULL,NULL,NULL,NULL,NULL,NULL,NULL,NULL,4,NULL,18,6),(459,'Disinfecting Areas','VETERINARY CLINICS / ANIMAL CARE / ANIMAL LIFE SCIENCE LABORATORIES / ZOOS / PET SHOP / KENNELS / BREEDING AND GROOMING ESTABLISHMENTS / EQUINE FARMS DISINFECTION DIRECTIONS:',NULL,NULL,NULL,NULL,NULL,NULL,NULL,NULL,5,NULL,18,7),(460,'Canine Activity','FOR CANINE PARVOVIRUS (AND PORCINE PARVOVIRUS) ACTIVITY:',NULL,NULL,NULL,NULL,NULL,NULL,NULL,NULL,6,NULL,18,8),(461,'Influenza','SPECIAL INSTRUCTIONS FOR INACTIVATING AVIAN INFLUENZA:',NULL,NULL,NULL,NULL,NULL,NULL,NULL,NULL,7,NULL,18,9),(463,'One Gallon Directions of Use',NULL,NULL,NULL,NULL,NULL,NULL,NULL,NULL,NULL,1,NULL,4,25),(473,'Five Gallon Directions of Use',NULL,NULL,NULL,NULL,NULL,NULL,NULL,NULL,NULL,NULL,NULL,31,26),(490,'Five Gallon Directions of Use',NULL,NULL,NULL,NULL,NULL,NULL,NULL,NULL,NULL,NULL,NULL,56,26),(491,'Five Gallon Directions of Use',NULL,NULL,NULL,NULL,NULL,NULL,NULL,NULL,NULL,NULL,NULL,57,62);
/*!40000 ALTER TABLE `spld_directionsforusesection` ENABLE KEYS */;
UNLOCK TABLES;

--
-- Table structure for table `spld_directionsforusestatement`
--

DROP TABLE IF EXISTS `spld_directionsforusestatement`;
/*!40101 SET @saved_cs_client     = @@character_set_client */;
/*!40101 SET character_set_client = utf8 */;
CREATE TABLE `spld_directionsforusestatement` (
  `ID` int(11) NOT NULL,
  `TITLE` varchar(254) DEFAULT NULL,
  `z_TEXT` longtext,
  `NOTFORUSETEXT` longtext,
  `NOTFORUSETYPE` varchar(2) NOT NULL,
  `REVIEWERNOTE` longtext,
  `EXCLUSIVESTATEMENTS` varchar(1) DEFAULT NULL,
  `SELECTED` varchar(1) DEFAULT NULL,
  `CONTINUATIONBREAKFLAG` varchar(1) DEFAULT NULL,
  `CONTINUATIONTEXT` longtext,
  `CONTINUATIONLEADINGTEXT` longtext,
  `AUTOSEQ` int(11) DEFAULT NULL,
  `FK_ID_SPLD_DIRECTIONSFORUSESECTI` int(11) NOT NULL,
  `FK_ID_S_DIRECTIONSFORUSESTATEMEN` int(11) DEFAULT NULL,
  PRIMARY KEY (`ID`),
  KEY `SPLDDIRECTIONSFORUSESTATE10354` (`FK_ID_SPLD_DIRECTIONSFORUSESECTI`),
  KEY `SPLDDIRECTIONSFORUSESTATE10379` (`FK_ID_S_DIRECTIONSFORUSESTATEMEN`)
) ENGINE=InnoDB DEFAULT CHARSET=utf8;
/*!40101 SET character_set_client = @saved_cs_client */;

--
-- Dumping data for table `spld_directionsforusestatement`
--

LOCK TABLES `spld_directionsforusestatement` WRITE;
/*!40000 ALTER TABLE `spld_directionsforusestatement` DISABLE KEYS */;
INSERT INTO `spld_directionsforusestatement` VALUES (2703,'It is a violation of Federal law to use this product in a manner inconsistent with its labeling.\r\n','This product is not to be used as a terminal sterilant / high level disinfectant on any surface or instrument that (1) is introduced directly into the human body, either into or in contact with the bloodstream or normally sterile areas of the body, or (2) contacts intact mucous membranes but which does not ordinarily penetrate the blood barrier or otherwise enter normally sterile areas of the body.  This product may be used to preclean or decontaminate critical or semi-critical devices prior to sterilization or high-level disinfection.',NULL,'NA',NULL,NULL,NULL,NULL,NULL,NULL,1,395,68),(2704,'IF not used on metal and or stainless steel surfaces in medical premises.','This product is not for use on medical device surfaces.',NULL,'NA',NULL,NULL,NULL,NULL,NULL,NULL,2,395,69),(3020,NULL,'It is a violation of Federal Law to use this product in a manner inconsistent with its labeling.',NULL,'NA',NULL,NULL,NULL,NULL,NULL,NULL,1,441,61),(3021,'DIRECTIONS FOR DISINFECTlNG: (Bactericidal, Fungicidal, Virucidal)','For use on hard, non-porous surfaces in animal care facilities such as floors, walls, metal surfaces, stainless steel surfaces, glazed porcelain, and plastic surfaces. Remove gross filth and heavy soil deposits then thoroughly wet surfaces. Use 2 ounces per gallon of water (8 ounces per gallon against canine parvovirus and Porcine parvovirus) for a minimum contact time of 10 minutes in a single application. Can be applied with a cloth, mop, or sponge, as well as by coarse spray or soaking. The use solution is prepared fresh for each use then discarded. Rinsing is not necessary unless floors are to be waxed or polished. This product is not for use on medical device surfaces.',NULL,'NA',NULL,NULL,NULL,NULL,NULL,NULL,2,441,62),(3022,'FUNGICIDAL DIRECTIONS:','For use in areas such as locker rooms, dressing rooms, shower and bath areas and exercise facilities follow disinfection directions.',NULL,'NA',NULL,NULL,NULL,NULL,NULL,NULL,3,441,63),(3023,'MILDEWSTATIC INSTRUCTIONS:','Will effectively control the growth of mold and mildew plus the odors caused by them when applied to hard, non-porous surfaces such as walls, floors, and table tops. Apply solution (2 ounces per gallon of water) with a cloth, mop, sponge or coarse spray making sure to wet all surfaces completely. Let air dry. Repeat application weekly or when growth reappears.',NULL,'NA',NULL,NULL,NULL,NULL,NULL,NULL,4,441,64),(3024,'VETERINARY CLINICS / ANIMAL CARE / ANIMAL LIFE SCIENCE LABORATORIES / ZOOS / PET SHOP / KENNELS / BREEDING AND GROOMING ESTABLISHMENTS / EQUINE FARMS DISINFECTION DIRECTIONS:','For disinfecting the following hard nonporous surfaces: equipment not used for animal food or water, utensils, instruments, cages, kennels, stables, catteries, etc. Remove all animals and feeds from premises, animal transportation vehicles, crates, etc. Remove all litter, droppings and manure from floors, walls and surfaces of facilities occupied or traversed by animals. Thoroughly clean all surfaces with soap or detergent and rinse with water. Saturate surfaces with a solution of 2 oz of KennelSol per gallon of water (or equivalent dilution) (8 ounces per gallon against Canine parvovirus or Porcine parvovirus), using a cloth, mop, sponge, spray, or soaking for a period of 10 minutes. Ventilate buildings and other closed spaces. Do not house animals or employ equipment until treatment has been absorbed, set or dried.',NULL,'NA',NULL,NULL,NULL,NULL,NULL,NULL,5,441,65),(3025,'*FOR CANINE PARVOVIRUS (AND PORCINE PARVOVIRUS) ACTIVITY:','KennelSol is effective against Canine Parvovirus (and Porcine parvovirus) at 8 oz. per gallon. Follow Veterinary Practice / Animal Care / Animal Laboratory / Zoos / Pet Shop / Kennels Disinfection Directions.',NULL,'NA',NULL,NULL,NULL,NULL,NULL,NULL,6,441,66),(3026,'**SPECIAL INSTRUCTIONS FOR INACTIVATING AVIAN INFLUENZA:','Remove all poultry and feeds from premises, trucks, coops, and crates. Remove all litter and droppings from floors, walls, and surfaces of facilities occupied or traversed by poultry. Empty all troughs, racks, and other feeding and watering appliances. Thoroughly clean all surfaces with soap or detergent and rinse with water. Saturate surfaces with the disinfecting solution (2 oz per gallon of water) (660 ppm active quat) (equivalent use dilution) for a period of 10 minutes. Immerse all halters, ropes and other types of equipment sed in handling and restraining animals as well as forks, shovels, and scrapers used in removing litter and manure. Ventilate buildings, coops, and other closed spaces. Do not house poultry or employ equipment until treatment has been absorbed, set, or dried. Thoroughly scrub treated feed racks, troughs, automatic feeders, fountains, and waterers with soap or detergent, and rinse with potable water before reuse.',NULL,'NA',NULL,NULL,NULL,NULL,NULL,NULL,7,441,67),(3041,'Recommended','This product is not to be used as a terminal sterilant / high level disinfectant on any surface or instrument that (1) is introduced directly into the human body, either into or in contact with the bloodstream or normally sterile areas of the body, or (2) contacts intact mucous membranes but which does not ordinarily penetrate the blood barrier or otherwise enter normally sterile areas of the body. This product may be used to preclean or decontaminate critical or semi-critical devices prior to sterilization or high-level disinfection.',NULL,'NA',NULL,NULL,NULL,NULL,NULL,NULL,1,444,53),(3042,'DISINFECTION / Cleaning / Deodorizing Directions:','Remove heavy soil deposits from surface. Then thoroughly wet surface with a use-solution of 1/2 oz. of the concentrate per gallon of water. (Use 2 oz per gallon of water to kill Adenovirus Type 7). The use-solution can be applied with a cloth, mop, sponge, or coarse spray, or soaking. For sprayer applications, use a coarse spray device. Spray 6-8 inches from the surface, rub with a brush, cloth or sponge. Do not breathe spray. Let solution remain on surface for a minimum of 10 minutes. Rinse or allow to air dry. Rinsing of floors is not necessary unless they are to be waxed or polished.',NULL,'NA',NULL,NULL,NULL,NULL,NULL,NULL,2,444,54),(3043,'TOILET BOWLS [ / URINALS]','Swab bowl with brush to remove heavy soil prior to cleaning or disinfecting. Clean by applying use-solution around the bowl and up under the rim. Stubborn stains may require brushing. To disinfect, first preclean to remove heavy soil, then remove or expel over the inner trap the residual bowl water. Pour in 3 oz. of the usesolution. Swab the bowl completely using a scrub brush or mop, making sure to get under rim. Let stand for 10 minutes or overnight, then flush.',NULL,'NA',NULL,NULL,NULL,NULL,NULL,NULL,3,444,55),(3044,'MILDEWSTATIC INSTRUCTIONS:','Will effectively control the growth of mold and mildew plus the odors caused by them when applied to hard, non-porous surfaces such as walls, floors, and table tops. Apply solution (2 ounces per gallon of water) with a cloth, mop, sponge or coarse spray making sure to wet all surfaces completely. Let air dry. Repeat application weekly or when growth reappears.',NULL,'NA',NULL,NULL,NULL,NULL,NULL,NULL,4,444,56),(3045,'SPECIAL INSTRUCTIONS FOR CLEANING AND DECONTAMINATION AGAINST HIV-1 (AIDS VIRUS) OR HBV OR HCV ON SURFACES / OBJECTS SOILED WITH BLOOD / BODY FLUIDS:','Personal Protection: Disposable protective gloves, gowns, face masks, or eye coverings as appropriate must be worn during all cleaning of blood / body fluids and during decontamination procedures. Cleaning Procedures: Blood / body fluids must be thoroughly cleaned from surfaces / objects before application of disinfectant. Contact Time: HIV-1 (AIDS virus) is inactivated after a contact time of 4 minutes at 25#C (77degF) (room temperature). HBV and HCV are inactivated after a 10 minute contact time. Use a 10-minute contact time for all other viruses, fungi, and bacteria listed. Disposal of Infectious Materials: Blood / body fluids should be autoclaved and disposed of according to federal, state, and local regulations for infectious waste disposal.',NULL,'NA',NULL,NULL,NULL,NULL,NULL,NULL,5,444,57),(3046,'SALON (BARBER) INSTRUMENTS AND TOOLS DISINFECTION (BACTERICIDE) / VIRUCIDE / FUNGICIDE DIRECTIONS:','Mix 1/2 oz. of Formulation HWS-256 per gallon of water (or equivalent dilution) to disinfect hard, nonporous instruments and tools. (Use 2 oz per gallon of water to kill Adenovirus Type 7.) Completely immerse combs, brushes, rollers, razors, scissors, blades, manicure and other salon instruments and tools for 10 minutes. For heavily soiled instruments and tools, a preliminary cleaning is required. Rinse thoroughly and dry before use. Prepare a fresh solution daily or more often if the solution becomes visibly diluted, cloudy or soiled. Note: Plastics may remain immersed until ready to use. Stainless steel shears and instruments must be removed after 10 minutes, rinsed, dried and kept in a clean, non-contaminated receptacle. Prolonged soaking may cause damage to metal instruments.',NULL,'NA',NULL,NULL,NULL,NULL,NULL,NULL,6,444,58),(3047,'DISINFECTION OF HARD, NON-POROUS SURFACES IN FOOTBATHS:','To remove body oils, dead tissue, soil and all other buildups or organic matter on inanimate surfaces after using the footbath, drain the water and thoroughly clean all hard, non-porous surfaces with soap or detergent, then rinse with water. Saturate surfaces with a use solution of 1/2 oz. per gallon of water (or equivalent use dilution) to exposed surfaces with a cloth, mop, sponge or sprayer. (Use 2 oz per gallon of water to kill Adenovirus Type 7). For spray applications, use a coarse spray device. Do not breathe spray. Brush or swab thoroughly and allow solution to stand for 10 minutes. After the unit has been thoroughly disinfected, rinse all surfaces with fresh water. Do not use equipment until treatment has been absorbed, set or dried.',NULL,'NA',NULL,NULL,NULL,NULL,NULL,NULL,7,444,59),(3048,'CLEANSING OF BODY SURFACES AND BODY ORIFICES OF HUMAN REMAINS:','This product removes body secretions, soil, and blood, along with their accompanying malodor, from the surfaces and orifices of human remains. Using a sponge or washcloth, bathe the entire body with a use-solution of 1/2 oz. per gallon of water. (Use 2 oz per gallon of water to kill Adenovirus Type 7.) A soft hand brush may be employed on surfaces other than the face. Prepare a fresh solution for each (cadaver) remains or when solution becomes visibly dirty or diluted\r\nCarpets: 1/2 oz. per gallon of shampoo solution eliminates odors associated with urine, vomit, smoke, and mildew. Reapply after cleaning for freshening effects. Allow to dry.',NULL,'NA',NULL,NULL,NULL,NULL,NULL,NULL,8,444,60),(3077,'Recommended','This product is not to be used as a terminal sterilant / high level disinfectant on any surface or instrument that (1) is introduced directly into the human body, either into or in contact with the bloodstream or normally sterile areas of the body, or (2) contacts intact mucous membranes but which does not ordinarily penetrate the blood barrier or otherwise enter normally sterile areas of the body. This product may be used to preclean or decontaminate critical or semi-critical devices prior to sterilization or high-level disinfection.',NULL,'NA',NULL,NULL,NULL,NULL,NULL,NULL,1,449,114),(3078,'DISINFECTION / Cleaning / Deodorizing Directions:','Remove heavy soil deposits from surface. Then thoroughly wet surface with a use-solution of 1/2 oz. of the concentrate per gallon of water. (Use 2 oz per gallon of water to kill Adenovirus Type 7). The use-solution can be applied with a cloth, mop, sponge, or coarse spray, or soaking. For sprayer applications, use a coarse spray device. Spray 6-8 inches from the surface, rub with a brush, cloth or sponge. Do not breathe spray. Let solution remain on surface for a minimum of 10 minutes. Rinse or allow to air dry. Rinsing of floors is not necessary unless they are to be waxed or polished.',NULL,'NA',NULL,NULL,NULL,NULL,NULL,NULL,2,449,115),(3079,'TOILET BOWLS [ / URINALS]','Swab bowl with brush to remove heavy soil prior to cleaning or disinfecting. Clean by applying use-solution around the bowl and up under the rim. Stubborn stains may require brushing. To disinfect, first preclean to remove heavy soil, then remove or expel over the inner trap the residual bowl water. Pour in 3 oz. of the usesolution. Swab the bowl completely using a scrub brush or mop, making sure to get under rim. Let stand for 10 minutes or overnight, then flush.',NULL,'NA',NULL,NULL,NULL,NULL,NULL,NULL,3,449,116),(3080,'MILDEWSTATIC INSTRUCTIONS:','Will effectively control the growth of mold and mildew plus the odors caused by them when applied to hard, non-porous surfaces such as walls, floors, and table tops. Apply solution (2 ounces per gallon of water) with a cloth, mop, sponge or coarse spray making sure to wet all surfaces completely. Let air dry. Repeat application weekly or when growth reappears.',NULL,'NA',NULL,NULL,NULL,NULL,NULL,NULL,4,449,117),(3081,'SPECIAL INSTRUCTIONS FOR CLEANING AND DECONTAMINATION AGAINST HIV-1 (AIDS VIRUS) OR HBV OR HCV ON SURFACES / OBJECTS SOILED WITH BLOOD / BODY FLUIDS:','Personal Protection: Disposable protective gloves, gowns, face masks, or eye coverings as appropriate must be worn during all cleaning of blood / body fluids and during decontamination procedures. Cleaning Procedures: Blood / body fluids must be thoroughly cleaned from surfaces / objects before application of disinfectant. Contact Time: HIV-1 (AIDS virus) is inactivated after a contact time of 4 minutes at 25#C (77degF) (room temperature). HBV and HCV are inactivated after a 10 minute contact time. Use a 10-minute contact time for all other viruses, fungi, and bacteria listed. Disposal of Infectious Materials: Blood / body fluids should be autoclaved and disposed of according to federal, state, and local regulations for infectious waste disposal.',NULL,'NA',NULL,NULL,NULL,NULL,NULL,NULL,5,449,118),(3082,'SALON (BARBER) INSTRUMENTS AND TOOLS DISINFECTION (BACTERICIDE) / VIRUCIDE / FUNGICIDE DIRECTIONS:','Mix 1/2 oz. of Formulation HWS-256 per gallon of water (or equivalent dilution) to disinfect hard, nonporous instruments and tools. (Use 2 oz per gallon of water to kill Adenovirus Type 7.) Completely immerse combs, brushes, rollers, razors, scissors, blades, manicure and other salon instruments and tools for 10 minutes. For heavily soiled instruments and tools, a preliminary cleaning is required. Rinse thoroughly and dry before use. Prepare a fresh solution daily or more often if the solution becomes visibly diluted, cloudy or soiled. Note: Plastics may remain immersed until ready to use. Stainless steel shears and instruments must be removed after 10 minutes, rinsed, dried and kept in a clean, non-contaminated receptacle. Prolonged soaking may cause damage to metal instruments.',NULL,'NA',NULL,NULL,NULL,NULL,NULL,NULL,6,449,119),(3083,'DISINFECTION OF HARD, NON-POROUS SURFACES IN FOOTBATHS:','To remove body oils, dead tissue, soil and all other buildups or organic matter on inanimate surfaces after using the footbath, drain the water and thoroughly clean all hard, non-porous surfaces with soap or detergent, then rinse with water. Saturate surfaces with a use solution of 1/2 oz. per gallon of water (or equivalent use dilution) to exposed surfaces with a cloth, mop, sponge or sprayer. (Use 2 oz per gallon of water to kill Adenovirus Type 7). For spray applications, use a coarse spray device. Do not breathe spray. Brush or swab thoroughly and allow solution to stand for 10 minutes. After the unit has been thoroughly disinfected, rinse all surfaces with fresh water. Do not use equipment until treatment has been absorbed, set or dried.',NULL,'NA',NULL,NULL,NULL,NULL,NULL,NULL,7,449,120),(3084,'CLEANSING OF BODY SURFACES AND BODY ORIFICES OF HUMAN REMAINS:','This product removes body secretions, soil, and blood, along with their accompanying malodor, from the surfaces and orifices of human remains. Using a sponge or washcloth, bathe the entire body with a use-solution of 1/2 oz. per gallon of water. (Use 2 oz per gallon of water to kill Adenovirus Type 7.) A soft hand brush may be employed on surfaces other than the face. Prepare a fresh solution for each (cadaver) remains or when solution becomes visibly dirty or diluted\r\nCarpets: 1/2 oz. per gallon of shampoo solution eliminates odors associated with urine, vomit, smoke, and mildew. Reapply after cleaning for freshening effects. Allow to dry.',NULL,'NA',NULL,NULL,NULL,NULL,NULL,NULL,8,449,121),(3137,NULL,'It is a violation of Federal Law to use this product in a manner inconsistent with its labeling.',NULL,'NA',NULL,NULL,NULL,NULL,NULL,NULL,NULL,455,31),(3138,NULL,'For use on hard, non-porous surfaces in animal care facilities such as {{Surface}}. Remove gross filth and heavy soil deposits then thoroughly wet surfaces. Use 2 ounces per gallon of water (8 ounces per gallon against canine parvovirus and Porcine parvovirus) for a minimum contact time of 10 minutes in a single application. Can be applied with a cloth, mop, or sponge, as well as by coarse spray or soaking. The use solution is prepared fresh for each use then discarded. Rinsing is not necessary unless floors are to be waxed or polished. This product is not for use on medical device surfaces.',NULL,'NA',NULL,NULL,NULL,NULL,NULL,NULL,NULL,456,32),(3139,NULL,'For use in areas such as {{Area Of Use}} follow disinfection directions.',NULL,'NA',NULL,NULL,NULL,NULL,NULL,NULL,NULL,457,33),(3140,NULL,'Will effectively control the growth of mold and mildew plus the odors caused by them when applied to hard, non-porous surfaces such as walls, floors, and table tops. Apply solution (2 ounces per gallon of water) with a cloth, mop, sponge or coarse spray making sure to wet all surfaces completely. Let air dry. Repeat application weekly or when growth reappears.',NULL,'NA',NULL,NULL,NULL,NULL,NULL,NULL,NULL,458,34),(3141,NULL,'For disinfecting the following hard nonporous surfaces: equipment not used for animal food or water, utensils, instruments, cages, kennels, stables, catteries, etc. Remove all animals and feeds from premises, animal transportation vehicles, crates, etc. Remove all litter, droppings and manure from floors, walls and surfaces of facilities occupied or traversed by animals. Thoroughly clean all surfaces with soap or detergent and rinse with water. Saturate surfaces with a solution of 2 oz of KennelSol per gallon of water (or equivalent dilution) (8 ounces per gallon against Canine parvovirus or Porcine parvovirus), using a cloth, mop, sponge, spray, or soaking for a period of 10 minutes. Ventilate buildings and other closed spaces. Do not house animals or employ equipment until treatment has been absorbed, set or dried.',NULL,'NA',NULL,NULL,NULL,NULL,NULL,NULL,NULL,459,35),(3142,NULL,'{{Product Name}} is effective against Canine Parvovirus (and Porcine parvovirus) at 8 oz. per gallon. Follow {{Area Of Use}} Disinfection Directions.',NULL,'NA',NULL,NULL,NULL,NULL,NULL,NULL,NULL,460,36),(3143,NULL,'Remove all poultry and feeds from premises, trucks, coops, and crates. Remove all litter and droppings from floors, walls, and surfaces of facilities occupied or traversed by poultry. Empty all troughs, racks, and other feeding and watering appliances. Thoroughly clean all surfaces with soap or detergent and rinse with water. Saturate surfaces with the disinfecting solution (2 oz per gallon of water) (660 ppm active quat) (equivalent use dilution) for a period of 10 minutes. Immerse all halters, ropes and other types of equipment used in handling and restraining animals as well as forks, shovels, and scrapers used in removing litter and manure. Ventilate buildings, coops, and other closed spaces. Do not house poultry or employ equipment until treatment has been absorbed, set, or dried. Thoroughly scrub treated feed racks, troughs, automatic feeders, fountains, and waterers with soap or detergent, and rinse with potable water before reuse.',NULL,'NA',NULL,NULL,NULL,NULL,NULL,NULL,NULL,461,37),(3152,'Recommended','This product is not to be used as a terminal sterilant / high level disinfectant on any surface or instrument that (1) is introduced directly into the human body, either into or in contact with the bloodstream or normally sterile areas of the body, or (2) contacts intact mucous membranes but which does not ordinarily penetrate the blood barrier or otherwise enter normally sterile areas of the body. This product may be used to preclean or decontaminate critical or semi-critical devices prior to sterilization or high-level disinfection.',NULL,'NA',NULL,NULL,NULL,NULL,NULL,NULL,1,463,NULL),(3153,'DISINFECTION / Cleaning / Deodorizing Directions:','Remove heavy soil deposits from surface. Then thoroughly wet surface with a use-solution of 1/2 oz. of the concentrate per gallon of water. (Use 2 oz per gallon of water to kill Adenovirus Type 7). The use-solution can be applied with a cloth, mop, sponge, or coarse spray, or soaking. For sprayer applications, use a coarse spray device. Spray 6-8 inches from the surface, rub with a brush, cloth or sponge. Do not breathe spray. Let solution remain on surface for a minimum of 10 minutes. Rinse or allow to air dry. Rinsing of floors is not necessary unless they are to be waxed or polished.',NULL,'NA',NULL,NULL,NULL,NULL,NULL,NULL,2,463,NULL),(3154,'TOILET BOWLS [ / URINALS]','Swab bowl with brush to remove heavy soil prior to cleaning or disinfecting. Clean by applying use-solution around the bowl and up under the rim. Stubborn stains may require brushing. To disinfect, first preclean to remove heavy soil, then remove or expel over the inner trap the residual bowl water. Pour in 3 oz. of the usesolution. Swab the bowl completely using a scrub brush or mop, making sure to get under rim. Let stand for 10 minutes or overnight, then flush.',NULL,'NA',NULL,NULL,NULL,NULL,NULL,NULL,3,463,NULL),(3155,'MILDEWSTATIC INSTRUCTIONS:','Will effectively control the growth of mold and mildew plus the odors caused by them when applied to hard, non-porous surfaces such as walls, floors, and table tops. Apply solution (2 ounces per gallon of water) with a cloth, mop, sponge or coarse spray making sure to wet all surfaces completely. Let air dry. Repeat application weekly or when growth reappears.',NULL,'NA',NULL,NULL,NULL,NULL,NULL,NULL,4,463,NULL),(3156,'SPECIAL INSTRUCTIONS FOR CLEANING AND DECONTAMINATION AGAINST HIV-1 (AIDS VIRUS) OR HBV OR HCV ON SURFACES / OBJECTS SOILED WITH BLOOD / BODY FLUIDS:','Personal Protection: Disposable protective gloves, gowns, face masks, or eye coverings as appropriate must be worn during all cleaning of blood / body fluids and during decontamination procedures. Cleaning Procedures: Blood / body fluids must be thoroughly cleaned from surfaces / objects before application of disinfectant. Contact Time: HIV-1 (AIDS virus) is inactivated after a contact time of 4 minutes at 25#C (77degF) (room temperature). HBV and HCV are inactivated after a 10 minute contact time. Use a 10-minute contact time for all other viruses, fungi, and bacteria listed. Disposal of Infectious Materials: Blood / body fluids should be autoclaved and disposed of according to federal, state, and local regulations for infectious waste disposal.',NULL,'NA',NULL,NULL,NULL,NULL,NULL,NULL,5,463,NULL),(3157,'SALON (BARBER) INSTRUMENTS AND TOOLS DISINFECTION (BACTERICIDE) / VIRUCIDE / FUNGICIDE DIRECTIONS:','Mix 1/2 oz. of Formulation HWS-256 per gallon of water (or equivalent dilution) to disinfect hard, nonporous instruments and tools. (Use 2 oz per gallon of water to kill Adenovirus Type 7.) Completely immerse combs, brushes, rollers, razors, scissors, blades, manicure and other salon instruments and tools for 10 minutes. For heavily soiled instruments and tools, a preliminary cleaning is required. Rinse thoroughly and dry before use. Prepare a fresh solution daily or more often if the solution becomes visibly diluted, cloudy or soiled. Note: Plastics may remain immersed until ready to use. Stainless steel shears and instruments must be removed after 10 minutes, rinsed, dried and kept in a clean, non-contaminated receptacle. Prolonged soaking may cause damage to metal instruments.',NULL,'NA',NULL,NULL,NULL,NULL,NULL,NULL,6,463,NULL),(3158,'DISINFECTION OF HARD, NON-POROUS SURFACES IN FOOTBATHS:','To remove body oils, dead tissue, soil and all other buildups or organic matter on inanimate surfaces after using the footbath, drain the water and thoroughly clean all hard, non-porous surfaces with soap or detergent, then rinse with water. Saturate surfaces with a use solution of 1/2 oz. per gallon of water (or equivalent use dilution) to exposed surfaces with a cloth, mop, sponge or sprayer. (Use 2 oz per gallon of water to kill Adenovirus Type 7). For spray applications, use a coarse spray device. Do not breathe spray. Brush or swab thoroughly and allow solution to stand for 10 minutes. After the unit has been thoroughly disinfected, rinse all surfaces with fresh water. Do not use equipment until treatment has been absorbed, set or dried.',NULL,'NA',NULL,NULL,NULL,NULL,NULL,NULL,7,463,NULL),(3159,'CLEANSING OF BODY SURFACES AND BODY ORIFICES OF HUMAN REMAINS:','This product removes body secretions, soil, and blood, along with their accompanying malodor, from the surfaces and orifices of human remains. Using a sponge or washcloth, bathe the entire body with a use-solution of 1/2 oz. per gallon of water. (Use 2 oz per gallon of water to kill Adenovirus Type 7.) A soft hand brush may be employed on surfaces other than the face. Prepare a fresh solution for each (cadaver) remains or when solution becomes visibly dirty or diluted\r\nCarpets: 1/2 oz. per gallon of shampoo solution eliminates odors associated with urine, vomit, smoke, and mildew. Reapply after cleaning for freshening effects. Allow to dry.',NULL,'NA',NULL,NULL,NULL,NULL,NULL,NULL,8,463,NULL),(3223,NULL,'It is a violation of Federal Law to use this product in a manner inconsistent with its labeling.',NULL,'NA',NULL,NULL,NULL,NULL,NULL,NULL,1,473,61),(3224,'DIRECTIONS FOR DISINFECTlNG: (Bactericidal, Fungicidal, Virucidal)','For use on hard, non-porous surfaces in animal care facilities such as floors, walls, metal surfaces, stainless steel surfaces, glazed porcelain, and plastic surfaces. Remove gross filth and heavy soil deposits then thoroughly wet surfaces. Use 2 ounces per gallon of water (8 ounces per gallon against canine parvovirus and Porcine parvovirus) for a minimum contact time of 10 minutes in a single application. Can be applied with a cloth, mop, or sponge, as well as by coarse spray or soaking. The use solution is prepared fresh for each use then discarded. Rinsing is not necessary unless floors are to be waxed or polished. This product is not for use on medical device surfaces.',NULL,'NA',NULL,NULL,NULL,NULL,NULL,NULL,2,473,62),(3225,'FUNGICIDAL DIRECTIONS:','For use in areas such as locker rooms, dressing rooms, shower and bath areas and exercise facilities follow disinfection directions.',NULL,'NA',NULL,NULL,NULL,NULL,NULL,NULL,3,473,63),(3226,'MILDEWSTATIC INSTRUCTIONS:','Will effectively control the growth of mold and mildew plus the odors caused by them when applied to hard, non-porous surfaces such as walls, floors, and table tops. Apply solution (2 ounces per gallon of water) with a cloth, mop, sponge or coarse spray making sure to wet all surfaces completely. Let air dry. Repeat application weekly or when growth reappears.',NULL,'NA',NULL,NULL,NULL,NULL,NULL,NULL,4,473,64),(3227,'VETERINARY CLINICS / ANIMAL CARE / ANIMAL LIFE SCIENCE LABORATORIES / ZOOS / PET SHOP / KENNELS / BREEDING AND GROOMING ESTABLISHMENTS / EQUINE FARMS DISINFECTION DIRECTIONS:','For disinfecting the following hard nonporous surfaces: equipment not used for animal food or water, utensils, instruments, cages, kennels, stables, catteries, etc. Remove all animals and feeds from premises, animal transportation vehicles, crates, etc. Remove all litter, droppings and manure from floors, walls and surfaces of facilities occupied or traversed by animals. Thoroughly clean all surfaces with soap or detergent and rinse with water. Saturate surfaces with a solution of 2 oz of KennelSol per gallon of water (or equivalent dilution) (8 ounces per gallon against Canine parvovirus or Porcine parvovirus), using a cloth, mop, sponge, spray, or soaking for a period of 10 minutes. Ventilate buildings and other closed spaces. Do not house animals or employ equipment until treatment has been absorbed, set or dried.',NULL,'NA',NULL,NULL,NULL,NULL,NULL,NULL,5,473,65),(3228,'*FOR CANINE PARVOVIRUS (AND PORCINE PARVOVIRUS) ACTIVITY:','KennelSol is effective against Canine Parvovirus (and Porcine parvovirus) at 8 oz. per gallon. Follow Veterinary Practice / Animal Care / Animal Laboratory / Zoos / Pet Shop / Kennels Disinfection Directions.',NULL,'NA',NULL,NULL,NULL,NULL,NULL,NULL,6,473,66),(3229,'**SPECIAL INSTRUCTIONS FOR INACTIVATING AVIAN INFLUENZA:','Remove all poultry and feeds from premises, trucks, coops, and crates. Remove all litter and droppings from floors, walls, and surfaces of facilities occupied or traversed by poultry. Empty all troughs, racks, and other feeding and watering appliances. Thoroughly clean all surfaces with soap or detergent and rinse with water. Saturate surfaces with the disinfecting solution (2 oz per gallon of water) (660 ppm active quat) (equivalent use dilution) for a period of 10 minutes. Immerse all halters, ropes and other types of equipment sed in handling and restraining animals as well as forks, shovels, and scrapers used in removing litter and manure. Ventilate buildings, coops, and other closed spaces. Do not house poultry or employ equipment until treatment has been absorbed, set, or dried. Thoroughly scrub treated feed racks, troughs, automatic feeders, fountains, and waterers with soap or detergent, and rinse with potable water before reuse.',NULL,'NA',NULL,NULL,NULL,NULL,NULL,NULL,7,473,67),(3342,NULL,'It is a violation of Federal Law to use this product in a manner inconsistent with its labeling.',NULL,'NA',NULL,NULL,NULL,NULL,NULL,NULL,1,490,61),(3343,'DIRECTIONS FOR DISINFECTlNG: (Bactericidal, Fungicidal, Virucidal)','For use on hard, non-porous surfaces in animal care facilities such as floors, walls, metal surfaces, stainless steel surfaces, glazed porcelain, and plastic surfaces. Remove gross filth and heavy soil deposits then thoroughly wet surfaces. Use 2 ounces per gallon of water (8 ounces per gallon against canine parvovirus and Porcine parvovirus) for a minimum contact time of 10 minutes in a single application. Can be applied with a cloth, mop, or sponge, as well as by coarse spray or soaking. The use solution is prepared fresh for each use then discarded. Rinsing is not necessary unless floors are to be waxed or polished. This product is not for use on medical device surfaces.',NULL,'NA',NULL,NULL,NULL,NULL,NULL,NULL,2,490,62),(3344,'FUNGICIDAL DIRECTIONS:','For use in areas such as locker rooms, dressing rooms, shower and bath areas and exercise facilities follow disinfection directions.',NULL,'NA',NULL,NULL,NULL,NULL,NULL,NULL,3,490,63),(3345,'MILDEWSTATIC INSTRUCTIONS:','Will effectively control the growth of mold and mildew plus the odors caused by them when applied to hard, non-porous surfaces such as walls, floors, and table tops. Apply solution (2 ounces per gallon of water) with a cloth, mop, sponge or coarse spray making sure to wet all surfaces completely. Let air dry. Repeat application weekly or when growth reappears.',NULL,'NA',NULL,NULL,NULL,NULL,NULL,NULL,4,490,64),(3346,'VETERINARY CLINICS / ANIMAL CARE / ANIMAL LIFE SCIENCE LABORATORIES / ZOOS / PET SHOP / KENNELS / BREEDING AND GROOMING ESTABLISHMENTS / EQUINE FARMS DISINFECTION DIRECTIONS:','For disinfecting the following hard nonporous surfaces: equipment not used for animal food or water, utensils, instruments, cages, kennels, stables, catteries, etc. Remove all animals and feeds from premises, animal transportation vehicles, crates, etc. Remove all litter, droppings and manure from floors, walls and surfaces of facilities occupied or traversed by animals. Thoroughly clean all surfaces with soap or detergent and rinse with water. Saturate surfaces with a solution of 2 oz of KennelSol per gallon of water (or equivalent dilution) (8 ounces per gallon against Canine parvovirus or Porcine parvovirus), using a cloth, mop, sponge, spray, or soaking for a period of 10 minutes. Ventilate buildings and other closed spaces. Do not house animals or employ equipment until treatment has been absorbed, set or dried.',NULL,'NA',NULL,NULL,NULL,NULL,NULL,NULL,5,490,65),(3347,'*FOR CANINE PARVOVIRUS (AND PORCINE PARVOVIRUS) ACTIVITY:','KennelSol is effective against Canine Parvovirus (and Porcine parvovirus) at 8 oz. per gallon. Follow Veterinary Practice / Animal Care / Animal Laboratory / Zoos / Pet Shop / Kennels Disinfection Directions.',NULL,'NA',NULL,NULL,NULL,NULL,NULL,NULL,6,490,66),(3348,'**SPECIAL INSTRUCTIONS FOR INACTIVATING AVIAN INFLUENZA:','Remove all poultry and feeds from premises, trucks, coops, and crates. Remove all litter and droppings from floors, walls, and surfaces of facilities occupied or traversed by poultry. Empty all troughs, racks, and other feeding and watering appliances. Thoroughly clean all surfaces with soap or detergent and rinse with water. Saturate surfaces with the disinfecting solution (2 oz per gallon of water) (660 ppm active quat) (equivalent use dilution) for a period of 10 minutes. Immerse all halters, ropes and other types of equipment sed in handling and restraining animals as well as forks, shovels, and scrapers used in removing litter and manure. Ventilate buildings, coops, and other closed spaces. Do not house poultry or employ equipment until treatment has been absorbed, set, or dried. Thoroughly scrub treated feed racks, troughs, automatic feeders, fountains, and waterers with soap or detergent, and rinse with potable water before reuse.',NULL,'NA',NULL,NULL,NULL,NULL,NULL,NULL,7,490,67),(3349,NULL,'It is a violation of Federal Law to use this product in a manner inconsistent with its labeling.',NULL,'NA',NULL,NULL,NULL,NULL,NULL,NULL,1,491,325),(3350,'DIRECTIONS FOR DISINFECTlNG: (Bactericidal, Fungicidal, Virucidal)','For use on hard, non-porous surfaces in animal care facilities such as floors, walls, metal surfaces, stainless steel surfaces, glazed porcelain, and plastic surfaces. Remove gross filth and heavy soil deposits then thoroughly wet surfaces. Use 2 ounces per gallon of water (8 ounces per gallon against canine parvovirus and Porcine parvovirus) for a minimum contact time of 10 minutes in a single application. Can be applied with a cloth, mop, or sponge, as well as by coarse spray or soaking. The use solution is prepared fresh for each use then discarded. Rinsing is not necessary unless floors are to be waxed or polished. This product is not for use on medical device surfaces.',NULL,'NA',NULL,NULL,NULL,NULL,NULL,NULL,2,491,326),(3351,'FUNGICIDAL DIRECTIONS:','For use in areas such as locker rooms, dressing rooms, shower and bath areas and exercise facilities follow disinfection directions.',NULL,'NA',NULL,NULL,NULL,NULL,NULL,NULL,3,491,327),(3352,'MILDEWSTATIC INSTRUCTIONS:','Will effectively control the growth of mold and mildew plus the odors caused by them when applied to hard, non-porous surfaces such as walls, floors, and table tops. Apply solution (2 ounces per gallon of water) with a cloth, mop, sponge or coarse spray making sure to wet all surfaces completely. Let air dry. Repeat application weekly or when growth reappears.',NULL,'NA',NULL,NULL,NULL,NULL,NULL,NULL,4,491,328),(3353,'VETERINARY CLINICS / ANIMAL CARE / ANIMAL LIFE SCIENCE LABORATORIES / ZOOS / PET SHOP / KENNELS / BREEDING AND GROOMING ESTABLISHMENTS / EQUINE FARMS DISINFECTION DIRECTIONS:','For disinfecting the following hard nonporous surfaces: equipment not used for animal food or water, utensils, instruments, cages, kennels, stables, catteries, etc. Remove all animals and feeds from premises, animal transportation vehicles, crates, etc. Remove all litter, droppings and manure from floors, walls and surfaces of facilities occupied or traversed by animals. Thoroughly clean all surfaces with soap or detergent and rinse with water. Saturate surfaces with a solution of 2 oz of KennelSol per gallon of water (or equivalent dilution) (8 ounces per gallon against Canine parvovirus or Porcine parvovirus), using a cloth, mop, sponge, spray, or soaking for a period of 10 minutes. Ventilate buildings and other closed spaces. Do not house animals or employ equipment until treatment has been absorbed, set or dried.',NULL,'NA',NULL,NULL,NULL,NULL,NULL,NULL,5,491,329),(3354,'*FOR CANINE PARVOVIRUS (AND PORCINE PARVOVIRUS) ACTIVITY:','KennelSol is effective against Canine Parvovirus (and Porcine parvovirus) at 8 oz. per gallon. Follow Veterinary Practice / Animal Care / Animal Laboratory / Zoos / Pet Shop / Kennels Disinfection Directions.',NULL,'NA',NULL,NULL,NULL,NULL,NULL,NULL,6,491,330),(3355,'**SPECIAL INSTRUCTIONS FOR INACTIVATING AVIAN INFLUENZA:','Remove all poultry and feeds from premises, trucks, coops, and crates. Remove all litter and droppings from floors, walls, and surfaces of facilities occupied or traversed by poultry. Empty all troughs, racks, and other feeding and watering appliances. Thoroughly clean all surfaces with soap or detergent and rinse with water. Saturate surfaces with the disinfecting solution (2 oz per gallon of water) (660 ppm active quat) (equivalent use dilution) for a period of 10 minutes. Immerse all halters, ropes and other types of equipment sed in handling and restraining animals as well as forks, shovels, and scrapers used in removing litter and manure. Ventilate buildings, coops, and other closed spaces. Do not house poultry or employ equipment until treatment has been absorbed, set, or dried. Thoroughly scrub treated feed racks, troughs, automatic feeders, fountains, and waterers with soap or detergent, and rinse with potable water before reuse.',NULL,'NA',NULL,NULL,NULL,NULL,NULL,NULL,7,491,331);
/*!40000 ALTER TABLE `spld_directionsforusestatement` ENABLE KEYS */;
UNLOCK TABLES;

--
-- Table structure for table `spld_generalsection`
--

DROP TABLE IF EXISTS `spld_generalsection`;
/*!40101 SET @saved_cs_client     = @@character_set_client */;
/*!40101 SET character_set_client = utf8 */;
CREATE TABLE `spld_generalsection` (
  `ID` int(11) NOT NULL,
  `NAME` varchar(254) DEFAULT NULL,
  `CONTAINERVOLUME` varchar(254) DEFAULT NULL,
  `TITLE` varchar(254) DEFAULT NULL,
  `SUBTITLE` longtext,
  `SECTIONTYPE` varchar(1) DEFAULT NULL,
  `REVIEWERNOTE` longtext,
  `CONTACTNOTE` varchar(254) DEFAULT NULL,
  `NOTETOPHYSICIAN` varchar(254) DEFAULT NULL,
  `CONTINUATIONBREAKFLAG` varchar(254) DEFAULT NULL,
  `EXCLUSIVESTATEMENTS` varchar(1) DEFAULT NULL,
  `SELECTED` varchar(1) DEFAULT NULL,
  `AUTOSEQ` int(11) DEFAULT NULL,
  `AUTOSEQ02` int(11) DEFAULT NULL,
  `FK_ID_SPLD_SECTION` int(11) DEFAULT NULL,
  `FK_ID_SUBREGPHYSICALLABELDEF` int(11) NOT NULL,
  `FK_ID_S_GENERALSECTION` int(11) DEFAULT NULL,
  PRIMARY KEY (`ID`),
  KEY `SPLDGENERALSECTIONFKIDSPL10332` (`FK_ID_SPLD_SECTION`),
  KEY `SPLDGENERALSECTIONFKIDSUB10339` (`FK_ID_SUBREGPHYSICALLABELDEF`),
  KEY `SPLDGENERALSECTIONFKIDSGE10371` (`FK_ID_S_GENERALSECTION`)
) ENGINE=InnoDB DEFAULT CHARSET=utf8;
/*!40101 SET character_set_client = @saved_cs_client */;

--
-- Dumping data for table `spld_generalsection`
--

LOCK TABLES `spld_generalsection` WRITE;
/*!40000 ALTER TABLE `spld_generalsection` DISABLE KEYS */;
INSERT INTO `spld_generalsection` VALUES (79,NULL,NULL,'PRECAUTIONARY STATEMENTS','HAZARDS TO HUMANS AND DOMESTIC ANIMALS','P',NULL,NULL,NULL,NULL,NULL,NULL,NULL,1,NULL,4,25),(80,NULL,NULL,'FIRST AID',NULL,'F',NULL,'Call a poison control center or doctor for treatment advice.\r\nHave the product container or label with you when calling a poison control center or doctor or going for treatment.','<p><strong>NOTE TO PHYSICIAN: </strong>Probable mucosal damage may contraindicate the use of gastric lavage. Measures against circulatory shock, respiratory depression and convulsion may be needed.</p>',NULL,NULL,NULL,NULL,2,NULL,4,26),(81,NULL,NULL,'ENVIRONMENTAL HAZARDS',NULL,'E','(Note to reviewer: If container size is 5 gallons or greater, the following Environmental Hazards statements will be used:)',NULL,NULL,NULL,NULL,NULL,NULL,3,NULL,4,27),(100,NULL,NULL,'FIRST AID',NULL,'F',NULL,NULL,NULL,NULL,NULL,NULL,NULL,1,NULL,6,46),(101,NULL,NULL,'PRECAUTIONARY STATEMENTS','HAZARDS TO HUMANS AND DOMESTIC ANIMALS','P',NULL,NULL,NULL,NULL,NULL,NULL,NULL,2,NULL,6,47),(102,NULL,NULL,'PHYSICAL OR CHEMICAL OR ENVIRONMENTAL HAZARDS',NULL,'E',NULL,NULL,NULL,NULL,NULL,NULL,NULL,3,NULL,6,48),(178,NULL,NULL,'PRECAUTIONARY STATEMENTS','HAZARDS TO HUMANS AND DOMESTIC ANIMALS','P',NULL,NULL,NULL,NULL,NULL,NULL,NULL,1,NULL,5,43),(179,NULL,NULL,NULL,NULL,'F',NULL,'Call a poison control center or doctor for treatment advice.\r\nHave the product container or label with you when calling a poison control center or doctor or going for treatment.','<p><strong>NOTE TO PHYSICIAN: </strong>Probable mucosal damage may contraindicate the use of gastric lavage. Measures against circulatory shock, respiratory depression and convulsion may be needed.</p>',NULL,NULL,NULL,NULL,2,NULL,5,44),(180,NULL,NULL,'ENVIRONMENTAL HAZARDS',NULL,'E','(Note to reviewer: If container size is 5 gallons or greater, the following Environmental Hazards statements will be used:)',NULL,NULL,NULL,NULL,NULL,NULL,3,NULL,5,45),(187,NULL,NULL,'PRECAUTIONARY STATEMENTS','HAZARDS TO HUMANS AND DOMESTIC ANIMALS','P',NULL,NULL,NULL,NULL,NULL,NULL,NULL,1,NULL,9,25),(188,NULL,NULL,'FIRST AID',NULL,'F',NULL,'Call a poison control center or doctor for treatment advice.\r\nHave the product container or label with you when calling a poison control center or doctor or going for treatment.','<p><strong>NOTE TO PHYSICIAN: </strong>Probable mucosal damage may contraindicate the use of gastric lavage. Measures against circulatory shock, respiratory depression and convulsion may be needed.</p>',NULL,NULL,NULL,NULL,2,NULL,9,26),(189,NULL,NULL,'ENVIRONMENTAL HAZARDS',NULL,'E','(Note to reviewer: If container size is 5 gallons or greater, the following Environmental Hazards statements will be used:)',NULL,NULL,NULL,NULL,NULL,NULL,3,NULL,9,27),(202,NULL,NULL,'PRECAUTIONARY STATEMENTS','HAZARDS TO HUMANS AND DOMESTIC ANIMALS','P',NULL,NULL,NULL,NULL,NULL,NULL,NULL,1,NULL,14,58),(203,NULL,NULL,'FIRST AID',NULL,'F',NULL,'Call a poison control center or doctor for treatment advice.\r\nHave the product container or label with you when calling a poison control center or doctor or going for treatment.','<p><strong>NOTE TO PHYSICIAN: </strong>Probable mucosal damage may contraindicate the use of gastric lavage. Measures against circulatory shock, respiratory depression and convulsion may be needed.</p>',NULL,NULL,NULL,NULL,2,NULL,14,59),(204,NULL,NULL,'ENVIRONMENTAL HAZARDS',NULL,'E','(Note to reviewer: If container size is 5 gallons or greater, the following Environmental Hazards statements will be used:)',NULL,NULL,NULL,NULL,NULL,NULL,3,NULL,14,60),(214,NULL,NULL,'PRECAUTIONARY STATEMENTS','HAZARDS TO HUMANS AND DOMESTIC ANIMALS','P',NULL,NULL,NULL,NULL,NULL,NULL,NULL,1,NULL,18,4),(215,NULL,NULL,'FIRST AID',NULL,'F',NULL,'<p>Call a poison control center or doctor for treatment advice.</p>\r\n<p>Have the product container or label with you when calling a poison control center or doctor or going for treatment.</p>','<p><strong>NOTE TO PHYSICIAN: </strong>Probable mucosal damage may contraindicate the use of gastric lavage. Measures against circulatory shock, respiratory depression and convulsion may be needed.</p>',NULL,NULL,NULL,NULL,2,NULL,18,5),(216,NULL,NULL,'ENVIRONMENTAL HAZARDS',NULL,'E','(Note to reviewer: If container size is 5 gallons or greater, the following Environmental Hazards statements will be used:)',NULL,NULL,NULL,NULL,NULL,NULL,3,NULL,18,6),(244,NULL,NULL,'PRECAUTIONARY STATEMENTS','HAZARDS TO HUMANS AND DOMESTIC ANIMALS','P',NULL,NULL,NULL,NULL,NULL,NULL,NULL,1,NULL,31,43),(245,NULL,NULL,NULL,NULL,'F',NULL,'Call a poison control center or doctor for treatment advice.\r\nHave the product container or label with you when calling a poison control center or doctor or going for treatment.','<p><strong>NOTE TO PHYSICIAN: </strong>Probable mucosal damage may contraindicate the use of gastric lavage. Measures against circulatory shock, respiratory depression and convulsion may be needed.</p>',NULL,NULL,NULL,NULL,2,NULL,31,44),(246,NULL,NULL,'ENVIRONMENTAL HAZARDS',NULL,'E','(Note to reviewer: If container size is 5 gallons or greater, the following Environmental Hazards statements will be used:)',NULL,NULL,NULL,NULL,NULL,NULL,3,NULL,31,45),(304,NULL,NULL,'PRECAUTIONARY STATEMENTS','HAZARDS TO HUMANS AND DOMESTIC ANIMALS','P',NULL,NULL,NULL,NULL,NULL,NULL,NULL,1,NULL,56,43),(305,NULL,NULL,NULL,NULL,'F',NULL,'Call a poison control center or doctor for treatment advice.\r\nHave the product container or label with you when calling a poison control center or doctor or going for treatment.','<p><strong>NOTE TO PHYSICIAN: </strong>Probable mucosal damage may contraindicate the use of gastric lavage. Measures against circulatory shock, respiratory depression and convulsion may be needed.</p>',NULL,NULL,NULL,NULL,2,NULL,56,44),(306,NULL,NULL,'ENVIRONMENTAL HAZARDS',NULL,'E','(Note to reviewer: If container size is 5 gallons or greater, the following Environmental Hazards statements will be used:)',NULL,NULL,NULL,NULL,NULL,NULL,3,NULL,56,45),(307,NULL,NULL,'PRECAUTIONARY STATEMENTS','HAZARDS TO HUMANS AND DOMESTIC ANIMALS','P',NULL,NULL,NULL,NULL,NULL,NULL,NULL,1,NULL,57,167),(308,NULL,NULL,NULL,NULL,'F',NULL,'Call a poison control center or doctor for treatment advice.\r\nHave the product container or label with you when calling a poison control center or doctor or going for treatment.','<p><strong>NOTE TO PHYSICIAN: </strong>Probable mucosal damage may contraindicate the use of gastric lavage. Measures against circulatory shock, respiratory depression and convulsion may be needed.</p>',NULL,NULL,NULL,NULL,2,NULL,57,168),(309,NULL,NULL,'ENVIRONMENTAL HAZARDS',NULL,'E','(Note to reviewer: If container size is 5 gallons or greater, the following Environmental Hazards statements will be used:)',NULL,NULL,NULL,NULL,NULL,NULL,3,NULL,57,169),(310,NULL,NULL,'physical/chemical section',NULL,'C',NULL,NULL,NULL,NULL,NULL,NULL,NULL,4,NULL,57,170);
/*!40000 ALTER TABLE `spld_generalsection` ENABLE KEYS */;
UNLOCK TABLES;

--
-- Table structure for table `spld_generalstatement`
--

DROP TABLE IF EXISTS `spld_generalstatement`;
/*!40101 SET @saved_cs_client     = @@character_set_client */;
/*!40101 SET character_set_client = utf8 */;
CREATE TABLE `spld_generalstatement` (
  `ID` int(11) NOT NULL,
  `TITLE` varchar(254) DEFAULT NULL,
  `z_TEXT` longtext,
  `EXCLUSIVESTATEMENTS` varchar(1) DEFAULT NULL,
  `SELECTED` varchar(1) DEFAULT NULL,
  `CONTINUATIONBREAKFLAG` varchar(254) DEFAULT NULL,
  `CONTINUATIONTEXT` longtext,
  `CONTINUATIONLEADINGTEXT` longtext,
  `AUTOSEQ` int(11) DEFAULT NULL,
  `FK_ID_SPLD_GENERALSECTION` int(11) NOT NULL,
  `FK_ID_S_GENERALSTATEMENT` int(11) DEFAULT NULL,
  PRIMARY KEY (`ID`),
  KEY `SPLDGENERALSTATEMENTFKIDS10351` (`FK_ID_SPLD_GENERALSECTION`),
  KEY `SPLDGENERALSTATEMENTFKIDS10367` (`FK_ID_S_GENERALSTATEMENT`)
) ENGINE=InnoDB DEFAULT CHARSET=utf8;
/*!40101 SET character_set_client = @saved_cs_client */;

--
-- Dumping data for table `spld_generalstatement`
--

LOCK TABLES `spld_generalstatement` WRITE;
/*!40000 ALTER TABLE `spld_generalstatement` DISABLE KEYS */;
INSERT INTO `spld_generalstatement` VALUES (157,NULL,'DANGER. CORROSIVE. Causes irreversible eye damage and skin burns. Harmful if swallowed. Do not get in eyes, on skin, or on clothing. Wear protective eyewear (goggles, face shield or safety glasses), protective clothing and protective gloves (rubber or chemical resistant). Harmful if inhaled. Wash thoroughly with soap and water after handling. Remove contaminated clothing and wash clothing before reuse.',NULL,NULL,NULL,NULL,NULL,NULL,79,49),(158,NULL,'If on skin or clothing\r\n   - Take off contaminated clothing.\r\n   - Rinse skin immediately with plenty of water for 15-20 minutes.',NULL,NULL,NULL,NULL,NULL,1,80,50),(159,NULL,'If swallowed\r\n   - Call a poison control center or doctor immediately for treatment advice.\r\n   - Have person sip a glass of water if able to swallow.\r\n   - Do not induce vomiting unless told to do so by the poison control center or doctor.\r\n   - Do not give anything by mouth to an unconscious person.',NULL,NULL,NULL,NULL,NULL,2,80,51),(160,NULL,'If inhaled\r\n   - Move person to fresh air.\r\n   - If person is not breathing, call 911 or an ambulance, then give artificial respiration, preferably by mouth-to-mouth, if possible.',NULL,NULL,NULL,NULL,NULL,3,80,52),(161,NULL,'If in eyes\r\n   - Hold eye open and rinse slowly and gently with water for 15-20 minutes.\r\n   - Remove contact lenses, if present, after the first 5 minutes, then continue rinsing eye.',NULL,NULL,NULL,NULL,NULL,4,80,53),(162,NULL,'Do not discharge effluent containing this product into lakes, streams, ponds, estuaries, oceans, or other waters unless in accordance with the requirements of a National Pollutant Discharge Elimination System (NPDES) permit and the permitting authority has been notified in writing prior to discharge. Do not discharge effluent containing this product to sewer systems without previously notifying the local sewage treatment plant authority. For guidance contact your State Water Board or Regional Office of the EPA.',NULL,NULL,NULL,NULL,NULL,NULL,81,54),(199,NULL,'IF ON SKIN OR CLOTHING: Take off contaminated clothing. Rinse skin immediately with plenty of water for 15  20 minutes. Call a poison control center or doctor for treatment advice.',NULL,NULL,NULL,NULL,NULL,1,100,91),(200,NULL,'IF IN EYES: Hold eye open and rinse slowly and gently with water for 15  20 minutes.  Remove contact lenses, if present, after the first 5 minutes, then continue rinsing eye. Call a poison control center or doctor for treatment advice.',NULL,NULL,NULL,NULL,NULL,2,100,92),(201,NULL,'If swallowed: Call a poison control center or doctor immediately for treatment advice. Have person sip a glass of water if able to swallow.  Do not induce vomiting unless told to do so by the poison control center or doctor. Do not give anything by mouth to an unconscious person.',NULL,NULL,NULL,NULL,NULL,3,100,93),(202,NULL,'IF INHALED: Move person to fresh air. If person is not breathing, call 911 or an ambulance, then give artificial respiration, preferably by mouth-to-mouth, if possible. Call a poison control center or doctor for treatment advice.',NULL,NULL,NULL,NULL,NULL,4,100,94),(203,NULL,'NOTE TO PHYSICIAN: Probable mucosal damage may contraindicate the use of gastric lavage.',NULL,NULL,NULL,NULL,NULL,5,100,95),(204,NULL,'Have the product container or label with you when calling a poison control center or doctor or going for treatment.',NULL,NULL,NULL,NULL,NULL,6,100,96),(205,NULL,'DANGER. CORROSIVE. Causes irreversible eye damage and skin burns. Harmful if swallowed. Do not get in eyes, on skin, or on clothing. Wear protective eyewear (goggles, face shield or safety glasses), protective clothing and protective gloves (rubber or chemical resistant). Harmful if inhaled. Wash thoroughly with soap and water after handling. Remove contaminated clothing and wash clothing before reuse.',NULL,NULL,NULL,NULL,NULL,NULL,101,97),(206,NULL,'PHYSICAL OR CHEMICAL HAZARDS\r\nDo not mix with oxidizers, anionic soaps and detergents.\r\nDo not use or store near heat or open flame.',NULL,NULL,NULL,NULL,NULL,1,102,98),(207,NULL,'ENVIRONMENTAL HAZARDS\r\nDo not discharge effluent containing this product into lakes, streams, ponds, estuaries, oceans, or other waters unless in accordance with the requirements of a National Pollutant Discharge Elimination System (NPDES) permit and the permitting authority has been notified in writing prior to discharge.  Do not discharge effluent containing this product to sewer systems without previously notifying the local sewage treatment plant authority.  For guidance contact your State Water Board or Regional Office of the EPA.\r\n',NULL,NULL,NULL,NULL,NULL,2,102,99),(358,NULL,'DANGER. CORROSIVE. Causes irreversible eye damage and skin burns. Harmful if swallowed. Do not get in eyes, on skin, or on clothing. Wear protective eyewear (goggles, face shield or safety glasses), protective clothing and protective gloves (rubber or chemical resistant). Harmful if inhaled. Wash thoroughly with soap and water after handling. Remove contaminated clothing and wash clothing before reuse.',NULL,NULL,NULL,NULL,NULL,NULL,178,85),(359,'If in eyes:','Hold eye open and rinse slowly and gently with water for 15  20 minutes. Remove contact lenses, if present, after the first 5 minutes, then continue rinsing eye.',NULL,NULL,NULL,NULL,NULL,1,179,86),(360,'If on skin or clothing:','Take off contaminated clothing. Rinse skin immediately with plenty of water for 15  20 minutes.',NULL,NULL,NULL,NULL,NULL,2,179,87),(361,'If swallowed:','Call a poison control center or doctor immediately for treatment advice. Have person sip a glass of water if able to swallow. Do not induce vomiting unless told to do so by the poison control center or doctor. Do not give anything by mouth to an unconscious person.',NULL,NULL,NULL,NULL,NULL,3,179,88),(362,'If inhaled:','Move person to fresh air. If person is not breathing, call 911 or an ambulance, then give artificial respiration, preferably by mouth-to-mouth, if possible. Call a poison control center or doctor for treatment advice. Have the product container or label with you when calling a poison control center or doctor or going for treatment. NOTE TO PHYSICIAN: Probable mucosal damage may contraindicate the use of gastric lavage. Measures against circulatory shock, respiratory depression and convulsion may be needed.ove contact lenses, if present, after the first 5 minutes, then continue rinsing eye.',NULL,NULL,'M','damage may contraindicate the use of gastric lavage. Measures against circulatory shock, respiratory depression and convulsion may be needed.ove contact lenses, if present, after the first 5 minutes, then continue rinsing eye.','Move person to fresh air. If person is not breathing, call 911 or an ambulance, then give artificial respiration, preferably by mouth-to-mouth, if possible. Call a poison control center or doctor for treatment advice. Have the product container or label with you when calling a poison control center or doctor or going for treatment. NOTE TO PHYSICIAN: Probable mucosal ',4,179,89),(363,NULL,'Do not discharge effluent containing this product into lakes, streams, ponds, estuaries, oceans, or other waters unless in accordance with the requirements of a National Pollutant Discharge Elimination System (NPDES) permit and the permitting authority has been notified in writing prior to discharge. Do not discharge effluent containing this product to sewer systems without previously notifying the local sewage treatment plant authority. For guidance contact your State Water Board or Regional Office of the EPA.',NULL,NULL,NULL,NULL,NULL,NULL,180,90),(376,NULL,'DANGER. CORROSIVE. Causes irreversible eye damage and skin burns. Harmful if swallowed. Do not get in eyes, on skin, or on clothing. Wear protective eyewear (goggles, face shield or safety glasses), protective clothing and protective gloves (rubber or chemical resistant). Harmful if inhaled. Wash thoroughly with soap and water after handling. Remove contaminated clothing and wash clothing before reuse.',NULL,NULL,NULL,NULL,NULL,NULL,187,49),(377,NULL,'If on skin or clothing\r\n   - Take off contaminated clothing.\r\n   - Rinse skin immediately with plenty of water for 15-20 minutes.',NULL,NULL,NULL,NULL,NULL,1,188,50),(378,NULL,'If swallowed\r\n   - Call a poison control center or doctor immediately for treatment advice.\r\n   - Have person sip a glass of water if able to swallow.\r\n   - Do not induce vomiting unless told to do so by the poison control center or doctor.\r\n   - Do not give anything by mouth to an unconscious person.',NULL,NULL,NULL,NULL,NULL,2,188,51),(379,NULL,'If inhaled\r\n   - Move person to fresh air.\r\n   - If person is not breathing, call 911 or an ambulance, then give artificial respiration, preferably by mouth-to-mouth, if possible.',NULL,NULL,NULL,NULL,NULL,3,188,52),(380,NULL,'If in eyes\r\n   - Hold eye open and rinse slowly and gently with water for 15-20 minutes.\r\n   - Remove contact lenses, if present, after the first 5 minutes, then continue rinsing eye.',NULL,NULL,NULL,NULL,NULL,4,188,53),(381,NULL,'Do not discharge effluent containing this product into lakes, streams, ponds, estuaries, oceans, or other waters unless in accordance with the requirements of a National Pollutant Discharge Elimination System (NPDES) permit and the permitting authority has been notified in writing prior to discharge. Do not discharge effluent containing this product to sewer systems without previously notifying the local sewage treatment plant authority. For guidance contact your State Water Board or Regional Office of the EPA.',NULL,NULL,NULL,NULL,NULL,NULL,189,54),(406,NULL,'DANGER. CORROSIVE. Causes irreversible eye damage and skin burns. Harmful if swallowed. Do not get in eyes, on skin, or on clothing. Wear protective eyewear (goggles, face shield or safety glasses), protective clothing and protective gloves (rubber or chemical resistant). Harmful if inhaled. Wash thoroughly with soap and water after handling. Remove contaminated clothing and wash clothing before reuse.',NULL,NULL,NULL,NULL,NULL,NULL,202,118),(407,NULL,'If on skin or clothing\r\n   - Take off contaminated clothing.\r\n   - Rinse skin immediately with plenty of water for 15-20 minutes.',NULL,NULL,NULL,NULL,NULL,1,203,119),(408,NULL,'If swallowed\r\n   - Call a poison control center or doctor immediately for treatment advice.\r\n   - Have person sip a glass of water if able to swallow.\r\n   - Do not induce vomiting unless told to do so by the poison control center or doctor.\r\n   - Do not give anything by mouth to an unconscious person.',NULL,NULL,NULL,NULL,NULL,2,203,120),(409,NULL,'If inhaled\r\n   - Move person to fresh air.\r\n   - If person is not breathing, call 911 or an ambulance, then give artificial respiration, preferably by mouth-to-mouth, if possible.',NULL,NULL,NULL,NULL,NULL,3,203,121),(410,NULL,'If in eyes\r\n   - Hold eye open and rinse slowly and gently with water for 15-20 minutes.\r\n   - Remove contact lenses, if present, after the first 5 minutes, then continue rinsing eye.',NULL,NULL,NULL,NULL,NULL,4,203,122),(411,NULL,'Do not discharge effluent containing this product into lakes, streams, ponds, estuaries, oceans, or other waters unless in accordance with the requirements of a National Pollutant Discharge Elimination System (NPDES) permit and the permitting authority has been notified in writing prior to discharge. Do not discharge effluent containing this product to sewer systems without previously notifying the local sewage treatment plant authority. For guidance contact your State Water Board or Regional Office of the EPA.',NULL,NULL,NULL,NULL,NULL,NULL,204,123),(430,NULL,'DANGER. CORROSIVE. Causes irreversible eye damage and skin burns. Harmful if swallowed. Do not get in eyes, on skin, or on clothing. Wear protective eyewear (goggles, face shield or safety glasses), protective clothing and protective gloves (rubber or chemical resistant). Harmful if inhaled. Wash thoroughly with soap and water after handling. Remove contaminated clothing and wash clothing before reuse.',NULL,NULL,NULL,NULL,NULL,NULL,214,7),(431,NULL,'If on skin or clothing\n   - Take off contaminated clothing.\n   - Rinse skin immediately with plenty of water for 15-20 minutes.',NULL,NULL,NULL,NULL,NULL,1,215,8),(432,NULL,'If swallowed\n   - Call a poison control center or doctor immediately for treatment advice.\n   - Have person sip a glass of water if able to swallow.\n   - Do not induce vomiting unless told to do so by the poison control center or doctor.\n   - Do not give anything by mouth to an unconscious person.',NULL,NULL,NULL,NULL,NULL,2,215,9),(433,NULL,'If inhaled\n   - Move person to fresh air.\n   - If person is not breathing, call 911 or an ambulance, then give artificial respiration, preferably by mouth-to-mouth, if possible.',NULL,NULL,NULL,NULL,NULL,3,215,10),(434,NULL,'If in eyes\r\n   - Hold eye open and rinse slowly and gently with water for 15-20 minutes.\r\n   - Remove contact lenses, if present, after the first 5 minutes, then continue rinsing eye.',NULL,NULL,NULL,NULL,NULL,4,215,11),(435,NULL,'Do not discharge effluent containing this product into lakes, streams, ponds, estuaries, oceans, or other waters unless in accordance with the requirements of a National Pollutant Discharge Elimination System (NPDES) permit and the permitting authority has been notified in writing prior to discharge. Do not discharge effluent containing this product to sewer systems without previously notifying the local sewage treatment plant authority. For guidance contact your State Water Board or Regional Office of the EPA.',NULL,NULL,NULL,NULL,NULL,NULL,216,12),(490,NULL,'DANGER. CORROSIVE. Causes irreversible eye damage and skin burns. Harmful if swallowed. Do not get in eyes, on skin, or on clothing. Wear protective eyewear (goggles, face shield or safety glasses), protective clothing and protective gloves (rubber or chemical resistant). Harmful if inhaled. Wash thoroughly with soap and water after handling. Remove contaminated clothing and wash clothing before reuse.',NULL,NULL,NULL,NULL,NULL,NULL,244,85),(491,'If in eyes:','Hold eye open and rinse slowly and gently with water for 15  20 minutes. Remove contact lenses, if present, after the first 5 minutes, then continue rinsing eye.',NULL,NULL,NULL,NULL,NULL,1,245,86),(492,'If on skin or clothing:','Take off contaminated clothing. Rinse skin immediately with plenty of water for 15  20 minutes.',NULL,NULL,NULL,NULL,NULL,2,245,87),(493,'If swallowed:','Call a poison control center or doctor immediately for treatment advice. Have person sip a glass of water if able to swallow. Do not induce vomiting unless told to do so by the poison control center or doctor. Do not give anything by mouth to an unconscious person.',NULL,NULL,NULL,NULL,NULL,3,245,88),(494,'If inhaled:','Move person to fresh air. If person is not breathing, call 911 or an ambulance, then give artificial respiration, preferably by mouth-to-mouth, if possible. Call a poison control center or doctor for treatment advice. Have the product container or label with you when calling a poison control center or doctor or going for treatment. NOTE TO PHYSICIAN: Probable mucosal damage may contraindicate the use of gastric lavage. Measures against circulatory shock, respiratory depression and convulsion may be needed.ove contact lenses, if present, after the first 5 minutes, then continue rinsing eye.',NULL,NULL,NULL,NULL,NULL,4,245,89),(495,NULL,'Do not discharge effluent containing this product into lakes, streams, ponds, estuaries, oceans, or other waters unless in accordance with the requirements of a National Pollutant Discharge Elimination System (NPDES) permit and the permitting authority has been notified in writing prior to discharge. Do not discharge effluent containing this product to sewer systems without previously notifying the local sewage treatment plant authority. For guidance contact your State Water Board or Regional Office of the EPA.',NULL,NULL,NULL,NULL,NULL,NULL,246,90),(601,NULL,'DANGER. CORROSIVE. Causes irreversible eye damage and skin burns. Harmful if swallowed. Do not get in eyes, on skin, or on clothing. Wear protective eyewear (goggles, face shield or safety glasses), protective clothing and protective gloves (rubber or chemical resistant). Harmful if inhaled. Wash thoroughly with soap and water after handling. Remove contaminated clothing and wash clothing before reuse.',NULL,NULL,NULL,NULL,NULL,NULL,304,85),(602,'If in eyes:','Hold eye open and rinse slowly and gently with water for 15  20 minutes. Remove contact lenses, if present, after the first 5 minutes, then continue rinsing eye.',NULL,NULL,NULL,NULL,NULL,1,305,86),(603,'If on skin or clothing:','Take off contaminated clothing. Rinse skin immediately with plenty of water for 15  20 minutes.',NULL,NULL,NULL,NULL,NULL,2,305,87),(604,'If swallowed:','Call a poison control center or doctor immediately for treatment advice. Have person sip a glass of water if able to swallow. Do not induce vomiting unless told to do so by the poison control center or doctor. Do not give anything by mouth to an unconscious person.',NULL,NULL,NULL,NULL,NULL,3,305,88),(605,'If inhaled:','Move person to fresh air. If person is not breathing, call 911 or an ambulance, then give artificial respiration, preferably by mouth-to-mouth, if possible. Call a poison control center or doctor for treatment advice. Have the product container or label with you when calling a poison control center or doctor or going for treatment. NOTE TO PHYSICIAN: Probable mucosal damage may contraindicate the use of gastric lavage. Measures against circulatory shock, respiratory depression and convulsion may be needed.ove contact lenses, if present, after the first 5 minutes, then continue rinsing eye.',NULL,NULL,'M','damage may contraindicate the use of gastric lavage. Measures against circulatory shock, respiratory depression and convulsion may be needed.ove contact lenses, if present, after the first 5 minutes, then continue rinsing eye.','Move person to fresh air. If person is not breathing, call 911 or an ambulance, then give artificial respiration, preferably by mouth-to-mouth, if possible. Call a poison control center or doctor for treatment advice. Have the product container or label with you when calling a poison control center or doctor or going for treatment. NOTE TO PHYSICIAN: Probable mucosal ',4,305,89),(606,NULL,'Do not discharge effluent containing this product into lakes, streams, ponds, estuaries, oceans, or other waters unless in accordance with the requirements of a National Pollutant Discharge Elimination System (NPDES) permit and the permitting authority has been notified in writing prior to discharge. Do not discharge effluent containing this product to sewer systems without previously notifying the local sewage treatment plant authority. For guidance contact your State Water Board or Regional Office of the EPA.',NULL,NULL,NULL,NULL,NULL,NULL,306,90),(607,NULL,'DANGER. CORROSIVE. Causes irreversible eye damage and skin burns. Harmful if swallowed. Do not get in eyes, on skin, or on clothing. Wear protective eyewear (goggles, face shield or safety glasses), protective clothing and protective gloves (rubber or chemical resistant). Harmful if inhaled. Wash thoroughly with soap and water after handling. Remove contaminated clothing and wash clothing before reuse.',NULL,NULL,NULL,NULL,NULL,NULL,307,317),(608,'If in eyes:','Hold eye open and rinse slowly and gently with water for 15  20 minutes. Remove contact lenses, if present, after the first 5 minutes, then continue rinsing eye.',NULL,NULL,NULL,NULL,NULL,1,308,318),(609,'If on skin or clothing:','Take off contaminated clothing. Rinse skin immediately with plenty of water for 15  20 minutes.',NULL,NULL,NULL,NULL,NULL,2,308,319),(610,'If swallowed:','Call a poison control center or doctor immediately for treatment advice. Have person sip a glass of water if able to swallow. Do not induce vomiting unless told to do so by the poison control center or doctor. Do not give anything by mouth to an unconscious person.',NULL,NULL,NULL,NULL,NULL,3,308,320),(611,'If inhaled:','Move person to fresh air. If person is not breathing, call 911 or an ambulance, then give artificial respiration, preferably by mouth-to-mouth, if possible. Call a poison control center or doctor for treatment advice. Have the product container or label with you when calling a poison control center or doctor or going for treatment. NOTE TO PHYSICIAN: Probable mucosal damage may contraindicate the use of gastric lavage. Measures against circulatory shock, respiratory depression and convulsion may be needed.ove contact lenses, if present, after the first 5 minutes, then continue rinsing eye.',NULL,NULL,NULL,NULL,NULL,4,308,321),(612,NULL,'Do not discharge effluent containing this product into lakes, streams, ponds, estuaries, oceans, or other waters unless in accordance with the requirements of a National Pollutant Discharge Elimination System (NPDES) permit and the permitting authority has been notified in writing prior to discharge. Do not discharge effluent containing this product to sewer systems without previously notifying the local sewage treatment plant authority. For guidance contact your State Water Board or Regional Office of the EPA.',NULL,NULL,NULL,NULL,NULL,NULL,309,322),(613,NULL,'Not sure if physical/chemical is a valid category',NULL,NULL,NULL,NULL,NULL,NULL,310,323);
/*!40000 ALTER TABLE `spld_generalstatement` ENABLE KEYS */;
UNLOCK TABLES;

--
-- Table structure for table `spld_humanhazardsection`
--

DROP TABLE IF EXISTS `spld_humanhazardsection`;
/*!40101 SET @saved_cs_client     = @@character_set_client */;
/*!40101 SET character_set_client = utf8 */;
CREATE TABLE `spld_humanhazardsection` (
  `ID` int(11) NOT NULL,
  `EPA_SIGNALWORD` varchar(32) DEFAULT NULL,
  `EPA_CHILDHAZARDWARNING` varchar(1) DEFAULT NULL,
  `PRECAUTIONARYSTATEMENT` longtext,
  `LOCATIONSEPARATOR` varchar(2) DEFAULT NULL,
  `ENCLOSEFIRSTLOCATION` varchar(1) DEFAULT NULL,
  `PANELLOC` varchar(254) DEFAULT NULL,
  `PANELLOC1` varchar(254) DEFAULT NULL,
  `PANELLOC2` varchar(254) DEFAULT NULL,
  `PANELLOC3` varchar(254) DEFAULT NULL,
  `PANELLOC4` varchar(254) DEFAULT NULL,
  `PANELLOC5` varchar(254) DEFAULT NULL,
  `PANELLOC6` varchar(254) DEFAULT NULL,
  `PANELLOC7` varchar(254) DEFAULT NULL,
  `PANELLOC8` varchar(254) DEFAULT NULL,
  `PANELLOC9` varchar(254) DEFAULT NULL,
  `LABELLOC` varchar(254) DEFAULT NULL,
  `LABELLOC1` varchar(254) DEFAULT NULL,
  `LABELLOC2` varchar(254) DEFAULT NULL,
  `LABELLOC3` varchar(254) DEFAULT NULL,
  `LABELLOC4` varchar(254) DEFAULT NULL,
  `LABELLOC5` varchar(254) DEFAULT NULL,
  `LABELLOC6` varchar(254) DEFAULT NULL,
  `LABELLOC7` varchar(254) DEFAULT NULL,
  `LABELLOC8` varchar(254) DEFAULT NULL,
  `LABELLOC9` varchar(254) DEFAULT NULL,
  `SELECTED` varchar(1) DEFAULT NULL,
  `AUTOSEQ` int(11) DEFAULT NULL,
  `FK_ID_SUBREGPHYSICALLABELDEF` int(11) NOT NULL,
  `FK_ID_S_HUMANHAZARDSECTION` int(11) DEFAULT NULL,
  PRIMARY KEY (`ID`),
  KEY `SPLDHUMANHAZARDSECTIONFKI10340` (`FK_ID_SUBREGPHYSICALLABELDEF`),
  KEY `SPLDHUMANHAZARDSECTIONFKI10414` (`FK_ID_S_HUMANHAZARDSECTION`)
) ENGINE=InnoDB DEFAULT CHARSET=utf8;
/*!40101 SET character_set_client = @saved_cs_client */;

--
-- Dumping data for table `spld_humanhazardsection`
--

LOCK TABLES `spld_humanhazardsection` WRITE;
/*!40000 ALTER TABLE `spld_humanhazardsection` DISABLE KEYS */;
INSERT INTO `spld_humanhazardsection` VALUES (27,'DANGER','U','See {{Precautionary Panel Location}} Panel for Precautionary Statements and First Aid',NULL,NULL,NULL,'right','left','side','back',NULL,NULL,NULL,NULL,NULL,NULL,NULL,NULL,NULL,NULL,NULL,NULL,NULL,NULL,NULL,NULL,1,4,5),(34,'DANGER','U','See {{Precautionary Panel Location}} Panel {{Precautionary Label Location}} for Precautionary Statements','()',NULL,NULL,'Left','Back','Side','Right',NULL,NULL,NULL,NULL,NULL,NULL,'of label','below',NULL,NULL,NULL,NULL,NULL,NULL,NULL,NULL,NULL,6,7),(60,'DANGER','U','See {{Precautionary Panel Location}} Panel for Precautionary Statements and First Aid',NULL,NULL,NULL,'right','left','side','back',NULL,NULL,NULL,NULL,NULL,NULL,NULL,NULL,NULL,NULL,NULL,NULL,NULL,NULL,NULL,NULL,1,5,6),(63,'DANGER','U','See {{Precautionary Panel Location}} Panel for Precautionary Statements and First Aid',NULL,NULL,NULL,'right','left','side','back',NULL,NULL,NULL,NULL,NULL,NULL,NULL,NULL,NULL,NULL,NULL,NULL,NULL,NULL,NULL,NULL,NULL,9,5),(68,'DANGER','U','See {{Precautionary Panel Location}} Panel for Precautionary Statements and First Aid',NULL,NULL,NULL,'right','left','side','back',NULL,NULL,NULL,NULL,NULL,NULL,NULL,NULL,NULL,NULL,NULL,NULL,NULL,NULL,NULL,NULL,NULL,14,11),(72,'DANGER','U','See {{Precautionary Panel Location}} Panel for Precautionary Statements and First Aid',NULL,NULL,NULL,'right','left','side','back',NULL,NULL,NULL,NULL,NULL,NULL,NULL,NULL,NULL,NULL,NULL,NULL,NULL,NULL,NULL,NULL,NULL,18,2),(82,'DANGER','U','See {{Precautionary Panel Location}} Panel for Precautionary Statements and First Aid',NULL,NULL,NULL,'right','left','side','back',NULL,NULL,NULL,NULL,NULL,NULL,NULL,NULL,NULL,NULL,NULL,NULL,NULL,NULL,NULL,NULL,NULL,31,6),(99,'DANGER','U','See {{Precautionary Panel Location}} Panel for Precautionary Statements and First Aid',NULL,NULL,NULL,'right','left','side','back',NULL,NULL,NULL,NULL,NULL,NULL,NULL,NULL,NULL,NULL,NULL,NULL,NULL,NULL,NULL,NULL,NULL,56,6),(100,'DANGER','U','See {{Precautionary Panel Location}} Panel for Precautionary Statements and First Aid','[]','Y',NULL,'right','left','side','back',NULL,NULL,NULL,NULL,NULL,NULL,NULL,NULL,NULL,NULL,NULL,NULL,NULL,NULL,NULL,NULL,NULL,57,41);
/*!40000 ALTER TABLE `spld_humanhazardsection` ENABLE KEYS */;
UNLOCK TABLES;

--
-- Table structure for table `spld_ingredientssection`
--

DROP TABLE IF EXISTS `spld_ingredientssection`;
/*!40101 SET @saved_cs_client     = @@character_set_client */;
/*!40101 SET character_set_client = utf8 */;
CREATE TABLE `spld_ingredientssection` (
  `ID` int(11) NOT NULL,
  `ACTIVETITLE` varchar(254) DEFAULT NULL,
  `ARSENICPRECAUTIONARYTEXT` varchar(254) DEFAULT NULL,
  `INERTTITLE` varchar(254) DEFAULT NULL,
  `REVIEWERNOTE` longtext,
  `GENERALINACTIVEPERCENT` double DEFAULT NULL,
  `SELECTED` varchar(1) DEFAULT NULL,
  `AUTOSEQ` int(11) DEFAULT NULL,
  `AUTOSEQ02` int(11) DEFAULT NULL,
  `FK_ID_SPLD_SECTION` int(11) DEFAULT NULL,
  `FK_ID_SUBREGPHYSICALLABELDEF` int(11) NOT NULL,
  `FK_ID_S_INGREDIENTSSECTION` int(11) DEFAULT NULL,
  PRIMARY KEY (`ID`),
  KEY `SPLDINGREDIENTSSECTIONFKI10329` (`FK_ID_SPLD_SECTION`),
  KEY `SPLDINGREDIENTSSECTIONFKI10341` (`FK_ID_SUBREGPHYSICALLABELDEF`),
  KEY `SPLDINGREDIENTSSECTIONFKI10444` (`FK_ID_S_INGREDIENTSSECTION`)
) ENGINE=InnoDB DEFAULT CHARSET=utf8;
/*!40101 SET character_set_client = @saved_cs_client */;

--
-- Dumping data for table `spld_ingredientssection`
--

LOCK TABLES `spld_ingredientssection` WRITE;
/*!40000 ALTER TABLE `spld_ingredientssection` DISABLE KEYS */;
INSERT INTO `spld_ingredientssection` VALUES (27,'Active Ingredients:',NULL,'Inert Ingredients:',NULL,83.1,NULL,NULL,1,NULL,4,9),(34,'Active Ingredients:',NULL,'INERT INGREDIENTS:',NULL,83.1,NULL,NULL,NULL,NULL,6,16),(60,'Active Ingredients:',NULL,'Inert Ingredients:',NULL,95.775,NULL,NULL,1,NULL,5,15),(63,'Active Ingredients:',NULL,'Inert Ingredients:',NULL,83.1,NULL,NULL,NULL,NULL,9,9),(68,'Active Ingredients:',NULL,'Inert Ingredients:',NULL,83.1,NULL,NULL,NULL,NULL,14,20),(72,'Active Ingredients:',NULL,'Inert Ingredients:',NULL,83.1,NULL,NULL,NULL,NULL,18,2),(82,'Active Ingredients:',NULL,'Inert Ingredients:',NULL,95.775,NULL,NULL,NULL,NULL,31,15),(99,'Active Ingredients:',NULL,'Inert Ingredients:',NULL,95.775,NULL,NULL,NULL,NULL,56,15),(100,'Active Ingredients:',NULL,'Inert Ingredients:',NULL,95.78,NULL,NULL,NULL,NULL,57,50);
/*!40000 ALTER TABLE `spld_ingredientssection` ENABLE KEYS */;
UNLOCK TABLES;

--
-- Table structure for table `spld_ingredientsstatement`
--

DROP TABLE IF EXISTS `spld_ingredientsstatement`;
/*!40101 SET @saved_cs_client     = @@character_set_client */;
/*!40101 SET character_set_client = utf8 */;
CREATE TABLE `spld_ingredientsstatement` (
  `ID` int(11) NOT NULL,
  `CHEMICALNAME` varchar(254) NOT NULL,
  `COMMONNAME` varchar(254) DEFAULT NULL,
  `ACTIVE` varchar(1) NOT NULL,
  `PROMPT` varchar(254) DEFAULT NULL,
  `z_PERCENT` double DEFAULT NULL,
  `SELECTED` varchar(1) DEFAULT NULL,
  `AUTOSEQ` int(11) DEFAULT NULL,
  `FK_ID_SPLD_INGREDIENTSSECTION` int(11) NOT NULL,
  `FK_ID_S_INGREDIENTSSTATEMENT` int(11) DEFAULT NULL,
  PRIMARY KEY (`ID`),
  KEY `SPLDINGREDIENTSSTATEMENTF10352` (`FK_ID_SPLD_INGREDIENTSSECTION`),
  KEY `SPLDINGREDIENTSSTATEMENTF10447` (`FK_ID_S_INGREDIENTSSTATEMENT`)
) ENGINE=InnoDB DEFAULT CHARSET=utf8;
/*!40101 SET character_set_client = @saved_cs_client */;

--
-- Dumping data for table `spld_ingredientsstatement`
--

LOCK TABLES `spld_ingredientsstatement` WRITE;
/*!40000 ALTER TABLE `spld_ingredientsstatement` DISABLE KEYS */;
INSERT INTO `spld_ingredientsstatement` VALUES (53,'Didecyl dimethyl ammonium chloride n-Alkyll',NULL,'A',NULL,10.14,NULL,1,27,17),(54,'dimethyl benzyl ammonium chloride (C<sub>14</sub> 50%, C<sub>12</sub> 40%, C<sub>16</sub> 10%)',NULL,'A',NULL,6.76,NULL,2,27,18),(67,'Didecyl Dimethyl Ammonium Chloride',NULL,'A',NULL,10.14,NULL,1,34,31),(68,'n-Alkyl (C<sub>14</sub> 50%, C<sub>13</sub> 40%, C<sub>16</sub> 10%)\r\ndimethyl benzyl ammonium chloride',NULL,'A',NULL,6.76,NULL,2,34,32),(119,'Didecyl dimethyl ammonium chloride',NULL,'A',NULL,2.535,NULL,1,60,29),(120,'n-Alkyll (C<sub>14</sub> 50%, C<sub>12</sub> 40%, C<sub>16</sub> 10%) dimethyl benzyl ammonium chloride',NULL,'A',NULL,1.69,NULL,2,60,30),(125,'Didecyl dimethyl ammonium chloride n-Alkyll',NULL,'A',NULL,10.14,NULL,1,63,17),(126,'dimethyl benzyl ammonium chloride (C<sub>14</sub> 50%, C<sub>12</sub> 40%, C<sub>16</sub> 10%)',NULL,'A',NULL,6.76,NULL,2,63,18),(135,'Didecyl dimethyl ammonium chloride n-Alkyll',NULL,'A',NULL,10.14,NULL,1,68,39),(136,'dimethyl benzyl ammonium chloride (C<sub>14</sub> 50%, C<sub>12</sub> 40%, C<sub>16</sub> 10%)',NULL,'A',NULL,6.76,NULL,2,68,40),(143,'Didecyl dimethyl ammonium chloride n-Alkyll',NULL,'A',NULL,10.14,NULL,1,72,3),(144,'dimethyl benzyl ammonium chloride (C<sub>14</sub> 50%, C<sub>12</sub> 40%, C<sub>16</sub> 10%)',NULL,'A',NULL,6.76,NULL,2,72,4),(163,'Didecyl dimethyl ammonium chloride',NULL,'A',NULL,2.535,NULL,1,82,29),(164,'n-Alkyll (C<sub>14</sub> 50%, C<sub>12</sub> 40%, C<sub>16</sub> 10%) dimethyl benzyl ammonium chloride',NULL,'A',NULL,1.69,NULL,2,82,30),(197,'Didecyl dimethyl ammonium chloride',NULL,'A',NULL,2.535,NULL,1,99,29),(198,'n-Alkyll (C<sub>14</sub> 50%, C<sub>12</sub> 40%, C<sub>16</sub> 10%) dimethyl benzyl ammonium chloride',NULL,'A',NULL,1.69,NULL,2,99,30),(199,'Didecyl dimethyl ammonium chloride',NULL,'A',NULL,2.535,NULL,1,100,99),(200,'n-Alkyll (C<sub>14</sub> 50%, C<sub>12</sub> 40%, C<sub>16</sub> 10%) dimethyl benzyl ammonium chloride',NULL,'A',NULL,1.69,NULL,2,100,100);
/*!40000 ALTER TABLE `spld_ingredientsstatement` ENABLE KEYS */;
UNLOCK TABLES;

--
-- Table structure for table `spld_lld`
--

DROP TABLE IF EXISTS `spld_lld`;
/*!40101 SET @saved_cs_client     = @@character_set_client */;
/*!40101 SET character_set_client = utf8 */;
CREATE TABLE `spld_lld` (
  `ID` int(11) NOT NULL,
  `TAG` varchar(64) DEFAULT NULL,
  `NAME` varchar(128) DEFAULT NULL,
  `CSS_FILENAME` varchar(254) DEFAULT NULL,
  `BACKGROUNDCOLOR` varchar(254) DEFAULT NULL,
  `HAZARDPANEL` int(11) DEFAULT NULL,
  `CONTINUATIONPREVIOUSPAGETEXT` longtext,
  `CONTNEXTPAGETEXTMARKETING` longtext,
  `CONTNEXTPAGETEXTDIRFORUSE` longtext,
  `DEFAULTTEXTFONTFAMILY` tinytext,
  `DEFAULTTEXTFONTSIZE` tinytext,
  `DEFAULTFONTCOLOR` tinytext,
  `DEFAULTTITLEMARGINTOP` double DEFAULT NULL,
  `DEFAULTTITLEMARGINBOTTOM` double DEFAULT NULL,
  `DEFAULTTEXTMARGINTOP` double DEFAULT NULL,
  `DEFAULTTEXTMARGINBOTTOM` double DEFAULT NULL,
  `USEFOPCONFIG` char(1) DEFAULT NULL,
  `DEPTH` int(11) DEFAULT NULL,
  `FK_ID_SUBREGPHYSICALLABELDEF` int(11) NOT NULL,
  PRIMARY KEY (`ID`),
  KEY `SPLDLLDFKIDSUBREGPHYSICAL10350` (`FK_ID_SUBREGPHYSICALLABELDEF`)
) ENGINE=InnoDB DEFAULT CHARSET=utf8;
/*!40101 SET character_set_client = @saved_cs_client */;

--
-- Dumping data for table `spld_lld`
--

LOCK TABLES `spld_lld` WRITE;
/*!40000 ALTER TABLE `spld_lld` DISABLE KEYS */;
INSERT INTO `spld_lld` VALUES (8,NULL,'4 Panel Side by Side',NULL,NULL,NULL,'** Continued on Side Panel','** Continued from Previous Page','** Continued from Previous Page',NULL,NULL,NULL,NULL,NULL,NULL,NULL,NULL,NULL,4),(10,'label','Four Panel Across',NULL,NULL,NULL,'','','** Continued from Previous Page',NULL,NULL,NULL,NULL,NULL,NULL,NULL,NULL,0,5),(11,'label',NULL,NULL,NULL,NULL,'** Continued on Side Panel','** Continued from Mrktg Previous Page','** Continued from DU Previous Page',NULL,NULL,NULL,NULL,NULL,NULL,NULL,NULL,0,6),(46,'label',NULL,NULL,NULL,NULL,NULL,NULL,NULL,NULL,NULL,NULL,NULL,NULL,NULL,NULL,NULL,0,9),(51,NULL,NULL,NULL,NULL,NULL,NULL,NULL,NULL,NULL,NULL,NULL,NULL,NULL,NULL,NULL,NULL,NULL,14),(55,'label',NULL,NULL,NULL,NULL,NULL,NULL,NULL,NULL,NULL,NULL,NULL,NULL,NULL,NULL,'Y',0,18),(65,'label',NULL,NULL,NULL,NULL,NULL,NULL,NULL,NULL,NULL,NULL,NULL,NULL,NULL,NULL,NULL,0,31),(82,'label',NULL,NULL,NULL,NULL,NULL,NULL,NULL,NULL,NULL,NULL,NULL,NULL,NULL,NULL,NULL,0,56),(83,NULL,NULL,NULL,NULL,NULL,NULL,NULL,NULL,NULL,NULL,NULL,NULL,NULL,NULL,NULL,NULL,NULL,57);
/*!40000 ALTER TABLE `spld_lld` ENABLE KEYS */;
UNLOCK TABLES;

--
-- Table structure for table `spld_marketingsection`
--

DROP TABLE IF EXISTS `spld_marketingsection`;
/*!40101 SET @saved_cs_client     = @@character_set_client */;
/*!40101 SET character_set_client = utf8 */;
CREATE TABLE `spld_marketingsection` (
  `ID` int(11) NOT NULL,
  `NAME` varchar(254) DEFAULT NULL,
  `TITLE` varchar(254) DEFAULT NULL,
  `SUBTITLE` longtext,
  `REVIEWERNOTE` longtext,
  `EXCLUSIVESTATEMENTS` varchar(1) DEFAULT NULL,
  `SELECTED` varchar(1) DEFAULT NULL,
  `CONTINUATIONBREAKFLAG` varchar(254) DEFAULT NULL,
  `AUTOSEQ` int(11) DEFAULT NULL,
  `AUTOSEQ02` int(11) DEFAULT NULL,
  `FK_ID_S_MARKETINGSECTION` int(11) DEFAULT NULL,
  `FK_ID_SPLD_SECTION` int(11) DEFAULT NULL,
  `FK_ID_SUBREGPHYSICALLABELDEF` int(11) NOT NULL,
  PRIMARY KEY (`ID`),
  KEY `SPLDMARKETINGSECTIONFKIDS10333` (`FK_ID_SPLD_SECTION`),
  KEY `SPLDMARKETINGSECTIONFKIDS10345` (`FK_ID_SUBREGPHYSICALLABELDEF`),
  KEY `SPLDMARKETINGSECTIONFKIDS10420` (`FK_ID_S_MARKETINGSECTION`)
) ENGINE=InnoDB DEFAULT CHARSET=utf8;
/*!40101 SET character_set_client = @saved_cs_client */;

--
-- Dumping data for table `spld_marketingsection`
--

LOCK TABLES `spld_marketingsection` WRITE;
/*!40000 ALTER TABLE `spld_marketingsection` DISABLE KEYS */;
INSERT INTO `spld_marketingsection` VALUES (2902,'optional marketing language','Marketing Title',NULL,NULL,NULL,NULL,NULL,NULL,NULL,88,NULL,6),(3263,'Germicidal Detergent',NULL,NULL,NULL,NULL,NULL,NULL,NULL,1,80,NULL,5),(3264,'For Use Areas / Surfaces',NULL,NULL,NULL,NULL,NULL,NULL,NULL,2,81,NULL,5),(3265,'For Use Areas Only','For use in:',NULL,NULL,NULL,NULL,NULL,NULL,3,82,NULL,5),(3266,'Multi-Purpose Detergent',NULL,NULL,NULL,NULL,NULL,NULL,NULL,4,83,NULL,5),(3267,'Recommended Use','Recommeded for use in:',NULL,NULL,NULL,NULL,NULL,NULL,5,84,NULL,5),(3268,'Bactericidal Claims',NULL,NULL,NULL,NULL,NULL,NULL,NULL,6,85,NULL,5),(3269,'Fungicidal',NULL,NULL,NULL,NULL,NULL,NULL,NULL,7,86,NULL,5),(3270,'Virucidal',NULL,NULL,NULL,NULL,NULL,NULL,NULL,8,87,NULL,5),(3287,'Recommended Use',NULL,NULL,NULL,NULL,NULL,NULL,NULL,1,68,NULL,9),(3288,'Areas of Use','AREAS OF USE',NULL,NULL,NULL,NULL,NULL,NULL,2,69,NULL,9),(3289,'Germicidal Detergent',NULL,NULL,NULL,NULL,NULL,NULL,NULL,3,70,NULL,9),(3290,'Bactericidal Claims',NULL,NULL,NULL,NULL,NULL,NULL,NULL,4,71,NULL,9),(3323,'Recommended Use',NULL,NULL,NULL,NULL,NULL,NULL,NULL,1,109,NULL,14),(3324,'Areas of Use','AREAS OF USE',NULL,NULL,NULL,NULL,NULL,NULL,2,110,NULL,14),(3325,'Germicidal Detergent',NULL,NULL,NULL,NULL,NULL,NULL,NULL,3,111,NULL,14),(3326,'Bactericidal Claims',NULL,NULL,NULL,NULL,NULL,NULL,NULL,4,112,NULL,14),(3351,'General Use','For use in:',NULL,NULL,NULL,NULL,NULL,NULL,1,5,NULL,18),(3352,'Recommended Use','Recommended for use in: ',NULL,NULL,NULL,NULL,NULL,NULL,2,6,NULL,18),(3353,'Germicidal Detergent',NULL,NULL,NULL,NULL,NULL,NULL,NULL,3,7,NULL,18),(3354,'General Use 2',NULL,NULL,NULL,NULL,NULL,NULL,NULL,4,8,NULL,18),(3355,'Bactericidal Claims',NULL,NULL,NULL,NULL,NULL,NULL,NULL,5,9,NULL,18),(3356,'Fungicidal',NULL,NULL,NULL,NULL,NULL,NULL,NULL,6,10,NULL,18),(3357,'Virucidal',NULL,NULL,NULL,NULL,NULL,NULL,NULL,7,11,NULL,18),(3358,'General Application','Application Areas of Use',NULL,'(Note to reviewer: The following is considered optional marketing language:)',NULL,NULL,NULL,NULL,8,12,NULL,18),(3363,'Recommended Use',NULL,NULL,NULL,NULL,NULL,NULL,NULL,1,68,NULL,4),(3364,'Areas of Use','AREAS OF USE',NULL,NULL,NULL,NULL,NULL,NULL,2,69,NULL,4),(3365,'Germicidal Detergent',NULL,NULL,NULL,NULL,NULL,NULL,NULL,3,70,NULL,4),(3366,'Bactericidal Claims',NULL,NULL,NULL,NULL,NULL,NULL,NULL,4,71,NULL,4),(3439,'Germicidal Detergent',NULL,NULL,NULL,NULL,NULL,NULL,NULL,1,80,NULL,31),(3440,'For Use Areas / Surfaces',NULL,NULL,NULL,NULL,NULL,NULL,NULL,2,81,NULL,31),(3441,'For Use Areas Only','For use in:',NULL,NULL,NULL,NULL,NULL,NULL,3,82,NULL,31),(3442,'Multi-Purpose Detergent',NULL,NULL,NULL,NULL,NULL,NULL,NULL,4,83,NULL,31),(3443,'Recommended Use','Recommeded for use in:',NULL,NULL,NULL,NULL,NULL,NULL,5,84,NULL,31),(3444,'Bactericidal Claims',NULL,NULL,NULL,NULL,NULL,NULL,NULL,6,85,NULL,31),(3445,'Fungicidal',NULL,NULL,NULL,NULL,NULL,NULL,NULL,7,86,NULL,31),(3446,'Virucidal',NULL,NULL,NULL,NULL,NULL,NULL,NULL,8,87,NULL,31),(3575,'Germicidal Detergent',NULL,NULL,NULL,NULL,NULL,NULL,NULL,1,80,NULL,56),(3576,'For Use Areas / Surfaces',NULL,NULL,NULL,NULL,NULL,NULL,NULL,2,81,NULL,56),(3577,'For Use Areas Only','For use in:',NULL,NULL,NULL,NULL,NULL,NULL,3,82,NULL,56),(3578,'Multi-Purpose Detergent',NULL,NULL,NULL,NULL,NULL,NULL,NULL,4,83,NULL,56),(3579,'Recommended Use','Recommeded for use in:',NULL,NULL,NULL,NULL,NULL,NULL,5,84,NULL,56),(3580,'Bactericidal Claims',NULL,NULL,NULL,NULL,NULL,NULL,NULL,6,85,NULL,56),(3581,'Fungicidal',NULL,NULL,NULL,NULL,NULL,NULL,NULL,7,86,NULL,56),(3582,'Virucidal',NULL,NULL,NULL,NULL,NULL,NULL,NULL,8,87,NULL,56),(3583,'Germicidal Detergent',NULL,NULL,NULL,NULL,NULL,NULL,NULL,1,292,NULL,57),(3584,'For Use Areas / Surfaces',NULL,NULL,NULL,NULL,NULL,NULL,NULL,2,293,NULL,57),(3585,'For Use Areas Only',NULL,NULL,NULL,NULL,NULL,NULL,NULL,3,294,NULL,57),(3586,'Multi-Purpose Detergent',NULL,NULL,NULL,NULL,NULL,NULL,NULL,4,295,NULL,57),(3587,'Recommended Use','Recommended for use in:',NULL,NULL,NULL,NULL,NULL,NULL,5,296,NULL,57),(3588,'Bactericidal Claims',NULL,NULL,NULL,NULL,NULL,NULL,NULL,6,297,NULL,57),(3589,'Fungicidal',NULL,NULL,NULL,NULL,NULL,NULL,NULL,7,298,NULL,57),(3590,'Virucidal',NULL,NULL,NULL,NULL,NULL,NULL,NULL,8,299,NULL,57);
/*!40000 ALTER TABLE `spld_marketingsection` ENABLE KEYS */;
UNLOCK TABLES;

--
-- Table structure for table `spld_marketingstatement`
--

DROP TABLE IF EXISTS `spld_marketingstatement`;
/*!40101 SET @saved_cs_client     = @@character_set_client */;
/*!40101 SET character_set_client = utf8 */;
CREATE TABLE `spld_marketingstatement` (
  `ID` int(11) NOT NULL,
  `TITLE` varchar(254) DEFAULT NULL,
  `z_TEXT` longtext,
  `EXCLUSIVESTATEMENTS` varchar(1) DEFAULT NULL,
  `SELECTED` varchar(1) DEFAULT NULL,
  `CONTINUATIONBREAKFLAG` varchar(1) DEFAULT NULL,
  `CONTINUATIONLEADINGTEXT` longtext,
  `CONTINUATIONTEXT` longtext,
  `AUTOSEQ` int(11) DEFAULT NULL,
  `FK_ID_S_MARKETINGSTATEMENT` int(11) DEFAULT NULL,
  `FK_ID_SPLD_MARKETINGSECTION` int(11) NOT NULL,
  PRIMARY KEY (`ID`),
  KEY `SPLDMARKETINGSTATEMENTFKI10328` (`FK_ID_S_MARKETINGSTATEMENT`),
  KEY `SPLDMARKETINGSTATEMENTFKI10336` (`FK_ID_SPLD_MARKETINGSECTION`)
) ENGINE=InnoDB DEFAULT CHARSET=utf8;
/*!40101 SET character_set_client = @saved_cs_client */;

--
-- Dumping data for table `spld_marketingstatement`
--

LOCK TABLES `spld_marketingstatement` WRITE;
/*!40000 ALTER TABLE `spld_marketingstatement` DISABLE KEYS */;
INSERT INTO `spld_marketingstatement` VALUES (2930,NULL,'Concentrate (Concentrated)\r\nNeutral (Neutral pH)\r\nDisinfects (Disinfectant)\r\nCleans (Cleaner)\r\nDeodorizes (Deodorizer)\r\n\r\nA multi-purpose, neutral pH, germicidal detergent and deodorant effective in hard water up to 400 ppm (calculated as CaCO3) in the presence of a moderate amount of soil (5% organic serum) according to the AOAC Use-dilution Test.  Disinfects, cleans, and deodorizes in one labor-saving step.\r\n\r\nRecommended for use in hospitals, nursing homes, schools, colleges, commercial and industrial institutions, office buildings, veterinary clinics, animal life science laboratories, zoos, federally inspected meat and poultry plants, equine farms, tack shops, pet shops, airports, kennels, hotels, motels, poultry farms, turkey farms, dairy farms, hog farms, breeding establishments, grooming establishments, funeral homes, and households.  Use to clean and disinfect non-medical (i.e. industrial and fire-fighting) respirators in industrial, commercial and institutional premises.\r\n\r\nDisinfects, cleans, and deodorizes the following hard nonporous inanimate surfaces: floors, walls, (non-medical) metal surfaces, (non-medical) stainless steel surfaces, glazed porcelain, plastic surfaces (such as polypropylene, polystyrene, etc.).\r\n\r\nUse [on] [to clean and disinfect] nonporous athletic mats, wrestling mats, gymnastic mats, exercise equipment and training tables.\r\nUse [on] [to clean and disinfect] nonporous personal protective safety equipment, wrestling headgear, boxing headgear, protective headgear, athletic helmets, hard hats, half mask respirators, full face breathing apparatus, gas masks, goggles, spectacles, face shields, hearing protectors, and ear muffs.  Rinse all equipment that comes in prolonged contact with skin with warm water and allow to air dry before reuse.  [Caution: Cleaning at the recommended 120F. temperature will avoid overheating and distortion of the personal safety equipment that would necessitate replacement.]',NULL,NULL,NULL,NULL,NULL,NULL,143,2902),(3291,NULL,'Germicidal Detergent and Deordorant',NULL,NULL,NULL,NULL,NULL,NULL,135,3263),(3292,NULL,'For use in: {{Area Of Use}}. Disinfects, cleans, and deodorizes the following hard nonporous\r\ninanimate surfaces: {{Surface}}, etc.).',NULL,NULL,NULL,NULL,NULL,NULL,136,3264),(3293,NULL,'For use in {{Area Of Use}}.',NULL,NULL,NULL,NULL,NULL,NULL,137,3265),(3294,NULL,'A multi-purpose germicidal detergent and deodorant effective in hard waters up to 400 ppm hard water (calculated as CaCO<sub>3</sub>) plus 5 % organic serum. Disinfects, cleans, and deodorizes in one labor saving step.',NULL,NULL,NULL,NULL,NULL,NULL,138,3266),(3295,NULL,'Federally inspected meat and poultry plants as a disinfectant agent for use in all departments. Food products and packaging materials must be removed from the room or carefully protected. Use product in accordance with its label. All surfaces must be thoroughly rinsed with potable water.',NULL,NULL,NULL,NULL,NULL,NULL,139,3267),(3296,NULL,'Bactericidal against the following pathogenic bacteria according to the AOAC Use-Dilution Test method, current edition, modified in the presence of 400 ppm synthetic hard water (calculated as CaCO<sub>3</sub>) plus 5% organic serum:',NULL,NULL,NULL,NULL,NULL,NULL,140,3268),(3297,NULL,'Fungicidal against {{Claims}} albicans according to the AOAC fungicidal test, modified in the presense of 400 ppm hard water (calculated as CaCO<sub>3</sub>) plus 5% organic serum.',NULL,NULL,NULL,NULL,NULL,NULL,141,3269),(3298,NULL,'Virucidal against {{Claims}} according to the virucidal qualification, modified in the presence of 400 ppm hard water (calculated as CaCO3) plus 5 % organic serum.',NULL,NULL,NULL,NULL,NULL,NULL,142,3270),(3315,NULL,'Recommended for use in {{Area Of Use}}. Disinfects, cleans, and deodorizes the following hard nonporous inanimate surfaces: {{Surface}}. Recommended for use in: Federally inspected meat and poultry plants as a disinfectant agent for use in all departments. Food products and packaging materials must be removed from the room or carefully protected. Use product in accordance with its label. All surfaces must be thoroughly rinsed with potable water.',NULL,NULL,NULL,NULL,NULL,NULL,124,3287),(3316,NULL,'For use on Highchairs, Sealed terra cotta, Tanning Equipment, Plastic (such as polystyrene or polypropylene), Upholstery, Floors, Refrigerators, Conductive flooring, Refrigerated storage and display equipment, Glazed enameled surfaces, Garbage cans, Bathtubs (Fiberglass), Counters (countertops), Doorknobs, Stainless steel, Coils and drain pans of air conditioning and refri, Microwave ovens, Laminated surfaces, Tanning Beds, Other hard nonporous surfaces made of:, Sealed granite, Telephones, Desks, Outdoor furniture, Woodwork, Cabinets, Chairs, Sealed terrazzo, Bathroom fixtures, Countertop laminates, Metal, Appliances, Sealed limestone, Kennel runs, Sealed slate, Glazed ceramic and Cages.',NULL,NULL,NULL,NULL,NULL,NULL,125,3288),(3317,NULL,'Germicidal Detergent and Deordorant',NULL,NULL,NULL,NULL,NULL,NULL,126,3289),(3350,NULL,'Recommended for use in {{Area Of Use}}. Disinfects, cleans, and deodorizes the following hard nonporous inanimate surfaces: {{Surface}}. Recommended for use in: Federally inspected meat and poultry plants as a disinfectant agent for use in all departments. Food products and packaging materials must be removed from the room or carefully protected. Use product in accordance with its label. All surfaces must be thoroughly rinsed with potable water.',NULL,NULL,NULL,NULL,NULL,NULL,181,3323),(3351,NULL,'For use on Highchairs, Sealed terra cotta, Tanning Equipment, Plastic (such as polystyrene or polypropylene), Upholstery, Floors, Refrigerators, Conductive flooring, Refrigerated storage and display equipment, Glazed enameled surfaces, Garbage cans, Bathtubs (Fiberglass), Counters (countertops), Doorknobs, Stainless steel, Coils and drain pans of air conditioning and refri, Microwave ovens, Laminated surfaces, Tanning Beds, Other hard nonporous surfaces made of:, Sealed granite, Telephones, Desks, Outdoor furniture, Woodwork, Cabinets, Chairs, Sealed terrazzo, Bathroom fixtures, Countertop laminates, Metal, Appliances, Sealed limestone, Kennel runs, Sealed slate, Glazed ceramic and Cages.',NULL,NULL,NULL,NULL,NULL,NULL,182,3324),(3352,NULL,'Germicidal Detergent and Deordorant',NULL,NULL,NULL,NULL,NULL,NULL,183,3325),(3393,NULL,'{{Area Of Use}}. Disinfects, cleans, and deodorizes the following hard nonporous\r\ninanimate surfaces: {{Surface}}.',NULL,NULL,NULL,NULL,NULL,NULL,22,3351),(3394,NULL,'Federally inspected meat and poultry plants as a disinfectant\r\nagent for use in all departments. Food products and packaging materials must be removed\r\nfrom the room or carefully protected. Use product in accordance with its label. All surfaces\r\nmust be thoroughly rinsed with potable water.',NULL,NULL,NULL,NULL,NULL,NULL,23,3352),(3395,NULL,'A multi-purpose germicidal detergent and deodorant effective in hard waters up to 400 ppm hard water (calculated as CaCO<sub>3</sub>) plus 5 % organic serum. Disinfects, cleans, and deodorizes in one labor saving step.',NULL,NULL,NULL,NULL,NULL,NULL,24,3353),(3396,NULL,'For use in {{Area Of Use}}. For use in households.',NULL,NULL,NULL,NULL,NULL,NULL,25,3354),(3397,NULL,'Bactericidal against the following pathogenic bacteria according to the AOAC Use-Dilution Test method, current edition, modified in the presence of 400 ppm synthetic hard water (calculated as CaCO<sub>3</sub>) plus 5% organic serum:',NULL,NULL,NULL,NULL,NULL,NULL,26,3355),(3398,NULL,'Fungicidal against Trichophyton mentagrophytes and Candida albicans according to the AOAC fungicidal test, modified in the presense of 400 ppm hard water (calculated as CaCO<sub>3</sub>) plus 5% organic serum.',NULL,NULL,NULL,NULL,NULL,NULL,27,3356),(3399,NULL,'Virucidal against {{Claim}} according to the virucidal qualification, modified in the presence of 400 ppm hard water (calculated as CaCO<sub>3</sub>) plus 5 % organic serum.',NULL,NULL,NULL,NULL,NULL,NULL,28,3357),(3400,NULL,'Concentrate (Concentrated)\r\nNeutral (Neutral pH)\r\nDisinfects (Disinfectant)\r\nCleans (Cleaner)\r\nDeodorizes (Deodorizer)',NULL,NULL,NULL,NULL,NULL,1,29,3358),(3401,NULL,'A multi-purpose, neutral pH, germicidal detergent and deodorant effective in hard water up to 400 ppm (calculated as CaCO) in the presence of a moderate amount of soil (5% organic serum) according to the AOAC Use-dilution Test. Disinfects, cleans, and deodorizes in one labor-saving step.',NULL,NULL,NULL,NULL,NULL,2,30,3358),(3402,NULL,'Recommended for use in hospitals, nursing homes, schools, colleges, commercial and industrial institutions, office buildings, veterinary clinics, animal life science laboratories, zoos, federally inspected meat and poultry plants, equine farms, tack shops, pet shops, airports, kennels, hotels, motels, poultry farms, turkey farms, dairy farms, hog farms, breeding establishments, grooming establishments, funeral homes, and households. Use to clean and disinfect non-medical (i.e. industrial and fire-fighting) respirators in industrial, commercial and institutional premises.',NULL,NULL,NULL,NULL,NULL,3,31,3358),(3403,NULL,'Disinfects, cleans, and deodorizes the following hard nonporous inanimate surfaces: floors, walls, (non-medical) metal surfaces, (non-medical)stainless steel surfaces, glazed porcelain, plastic surfaces (such as polypropylene, polystyrene, etc.).',NULL,NULL,NULL,NULL,NULL,4,32,3358),(3404,NULL,'Use [on] [to clean and disinfect] nonporous athletic mats, wrestling mats, gymnastic mats, exercise equipment and training tables.',NULL,NULL,NULL,NULL,NULL,5,33,3358),(3405,NULL,'Use [on] [to clean and disinfect] nonporous personal protective safety equipment, wrestling headgear, boxing headgear, protective headgear, athletic helmets, hard hats, half mask respirators, full face breathing apparatus, gas masks, goggles, spectacles, face shields, hearing protectors, and ear muffs. Rinse all equipment that comes in prolonged contact with skin with warm water and allow to air dry before reuse. [Caution: Cleaning at the recommended 120F. temperature will avoid overheating and distortion of the personal safety equipment that would necessitate replacement.]',NULL,NULL,NULL,NULL,NULL,6,34,3358),(3406,NULL,'Recommended for use\r\n\r\nFederally inspected meat and poultry plants on all hard, nonporous surfaces in inedible product processing areas, non-processing areas, and / or exterior areas. All surfaces must be thoroughly rinsed with potable water.</font></font></p>\r\n\r\nFederally inspected meat and poultry plants as a floor and wall cleaner for use in all departments. Food products and packaging material must be removed from the room or carefully protected. All surfaces must be thoroughly rinsed with potable water.</font></font></p>\r\n\r\nFederally inspected meat and poultry plants as a disinfectant agent for use in all departments. Food products and packaging materials must be removed from the room or carefully protected. Use product in accordance with its label. All surfaces must be thoroughly rinsed with potable water.',NULL,NULL,NULL,NULL,NULL,7,35,3358),(3407,NULL,'Recommended for use in tanning salons.',NULL,NULL,NULL,NULL,NULL,8,36,3358),(3408,NULL,'Recommended for use on [tanning beds], [and] [tanning equipment]. ',NULL,NULL,NULL,NULL,NULL,9,37,3358),(3409,NULL,'Formulation HWS-256 is effective at controlling mold and mildew odor on mattresses, pillows and shower curtains.',NULL,NULL,NULL,NULL,NULL,10,38,3358),(3410,NULL,'Formulation HWS-256 can be used in the laundry to control odors on musty bedding and linens. Test on a small inconspicuous area before using.',NULL,NULL,NULL,NULL,NULL,11,39,3358),(3411,NULL,'Formulation HWS-256 may be used on mildew stains in damp areas such as bathrooms, showers, kitchens, basements and laundry rooms.',NULL,NULL,NULL,NULL,NULL,12,40,3358),(3412,NULL,'Formulation HWS-256</strong></font><font face=\"Arial, sans-serif\"> may be used in work areas such as tool rooms and garages for odor control and light duty cleaning.',NULL,NULL,NULL,NULL,NULL,13,41,3358),(3413,NULL,'Formulation HWS-256 may be used to remove odors caused by flooding and smoke from fires.',NULL,NULL,NULL,NULL,NULL,14,42,3358),(3414,NULL,'Formulation HWS-256 leaves a clean fresh scent.',NULL,NULL,NULL,NULL,NULL,15,43,3358),(3415,NULL,'Formulation HWS-256 provides long lasting freshness against tough (pet) odors from litter boxes and pet accidents.',NULL,NULL,NULL,NULL,NULL,16,44,3358),(3419,NULL,'Recommended for use in {{Area Of Use}}. Disinfects, cleans, and deodorizes the following hard nonporous inanimate surfaces: {{Surface}}. Recommended for use in: Federally inspected meat and poultry plants as a disinfectant agent for use in all departments. Food products and packaging materials must be removed from the room or carefully protected. Use product in accordance with its label. All surfaces must be thoroughly rinsed with potable water.',NULL,NULL,NULL,NULL,NULL,NULL,NULL,3363),(3420,NULL,'For use on Highchairs, Sealed terra cotta, Tanning Equipment, Plastic (such as polystyrene or polypropylene), Upholstery, Floors, Refrigerators, Conductive flooring, Refrigerated storage and display equipment, Glazed enameled surfaces, Garbage cans, Bathtubs (Fiberglass), Counters (countertops), Doorknobs, Stainless steel, Coils and drain pans of air conditioning and refri, Microwave ovens, Laminated surfaces, Tanning Beds, Other hard nonporous surfaces made of:, Sealed granite, Telephones, Desks, Outdoor furniture, Woodwork, Cabinets, Chairs, Sealed terrazzo, Bathroom fixtures, Countertop laminates, Metal, Appliances, Sealed limestone, Kennel runs, Sealed slate, Glazed ceramic and Cages.',NULL,NULL,NULL,NULL,NULL,NULL,NULL,3364),(3421,NULL,'Germicidal Detergent and Deordorant',NULL,NULL,NULL,NULL,NULL,NULL,NULL,3365),(3494,NULL,'Germicidal Detergent and Deordorant',NULL,NULL,NULL,NULL,NULL,NULL,135,3439),(3495,NULL,'For use in: {{Area Of Use}}. Disinfects, cleans, and deodorizes the following hard nonporous\r\ninanimate surfaces: {{Surface}}, etc.).',NULL,NULL,NULL,NULL,NULL,NULL,136,3440),(3496,NULL,'For use in {{Area Of Use}}.',NULL,NULL,NULL,NULL,NULL,NULL,137,3441),(3497,NULL,'A multi-purpose germicidal detergent and deodorant effective in hard waters up to 400 ppm hard water (calculated as CaCO<sub>3</sub>) plus 5 % organic serum. Disinfects, cleans, and deodorizes in one labor saving step.',NULL,NULL,NULL,NULL,NULL,NULL,138,3442),(3498,NULL,'Federally inspected meat and poultry plants as a disinfectant agent for use in all departments. Food products and packaging materials must be removed from the room or carefully protected. Use product in accordance with its label. All surfaces must be thoroughly rinsed with potable water.',NULL,NULL,NULL,NULL,NULL,NULL,139,3443),(3499,NULL,'Bactericidal against the following pathogenic bacteria according to the AOAC Use-Dilution Test method, current edition, modified in the presence of 400 ppm synthetic hard water (calculated as CaCO<sub>3</sub>) plus 5% organic serum:',NULL,NULL,NULL,NULL,NULL,NULL,140,3444),(3500,NULL,'Fungicidal against {{Claims}} albicans according to the AOAC fungicidal test, modified in the presense of 400 ppm hard water (calculated as CaCO<sub>3</sub>) plus 5% organic serum.',NULL,NULL,NULL,NULL,NULL,NULL,141,3445),(3501,NULL,'Virucidal against {{Claims}} according to the virucidal qualification, modified in the presence of 400 ppm hard water (calculated as CaCO3) plus 5 % organic serum.',NULL,NULL,NULL,NULL,NULL,NULL,142,3446),(3630,NULL,'Germicidal Detergent and Deordorant',NULL,NULL,NULL,NULL,NULL,NULL,135,3575),(3631,NULL,'For use in: {{Area Of Use}}. Disinfects, cleans, and deodorizes the following hard nonporous\r\ninanimate surfaces: {{Surface}}, etc.).',NULL,NULL,NULL,NULL,NULL,NULL,136,3576),(3632,NULL,'For use in {{Area Of Use}}.',NULL,NULL,NULL,NULL,NULL,NULL,137,3577),(3633,NULL,'A multi-purpose germicidal detergent and deodorant effective in hard waters up to 400 ppm hard water (calculated as CaCO<sub>3</sub>) plus 5 % organic serum. Disinfects, cleans, and deodorizes in one labor saving step.',NULL,NULL,NULL,NULL,NULL,NULL,138,3578),(3634,NULL,'Federally inspected meat and poultry plants as a disinfectant agent for use in all departments. Food products and packaging materials must be removed from the room or carefully protected. Use product in accordance with its label. All surfaces must be thoroughly rinsed with potable water.',NULL,NULL,NULL,NULL,NULL,NULL,139,3579),(3635,NULL,'Bactericidal against the following pathogenic bacteria according to the AOAC Use-Dilution Test method, current edition, modified in the presence of 400 ppm synthetic hard water (calculated as CaCO<sub>3</sub>) plus 5% organic serum:',NULL,NULL,NULL,NULL,NULL,NULL,140,3580),(3636,NULL,'Fungicidal against {{Claims}} albicans according to the AOAC fungicidal test, modified in the presense of 400 ppm hard water (calculated as CaCO<sub>3</sub>) plus 5% organic serum.',NULL,NULL,NULL,NULL,NULL,NULL,141,3581),(3637,NULL,'Virucidal against {{Claims}} according to the virucidal qualification, modified in the presence of 400 ppm hard water (calculated as CaCO3) plus 5 % organic serum.',NULL,NULL,NULL,NULL,NULL,NULL,142,3582),(3638,NULL,'Germicidal Detergent and Deordorant',NULL,NULL,NULL,NULL,NULL,NULL,363,3583),(3639,NULL,'For use in: {{Area Of Use}}. Disinfects, cleans, and deodorizes the following hard nonporous\r\ninanimate surfaces: {{Surface}}, etc.).',NULL,NULL,NULL,NULL,NULL,NULL,364,3584),(3640,NULL,'For use in {{Area Of Use}}.',NULL,NULL,NULL,NULL,NULL,NULL,365,3585),(3641,NULL,'A multi-purpose germicidal detergent xxxxxxxxxxxxxxup to 400 ppm hard water (calculated as CaCO<sub>3</sub>) plus 5 % organic serum. Disinfects, cleans, and deodorizes in one labor saving step.',NULL,NULL,NULL,NULL,NULL,NULL,366,3586),(3642,NULL,'Federally inspected meat and poultry plants as a disinfectant agent for use in all departments. Food products and packaging materials must be removed from the room or carefully protected. Use product in accordance with its label. All surfaces must be thoroughly rinsed with potable water.',NULL,NULL,NULL,NULL,NULL,NULL,367,3587),(3643,NULL,'Bactericidal against the following pathogenic bacteria according to the AOAC Use-Dilution Test method, current edition, modified in the presence of 400 ppm synthetic hard water (calculated as CaCO<sub>3</sub>) plus 5% organic serum:',NULL,NULL,NULL,NULL,NULL,NULL,368,3588),(3644,NULL,'Fungicidal against {{Claims}} albicans according to the AOAC fungicidal test, modified in the presense of 400 ppm hard water (calculated as CaCO<sub>3</sub>) plus 5% organic serum.',NULL,NULL,NULL,NULL,NULL,NULL,369,3589),(3645,NULL,'Virucidal against {{Claims}} according to the virucidal qualification, modified in the presence of 400 ppm hard water (calculated as CaCO3) plus 5 % organic serum.',NULL,NULL,NULL,NULL,NULL,NULL,370,3590);
/*!40000 ALTER TABLE `spld_marketingstatement` ENABLE KEYS */;
UNLOCK TABLES;

--
-- Table structure for table `spld_section`
--

DROP TABLE IF EXISTS `spld_section`;
/*!40101 SET @saved_cs_client     = @@character_set_client */;
/*!40101 SET character_set_client = utf8 */;
CREATE TABLE `spld_section` (
  `ID` int(11) NOT NULL,
  `TSECTIONTYPE` varchar(20) DEFAULT NULL,
  `TITLEOVERRIDE` varchar(254) DEFAULT NULL,
  `TITLEPOSITION` varchar(5) DEFAULT NULL,
  `TITLECLASS` varchar(254) DEFAULT NULL,
  `SUBTITLEOVERRIDE` varchar(254) DEFAULT NULL,
  `SUBTITLEPOSITION` varchar(5) DEFAULT NULL,
  `SUBTITLECLASS` varchar(254) DEFAULT NULL,
  `STATEMENTFORMAT` varchar(5) DEFAULT NULL,
  `USAGESEPARATORCHARACTERS` varchar(254) DEFAULT NULL,
  `USAGETYPE` varchar(1) DEFAULT NULL,
  `STATEMENTCLASS` varchar(254) DEFAULT NULL,
  `KERNINGUNITS` varchar(10) DEFAULT NULL,
  `KERNINGWIDTH` double DEFAULT NULL,
  `WORDSPACINGUNITS` varchar(10) DEFAULT NULL,
  `WORDSPACINGWIDTH` double DEFAULT NULL,
  `LEADINGUNITS` varchar(10) DEFAULT NULL,
  `LEADINGHEIGHT` double DEFAULT NULL,
  PRIMARY KEY (`ID`)
) ENGINE=InnoDB DEFAULT CHARSET=utf8;
/*!40101 SET character_set_client = @saved_cs_client */;

--
-- Dumping data for table `spld_section`
--

LOCK TABLES `spld_section` WRITE;
/*!40000 ALTER TABLE `spld_section` DISABLE KEYS */;
/*!40000 ALTER TABLE `spld_section` ENABLE KEYS */;
UNLOCK TABLES;

--
-- Table structure for table `spld_storagedisposalsection`
--

DROP TABLE IF EXISTS `spld_storagedisposalsection`;
/*!40101 SET @saved_cs_client     = @@character_set_client */;
/*!40101 SET character_set_client = utf8 */;
CREATE TABLE `spld_storagedisposalsection` (
  `ID` int(11) NOT NULL,
  `NAME` varchar(254) DEFAULT NULL,
  `CONTAINERVOLUME` varchar(3) DEFAULT NULL,
  `CONTAINERTYPE` varchar(30) DEFAULT NULL,
  `SDSECTIONTYPE` varchar(20) DEFAULT NULL,
  `TITLE` varchar(254) DEFAULT NULL,
  `SUBTITLE` longtext,
  `NUMBEREACHSTATEMENT` varchar(1) DEFAULT NULL,
  `REVIEWERNOTE` longtext,
  `EXCLUSIVESTATEMENTS` varchar(1) DEFAULT NULL,
  `SELECTED` varchar(1) DEFAULT NULL,
  `CONTINUATIONBREAKFLAG` varchar(254) DEFAULT NULL,
  `AUTOSEQ` int(11) DEFAULT NULL,
  `AUTOSEQ02` int(11) DEFAULT NULL,
  `FK_ID_SPLD_SECTION` int(11) DEFAULT NULL,
  `FK_ID_SUBREGPHYSICALLABELDEF` int(11) NOT NULL,
  `FK_ID_S_STORAGEDISPOSALSECTION` int(11) DEFAULT NULL,
  PRIMARY KEY (`ID`),
  KEY `SPLDSTORAGEDISPOSALSECTIO10330` (`FK_ID_SPLD_SECTION`),
  KEY `SPLDSTORAGEDISPOSALSECTIO10342` (`FK_ID_SUBREGPHYSICALLABELDEF`),
  KEY `SPLDSTORAGEDISPOSALSECTIO10389` (`FK_ID_S_STORAGEDISPOSALSECTION`)
) ENGINE=InnoDB DEFAULT CHARSET=utf8;
/*!40101 SET character_set_client = @saved_cs_client */;

--
-- Dumping data for table `spld_storagedisposalsection`
--

LOCK TABLES `spld_storagedisposalsection` WRITE;
/*!40000 ALTER TABLE `spld_storagedisposalsection` DISABLE KEYS */;
INSERT INTO `spld_storagedisposalsection` VALUES (53,NULL,'<=1',NULL,'StorageDisposal1','STORAGE AND DISPOSAL',NULL,NULL,NULL,NULL,NULL,NULL,NULL,1,NULL,4,17),(54,NULL,'>1',NULL,'StorageDisposal1','STORAGE AND DISPOSAL',NULL,NULL,'<p>Note to reviewer: If the container size is greater than one gallon, the following Storage and Disposal directions will be used:)</p>',NULL,NULL,NULL,NULL,2,NULL,4,18),(61,NULL,NULL,NULL,NULL,'STORAGE AND DISPOSAL > 1 gallon','Do not contaminate water, food or feed by storage and disposal.',NULL,NULL,NULL,NULL,NULL,NULL,1,NULL,6,25),(62,NULL,NULL,NULL,NULL,'STORAGE AND DISPOSAL <= 1 gallon',NULL,NULL,NULL,NULL,NULL,NULL,NULL,2,NULL,6,26),(63,NULL,NULL,NULL,NULL,'STORAGE AND DISPOSAL - 2 FLUID OZ.',NULL,NULL,NULL,NULL,NULL,NULL,NULL,3,NULL,6,27),(89,NULL,'>1',NULL,'StorageDisposal1','STORAGE AND DISPOSAL',NULL,NULL,'<p>Note to reviewer: If the container size is greater than one gallon, the following Storage and Disposal directions will be used:)</p>',NULL,NULL,NULL,NULL,1,NULL,5,24),(92,NULL,'<=1',NULL,'StorageDisposal1','STORAGE AND DISPOSAL',NULL,NULL,NULL,NULL,NULL,NULL,NULL,1,NULL,9,17),(93,NULL,'>1',NULL,'StorageDisposal1','STORAGE AND DISPOSAL',NULL,NULL,'<p>Note to reviewer: If the container size is greater than one gallon, the following Storage and Disposal directions will be used:)</p>',NULL,NULL,NULL,NULL,2,NULL,9,18),(98,NULL,'<=1',NULL,'StorageDisposal1','STORAGE AND DISPOSAL',NULL,NULL,NULL,NULL,NULL,NULL,NULL,1,NULL,14,32),(99,NULL,'>1',NULL,'StorageDisposal1','STORAGE AND DISPOSAL',NULL,NULL,'<p>Note to reviewer: If the container size is greater than one gallon, the following Storage and Disposal directions will be used:)</p>',NULL,NULL,NULL,NULL,2,NULL,14,33),(104,NULL,'<=1',NULL,'StorageDisposal1','STORAGE AND DISPOSAL',NULL,NULL,'<p style=\"margin-bottom: 0in;\" align=\"JUSTIFY\">Note to reviewer: If the container size is one gallon or less, the following Storage and Disposal directions will be used:)</p>',NULL,NULL,NULL,NULL,1,NULL,18,3),(105,NULL,'>1',NULL,'StorageDisposal1','STORAGE AND DISPOSAL',NULL,NULL,'<p>Note to reviewer: If the container size is greater than one gallon, the following Storage and Disposal directions will be used:)</p>',NULL,NULL,NULL,NULL,2,NULL,18,4),(115,NULL,'>1',NULL,'StorageDisposal1','STORAGE AND DISPOSAL',NULL,NULL,'<p>Note to reviewer: If the container size is greater than one gallon, the following Storage and Disposal directions will be used:)</p>',NULL,NULL,NULL,NULL,NULL,NULL,31,24),(132,NULL,'>1',NULL,'StorageDisposal1','STORAGE AND DISPOSAL',NULL,NULL,'<p>Note to reviewer: If the container size is greater than one gallon, the following Storage and Disposal directions will be used:)</p>',NULL,NULL,NULL,NULL,NULL,NULL,56,24),(133,NULL,'>1',NULL,'StorageDisposal1','STORAGE AND DISPOSAL',NULL,NULL,'<p>Note to reviewer: If the container size is greater than one gallon, the following Storage and Disposal directions will be used:)</p>',NULL,NULL,NULL,NULL,NULL,NULL,57,63);
/*!40000 ALTER TABLE `spld_storagedisposalsection` ENABLE KEYS */;
UNLOCK TABLES;

--
-- Table structure for table `spld_storagedisposalstatement`
--

DROP TABLE IF EXISTS `spld_storagedisposalstatement`;
/*!40101 SET @saved_cs_client     = @@character_set_client */;
/*!40101 SET character_set_client = utf8 */;
CREATE TABLE `spld_storagedisposalstatement` (
  `ID` int(11) NOT NULL,
  `z_ORDER` int(11) DEFAULT NULL,
  `TITLE` varchar(254) DEFAULT NULL,
  `z_TEXT` longtext,
  `NOTFORUSETEXT` longtext,
  `NOTFORUSETYPE` varchar(2) NOT NULL,
  `EXCLUSIVESTATEMENTS` varchar(1) DEFAULT NULL,
  `SELECTED` varchar(1) DEFAULT NULL,
  `CONTINUATIONBREAKFLAG` varchar(1) DEFAULT NULL,
  `CONTINUATIONLEADINGTEXT` longtext,
  `CONTINUATIONTEXT` longtext,
  `AUTOSEQ` int(11) DEFAULT NULL,
  `FK_ID_SPLD_STORAGEDISPOSALSECTIO` int(11) NOT NULL,
  `FK_ID_S_STORAGEDISPOSALSTATEMENT` int(11) DEFAULT NULL,
  PRIMARY KEY (`ID`),
  KEY `SPLDSTORAGEDISPOSALSTATEM10353` (`FK_ID_SPLD_STORAGEDISPOSALSECTIO`),
  KEY `SPLDSTORAGEDISPOSALSTATEM10375` (`FK_ID_S_STORAGEDISPOSALSTATEMENT`)
) ENGINE=InnoDB DEFAULT CHARSET=utf8;
/*!40101 SET character_set_client = @saved_cs_client */;

--
-- Dumping data for table `spld_storagedisposalstatement`
--

LOCK TABLES `spld_storagedisposalstatement` WRITE;
/*!40000 ALTER TABLE `spld_storagedisposalstatement` DISABLE KEYS */;
INSERT INTO `spld_storagedisposalstatement` VALUES (131,NULL,NULL,'Store in original container in areas inaccessible to children. Do not reuse empty container. (Wrap and) Discard in trash or recycle.',NULL,'NA',NULL,NULL,NULL,NULL,NULL,NULL,53,41),(132,NULL,NULL,'Do not contaminate water, food, or feed by storage or disposal.',NULL,'NA',NULL,NULL,NULL,NULL,NULL,1,54,42),(133,NULL,'Pesticide Storage','Store in original container in areas inaccessible to children. Open dumping is prohibited. Do not reuse empty container.',NULL,'NA',NULL,NULL,NULL,NULL,NULL,2,54,43),(134,NULL,'Pesticide Disposal','Pesticide wastes are acutely hazardous. Improper disposal of excess pesticide, spray mixture, or rinsate is a violation of Federal law. If these wastes cannot be disposed of by use according to label instructions, contact your State Pesticide or Environmental Control Agency, or the Hazardous Waste representative at the nearest EPA Regional Office for guidance.',NULL,'NA',NULL,NULL,NULL,NULL,NULL,3,54,44),(135,NULL,'Container Disposal','(Plastic containers:) Triple rinse (or equivalent). Then offer for recycling or reconditioning, or puncture and dispose of in a sanitary landfill, or incinerate, or if allowed by state and local authorities, burn. If burned, stay out of smoke.\r\n(Fiber Drums With Liner:) Completely empty liner by shaking and tapping sides and bottom to loosen clinging particles. Empty residue into application equipment. Then dispose of liner in a sanitary landfill or by incineration if allowed by state and local authorities. If drum is contaminated and cannot by reused, dispose of in the same manner.\r\n(Metal Container:) Triple rinse (or equivalent). Then offer for recycling or reconditioning or puncture and dispose of in a sanitary landfill, or dispose of by other procedures approved by state and local authorities.\r\n(For Bag-in-Box Containers:) Completely empty bag into application equipment. Dispose of empty bag in a sanitary landfill or by incineration, or if allowed by state and local authorities by burning or dispose of by other procedures approved by state and local authorities. If burned, stay out of smoke.\r\n',NULL,'NA',NULL,NULL,NULL,NULL,NULL,4,54,45),(166,NULL,NULL,NULL,NULL,'NA',NULL,NULL,NULL,NULL,NULL,1,61,76),(167,NULL,'PESTICIDE STORAGE:','Open dumping is prohibited.  Store only in original container. Do not reuse empty container. Keep this product under locked storage sufficient to make it inaccessible to children or persons unfamiliar with its proper use.',NULL,'NA',NULL,NULL,NULL,NULL,NULL,2,61,77),(168,NULL,'Pesticide Disposal','Pesticide wastes are acutely hazardous.  Improper disposal of excess pesticide, spray mixture, or rinsate is a violation of Federal law.  If these wastes cannot be disposed of by use according to label instructions, contact your State Pesticide or Environmental Control Agency, or the Hazardous Waste representative at the nearest EPA Regional Office for guidance.',NULL,'NA',NULL,NULL,NULL,NULL,NULL,3,61,78),(169,NULL,'Container Disposal','(Plastic containers:) Triple rinse (or equivalent).  Then offer for recycling or reconditioning, or puncture and dispose of in a sanitary landfill, or incinerate, or if allowed by state and local authorities, burn.  If burned, stay out of smoke.\r\n(Fiber Drums With Liner:) Completely empty liner by shaking and tapping sides and bottom to loosen clinging particles.  Empty residue into application equipment.  Then dispose of liner in a sanitary landfill or by incineration if allowed by state and local authorities.  If drum is contaminated and cannot by reused, dispose of in the same manner.\r\n(Metal Container:) Triple rinse (or equivalent).  Then offer for recycling or reconditioning or puncture and dispose of in a sanitary landfill, or dispose of by other procedures approved by state and local authorities.\r\n(For Bag-in-Box Containers:) Completely empty bag into application equipment. Dispose of empty bag in a sanitary landfill or by incineration, or if allowed by state and local authorities by burning or dispose of by other procedures approved by state and local authorities.  If burned, stay out of smoke.',NULL,'NA',NULL,NULL,NULL,NULL,NULL,4,61,79),(170,NULL,'STORAGE AND DISPOSAL','Store in original container in areas inaccessible to children. Do not reuse empty container.  Wrap and discard in trash (or recycle).',NULL,'NA',NULL,NULL,NULL,NULL,NULL,NULL,62,80),(171,NULL,'DISPOSAL:','Do not reuse container.  Wrap and put in trash collection.',NULL,'NA',NULL,NULL,NULL,NULL,NULL,NULL,63,81),(297,NULL,'Storage and Disposal','(containers for household/residential use) Store in original container in areas inaccessible to children. Nonrefillable container. Do not reuse or refill this container. Offer for recycling if available.',NULL,'NA',NULL,NULL,NULL,NULL,NULL,1,89,71),(298,NULL,'Storage and Disposal','(containers for commercial, industrial, and institutional use) Do not contaminate water, food, or feed by storage or disposal.',NULL,'NA',NULL,NULL,NULL,NULL,NULL,2,89,72),(299,NULL,'Pesticide Disposal','Store in original container in areas inaccessible to children. Open dumping is prohibited. Do not reuse empty container.',NULL,'NA',NULL,NULL,NULL,NULL,NULL,3,89,73),(300,NULL,'Pesticide Disposal','Pesticide wastes are acutely hazardous. Improper disposal of excess pesticide, spray mixture or rinsate is a violation of Federal Law. If these wastes cannot be disposed of by use according to label instruction, contact your local State Pesticide or Environmental Control Agency, or the Hazardous Waste representative at the nearest EPA Regional Office for guidance.',NULL,'NA',NULL,NULL,'M','Pesticide wastes are acutely hazardous. Improper disposal of excess pesticide, spray mixture or rinsate is a violation of Federal Law. If these wastes cannot be disposed of by use according to label instruction, contact your local State Pesticide ','or Environmental Control Agency, or the Hazardous Waste representative at the nearest EPA Regional Office for guidance.',4,89,74),(301,NULL,'Container Handling','(Plastic containers:) Nonrefillable container. Do not reuse or refill this container. Triple rinse container (or equivalent) promptly after emptying. Triple rinse as follows: Fill container 1/4 full with water. Tip container on side and roll it back and forth, ensuring at least one complete revolution for 30 seconds. Stand container on its end and tip it back and forth several times. Turn the container over its other end and tip it back and forth several times. Follow Pesticide Disposal instructions for rinsate disposal. Repeat two more times.',NULL,'NA',NULL,NULL,NULL,NULL,NULL,5,89,75),(312,NULL,NULL,'Store in original container in areas inaccessible to children. Do not reuse empty container. (Wrap and) Discard in trash or recycle.',NULL,'NA',NULL,NULL,NULL,NULL,NULL,NULL,92,41),(313,NULL,NULL,'Do not contaminate water, food, or feed by storage or disposal.',NULL,'NA',NULL,NULL,NULL,NULL,NULL,1,93,42),(314,NULL,'Pesticide Storage','Store in original container in areas inaccessible to children. Open dumping is prohibited. Do not reuse empty container.',NULL,'NA',NULL,NULL,NULL,NULL,NULL,2,93,43),(315,NULL,'Pesticide Disposal','Pesticide wastes are acutely hazardous. Improper disposal of excess pesticide, spray mixture, or rinsate is a violation of Federal law. If these wastes cannot be disposed of by use according to label instructions, contact your State Pesticide or Environmental Control Agency, or the Hazardous Waste representative at the nearest EPA Regional Office for guidance.',NULL,'NA',NULL,NULL,NULL,NULL,NULL,3,93,44),(316,NULL,'Container Disposal','(Plastic containers:) Triple rinse (or equivalent). Then offer for recycling or reconditioning, or puncture and dispose of in a sanitary landfill, or incinerate, or if allowed by state and local authorities, burn. If burned, stay out of smoke.\r\n(Fiber Drums With Liner:) Completely empty liner by shaking and tapping sides and bottom to loosen clinging particles. Empty residue into application equipment. Then dispose of liner in a sanitary landfill or by incineration if allowed by state and local authorities. If drum is contaminated and cannot by reused, dispose of in the same manner.\r\n(Metal Container:) Triple rinse (or equivalent). Then offer for recycling or reconditioning or puncture and dispose of in a sanitary landfill, or dispose of by other procedures approved by state and local authorities.\r\n(For Bag-in-Box Containers:) Completely empty bag into application equipment. Dispose of empty bag in a sanitary landfill or by incineration, or if allowed by state and local authorities by burning or dispose of by other procedures approved by state and local authorities. If burned, stay out of smoke.\r\n',NULL,'NA',NULL,NULL,NULL,NULL,NULL,4,93,45),(337,NULL,NULL,'Store in original container in areas inaccessible to children. Do not reuse empty container. (Wrap and) Discard in trash or recycle.',NULL,'NA',NULL,NULL,NULL,NULL,NULL,NULL,98,97),(338,NULL,NULL,'Do not contaminate water, food, or feed by storage or disposal.',NULL,'NA',NULL,NULL,NULL,NULL,NULL,1,99,98),(339,NULL,'Pesticide Storage','Store in original container in areas inaccessible to children. Open dumping is prohibited. Do not reuse empty container.',NULL,'NA',NULL,NULL,NULL,NULL,NULL,2,99,99),(340,NULL,'Pesticide Disposal','Pesticide wastes are acutely hazardous. Improper disposal of excess pesticide, spray mixture, or rinsate is a violation of Federal law. If these wastes cannot be disposed of by use according to label instructions, contact your State Pesticide or Environmental Control Agency, or the Hazardous Waste representative at the nearest EPA Regional Office for guidance.',NULL,'NA',NULL,NULL,NULL,NULL,NULL,3,99,100),(341,NULL,'Container Disposal','(Plastic containers:) Triple rinse (or equivalent). Then offer for recycling or reconditioning, or puncture and dispose of in a sanitary landfill, or incinerate, or if allowed by state and local authorities, burn. If burned, stay out of smoke.\r\n(Fiber Drums With Liner:) Completely empty liner by shaking and tapping sides and bottom to loosen clinging particles. Empty residue into application equipment. Then dispose of liner in a sanitary landfill or by incineration if allowed by state and local authorities. If drum is contaminated and cannot by reused, dispose of in the same manner.\r\n(Metal Container:) Triple rinse (or equivalent). Then offer for recycling or reconditioning or puncture and dispose of in a sanitary landfill, or dispose of by other procedures approved by state and local authorities.\r\n(For Bag-in-Box Containers:) Completely empty bag into application equipment. Dispose of empty bag in a sanitary landfill or by incineration, or if allowed by state and local authorities by burning or dispose of by other procedures approved by state and local authorities. If burned, stay out of smoke.\r\n',NULL,'NA',NULL,NULL,NULL,NULL,NULL,4,99,101),(357,NULL,NULL,'Store in original container in areas inaccessible to children. Do not reuse empty container. (Wrap and) Discard in trash or recycle.',NULL,'NA',NULL,NULL,NULL,NULL,NULL,NULL,104,6),(358,NULL,NULL,'Do not contaminate water, food, or feed by storage or disposal.',NULL,'NA',NULL,NULL,NULL,NULL,NULL,1,105,7),(359,NULL,'Pesticide Storage','Store in original container in areas inaccessible to children. Open dumping is prohibited. Do not reuse empty container.',NULL,'NA',NULL,NULL,NULL,NULL,NULL,2,105,8),(360,NULL,'Pesticide Disposal','Pesticide wastes are acutely hazardous. Improper disposal of excess pesticide, spray mixture, or rinsate is a violation of Federal law. If these wastes cannot be disposed of by use according to label instructions, contact your State Pesticide or Environmental Control Agency, or the Hazardous Waste representative at the nearest EPA Regional Office for guidance.',NULL,'NA',NULL,NULL,NULL,NULL,NULL,3,105,9),(361,NULL,'Container Disposal','(Plastic containers:) Triple rinse (or equivalent). Then offer for recycling or reconditioning, or puncture and dispose of in a sanitary landfill, or incinerate, or if allowed by state and local authorities, burn. If burned, stay out of smoke.\r\n(Fiber Drums With Liner:) Completely empty liner by shaking and tapping sides and bottom to loosen clinging particles. Empty residue into application equipment. Then dispose of liner in a sanitary landfill or by incineration if allowed by state and local authorities. If drum is contaminated and cannot by reused, dispose of in the same manner.\r\n(Metal Container:) Triple rinse (or equivalent). Then offer for recycling or reconditioning or puncture and dispose of in a sanitary landfill, or dispose of by other procedures approved by state and local authorities.\r\n(For Bag-in-Box Containers:) Completely empty bag into application equipment. Dispose of empty bag in a sanitary landfill or by incineration, or if allowed by state and local authorities by burning or dispose of by other procedures approved by state and local authorities. If burned, stay out of smoke.\r\n',NULL,'NA',NULL,NULL,NULL,NULL,NULL,4,105,10),(407,NULL,'Storage and Disposal','(containers for household/residential use) Store in original container in areas inaccessible to children. Nonrefillable container. Do not reuse or refill this container. Offer for recycling if available.',NULL,'NA',NULL,NULL,NULL,NULL,NULL,1,115,71),(408,NULL,'Storage and Disposal','(containers for commercial, industrial, and institutional use) Do not contaminate water, food, or feed by storage or disposal.',NULL,'NA',NULL,NULL,NULL,NULL,NULL,2,115,72),(409,NULL,'Pesticide Disposal','Store in original container in areas inaccessible to children. Open dumping is prohibited. Do not reuse empty container.',NULL,'NA',NULL,NULL,NULL,NULL,NULL,3,115,73),(410,NULL,'Pesticide Disposal','Pesticide wastes are acutely hazardous. Improper disposal of excess pesticide, spray mixture or rinsate is a violation of Federal Law. If these wastes cannot be disposed of by use according to label instruction, contact your local State Pesticide or Environmental Control Agency, or the Hazardous Waste representative at the nearest EPA Regional Office for guidance.',NULL,'NA',NULL,NULL,'M','Pesticide wastes are acutely hazardous. Improper disposal of excess pesticide, spray mixture or rinsate is a violation of Federal Law. If these wastes cannot be disposed of by use according to label instruction, contact your local State Pesticide ','or Environmental Control Agency, or the Hazardous Waste representative at the nearest EPA Regional Office for guidance.',4,115,74),(411,NULL,'Container Handling','(Plastic containers:) Nonrefillable container. Do not reuse or refill this container. Triple rinse container (or equivalent) promptly after emptying. Triple rinse as follows: Fill container 1/4 full with water. Tip container on side and roll it back and forth, ensuring at least one complete revolution for 30 seconds. Stand container on its end and tip it back and forth several times. Turn the container over its other end and tip it back and forth several times. Follow Pesticide Disposal instructions for rinsate disposal. Repeat two more times.',NULL,'NA',NULL,NULL,NULL,NULL,NULL,5,115,75),(492,NULL,'Storage and Disposal','(containers for household/residential use) Store in original container in areas inaccessible to children. Nonrefillable container. Do not reuse or refill this container. Offer for recycling if available.',NULL,'NA',NULL,NULL,NULL,NULL,NULL,1,132,71),(493,NULL,'Storage and Disposal','(containers for commercial, industrial, and institutional use) Do not contaminate water, food, or feed by storage or disposal.',NULL,'NA',NULL,NULL,NULL,NULL,NULL,2,132,72),(494,NULL,'Pesticide Disposal','Store in original container in areas inaccessible to children. Open dumping is prohibited. Do not reuse empty container.',NULL,'NA',NULL,NULL,NULL,NULL,NULL,3,132,73),(495,NULL,'Pesticide Disposal','Pesticide wastes are acutely hazardous. Improper disposal of excess pesticide, spray mixture or rinsate is a violation of Federal Law. If these wastes cannot be disposed of by use according to label instruction, contact your local State Pesticide or Environmental Control Agency, or the Hazardous Waste representative at the nearest EPA Regional Office for guidance.',NULL,'NA',NULL,NULL,'M','Pesticide wastes are acutely hazardous. Improper disposal of excess pesticide, spray mixture or rinsate is a violation of Federal Law. If these wastes cannot be disposed of by use according to label instruction, contact your local State Pesticide ','or Environmental Control Agency, or the Hazardous Waste representative at the nearest EPA Regional Office for guidance.',4,132,74),(496,NULL,'Container Handling','(Plastic containers:) Nonrefillable container. Do not reuse or refill this container. Triple rinse container (or equivalent) promptly after emptying. Triple rinse as follows: Fill container 1/4 full with water. Tip container on side and roll it back and forth, ensuring at least one complete revolution for 30 seconds. Stand container on its end and tip it back and forth several times. Turn the container over its other end and tip it back and forth several times. Follow Pesticide Disposal instructions for rinsate disposal. Repeat two more times.',NULL,'NA',NULL,NULL,NULL,NULL,NULL,5,132,75),(497,NULL,'Storage and Disposal','(containers for household/residential use) Store in original container in areas inaccessible to children. Nonrefillable container. Do not reuse or refill this container. Offer for recycling if available.',NULL,'NA',NULL,NULL,NULL,NULL,NULL,1,133,247),(498,NULL,'Storage and Disposal','(containers for commercial, industrial, and institutional use) Do not contaminate water, food, or feed by storage or disposal.',NULL,'NA',NULL,NULL,NULL,NULL,NULL,2,133,248),(499,NULL,'Pesticide Disposal','Store in original container in areas inaccessible to children. Open dumping is prohibited. Do not reuse empty container.',NULL,'NA',NULL,NULL,NULL,NULL,NULL,3,133,249),(500,NULL,'Pesticide Disposal','Pesticide wastes are acutely hazardous. Improper disposal of excess pesticide, spray mixture or rinsate is a violation of Federal Law. If these wastes cannot be disposed of by use according to label instruction, contact your local State Pesticide or Environmental Control Agency, or the Hazardous Waste representative at the nearest EPA Regional Office for guidance.',NULL,'NA',NULL,NULL,NULL,NULL,NULL,4,133,250),(501,NULL,'Container Handling','(Plastic containers:) Nonrefillable container. Do not reuse or refill this container. Triple rinse container (or equivalent) promptly after emptying. Triple rinse as follows: Fill container 1/4 full with water. Tip container on side and roll it back and forth, ensuring at least one complete revolution for 30 seconds. Stand container on its end and tip it back and forth several times. Turn the container over its other end and tip it back and forth several times. Follow Pesticide Disposal instructions for rinsate disposal. Repeat two more times.',NULL,'NA',NULL,NULL,NULL,NULL,NULL,5,133,251);
/*!40000 ALTER TABLE `spld_storagedisposalstatement` ENABLE KEYS */;
UNLOCK TABLES;

--
-- Table structure for table `spld_usage`
--

DROP TABLE IF EXISTS `spld_usage`;
/*!40101 SET @saved_cs_client     = @@character_set_client */;
/*!40101 SET character_set_client = utf8 */;
CREATE TABLE `spld_usage` (
  `ID` int(11) NOT NULL,
  `USAGETYPE` varchar(1) NOT NULL,
  `CLAIMSCLASSIFICATION` varchar(16) DEFAULT NULL,
  `NAME` varchar(254) NOT NULL,
  `REVIEWERNOTE` longtext,
  `SELECTED` varchar(1) DEFAULT NULL,
  `AUTOSEQ` int(11) DEFAULT NULL,
  `FK_ID_SPLD_USAGE` int(11) DEFAULT NULL,
  `FK_ID_SUBREGPHYSICALLABELDEF` int(11) DEFAULT NULL,
  `FK_ID_S_USAGE` int(11) DEFAULT NULL,
  `FK_ID_SPLD_USAGETYPE` int(11) DEFAULT NULL,
  PRIMARY KEY (`ID`),
  KEY `SPLDUSAGEFKIDSUBREGPHYSIC10346` (`FK_ID_SUBREGPHYSICALLABELDEF`),
  KEY `SPLD_USAGE_FK_ID_S_USAGE_10349` (`FK_ID_S_USAGE`),
  KEY `SPLDUSAGEFKIDSPLDUSAGETYP41594` (`FK_ID_SPLD_USAGETYPE`),
  KEY `SPLD_USAGE_FK_ID_SPLD_USAGE_16569` (`FK_ID_SPLD_USAGE`)
) ENGINE=InnoDB DEFAULT CHARSET=utf8;
/*!40101 SET character_set_client = @saved_cs_client */;

--
-- Dumping data for table `spld_usage`
--

LOCK TABLES `spld_usage` WRITE;
/*!40000 ALTER TABLE `spld_usage` DISABLE KEYS */;
INSERT INTO `spld_usage` VALUES (4638,'S',NULL,'Cages',NULL,NULL,NULL,NULL,4,NULL,NULL),(4639,'S',NULL,'Counters (countertops)',NULL,NULL,NULL,NULL,4,NULL,NULL),(4640,'S',NULL,'Floors',NULL,NULL,NULL,NULL,4,NULL,NULL),(4641,'S',NULL,'Glazed ceramic',NULL,NULL,NULL,NULL,4,NULL,NULL),(4642,'S',NULL,'Glazed enameled surfaces',NULL,NULL,NULL,NULL,4,NULL,NULL),(4643,'S',NULL,'Kennel runs',NULL,NULL,NULL,NULL,4,NULL,NULL),(4644,'S',NULL,'Non-medical metal surfaces',NULL,NULL,NULL,NULL,4,NULL,NULL),(4645,'S',NULL,'Non-medical stainless steel surfaces',NULL,NULL,NULL,NULL,4,NULL,NULL),(4646,'S',NULL,'Other hard nonporous surfaces made of:',NULL,NULL,NULL,NULL,4,NULL,NULL),(4647,'S',NULL,'Plastic (such as polystyrene or polypropylene)',NULL,NULL,NULL,NULL,4,NULL,NULL),(4648,'S',NULL,'Appliances',NULL,NULL,11,NULL,4,NULL,NULL),(4649,'S',NULL,'Stainless steel',NULL,NULL,NULL,NULL,4,NULL,NULL),(4650,'S',NULL,'Bathroom fixtures',NULL,NULL,13,NULL,4,NULL,NULL),(4651,'S',NULL,'Tanning Beds',NULL,NULL,NULL,NULL,4,NULL,NULL),(4652,'S',NULL,'Bathtubs (Fiberglass)',NULL,NULL,15,NULL,4,NULL,NULL),(4653,'S',NULL,'Cabinets',NULL,NULL,16,NULL,4,NULL,NULL),(4654,'S',NULL,'Chairs',NULL,NULL,17,NULL,4,NULL,NULL),(4655,'S',NULL,'Walls',NULL,NULL,NULL,NULL,4,NULL,NULL),(4656,'S',NULL,'Coils and drain pans of air conditioning and refrigeration equipment and heat pumps',NULL,NULL,19,NULL,4,NULL,NULL),(4657,'S',NULL,'Conductive flooring',NULL,NULL,20,NULL,4,NULL,NULL),(4658,'S',NULL,'Countertop laminates',NULL,NULL,21,NULL,4,NULL,NULL),(4659,'S',NULL,'Desks',NULL,NULL,22,NULL,4,NULL,NULL),(4660,'S',NULL,'Doorknobs',NULL,NULL,23,NULL,4,NULL,NULL),(4661,'S',NULL,'Garbage cans',NULL,NULL,24,NULL,4,NULL,NULL),(4662,'L',NULL,'Animal Care',NULL,NULL,NULL,NULL,4,NULL,NULL),(4663,'L',NULL,'Animal Laboratories',NULL,NULL,NULL,NULL,4,NULL,NULL),(4664,'S',NULL,'Highchairs',NULL,NULL,27,NULL,4,NULL,NULL),(4665,'S',NULL,'Laminated surfaces',NULL,NULL,28,NULL,4,NULL,NULL),(4666,'L',NULL,'Athletic Facilities',NULL,NULL,NULL,NULL,4,NULL,NULL),(4667,'S',NULL,'Metal',NULL,NULL,30,NULL,4,NULL,NULL),(4668,'S',NULL,'Microwave ovens',NULL,NULL,31,NULL,4,NULL,NULL),(4669,'L',NULL,'Bathrooms',NULL,NULL,NULL,NULL,4,NULL,NULL),(4670,'S',NULL,'Outdoor furniture',NULL,NULL,33,NULL,4,NULL,NULL),(4671,'S',NULL,'Refrigerated storage and display equipment',NULL,NULL,34,NULL,4,NULL,NULL),(4672,'S',NULL,'Refrigerators',NULL,NULL,35,NULL,4,NULL,NULL),(4673,'S',NULL,'Sealed granite',NULL,NULL,36,NULL,4,NULL,NULL),(4674,'S',NULL,'Sealed limestone',NULL,NULL,37,NULL,4,NULL,NULL),(4675,'S',NULL,'Sealed marble',NULL,NULL,38,NULL,4,NULL,NULL),(4676,'S',NULL,'Sealed slate',NULL,NULL,39,NULL,4,NULL,NULL),(4677,'S',NULL,'Sealed stone',NULL,NULL,40,NULL,4,NULL,NULL),(4678,'S',NULL,'Sealed terra cotta',NULL,NULL,41,NULL,4,NULL,NULL),(4679,'S',NULL,'Sealed terrazzo',NULL,NULL,42,NULL,4,NULL,NULL),(4680,'L',NULL,'Correctional Facilities',NULL,NULL,NULL,NULL,4,NULL,NULL),(4681,'L',NULL,'Dairy Farms',NULL,NULL,NULL,NULL,4,NULL,NULL),(4682,'S',NULL,'Tanning Equipment',NULL,NULL,45,NULL,4,NULL,NULL),(4683,'S',NULL,'Telephones',NULL,NULL,46,NULL,4,NULL,NULL),(4684,'S',NULL,'Upholstery',NULL,NULL,47,NULL,4,NULL,NULL),(4685,'L',NULL,'Equine Farms',NULL,NULL,NULL,NULL,4,NULL,NULL),(4686,'S',NULL,'Woodwork',NULL,NULL,49,NULL,4,NULL,NULL),(4687,'T',NULL,'Algaecide',NULL,NULL,50,NULL,4,NULL,NULL),(4688,'T',NULL,'Disinfectant',NULL,NULL,51,NULL,4,NULL,NULL),(4689,'L',NULL,'Farms',NULL,NULL,NULL,NULL,4,NULL,NULL),(4690,'T',NULL,'Fungicide',NULL,NULL,53,NULL,4,NULL,NULL),(4691,'T',NULL,'General Purpose Anti-microbial',NULL,NULL,54,NULL,4,NULL,NULL),(4692,'L',NULL,'Zoos',NULL,NULL,NULL,NULL,4,NULL,NULL),(4693,'T',NULL,'Sanitizer',NULL,NULL,56,NULL,4,NULL,NULL),(4694,'T',NULL,'Tuberculocide',NULL,NULL,57,NULL,4,NULL,NULL),(4695,'T',NULL,'Viruscide',NULL,NULL,58,NULL,4,NULL,NULL),(4696,'C','Bacteria','(1)  ATCC and antibiotic-resistant strain',NULL,NULL,NULL,NULL,4,NULL,NULL),(4697,'L',NULL,'Airplanes',NULL,NULL,60,NULL,4,NULL,NULL),(4698,'L',NULL,'Airports',NULL,NULL,61,NULL,4,NULL,NULL),(4699,'L',NULL,'Health Care Facilities',NULL,NULL,NULL,NULL,4,NULL,NULL),(4700,'L',NULL,'Animal Life Science Laboratories',NULL,NULL,63,NULL,4,NULL,NULL),(4701,'L',NULL,'Hog Farms',NULL,NULL,NULL,NULL,4,NULL,NULL),(4702,'L',NULL,'Automotive Industy',NULL,NULL,65,NULL,4,NULL,NULL),(4703,'L',NULL,'Barber Shops',NULL,NULL,66,NULL,4,NULL,NULL),(4704,'L',NULL,'Hospitals',NULL,NULL,NULL,NULL,4,NULL,NULL),(4705,'L',NULL,'Bars',NULL,NULL,68,NULL,4,NULL,NULL),(4706,'L',NULL,'Beverage Plants',NULL,NULL,69,NULL,4,NULL,NULL),(4707,'L',NULL,'Boats',NULL,NULL,70,NULL,4,NULL,NULL),(4708,'L',NULL,'Breeding and Grooming Establishments',NULL,NULL,71,NULL,4,NULL,NULL),(4709,'L',NULL,'Kennels',NULL,NULL,NULL,NULL,4,NULL,NULL),(4710,'L',NULL,'Breweries',NULL,NULL,73,NULL,4,NULL,NULL),(4711,'L',NULL,'Buses',NULL,NULL,74,NULL,4,NULL,NULL),(4712,'L',NULL,'Kitchens',NULL,NULL,NULL,NULL,4,NULL,NULL),(4713,'L',NULL,'Business and Office Buildings',NULL,NULL,76,NULL,4,NULL,NULL),(4714,'L',NULL,'Cafeterias',NULL,NULL,77,NULL,4,NULL,NULL),(4715,'L',NULL,'Camp Grounds',NULL,NULL,78,NULL,4,NULL,NULL),(4716,'L',NULL,'Campers',NULL,NULL,79,NULL,4,NULL,NULL),(4717,'L',NULL,'Carpeting',NULL,NULL,80,NULL,4,NULL,NULL),(4718,'L',NULL,'Cars',NULL,NULL,81,NULL,4,NULL,NULL),(4719,'L',NULL,'Mortuaries',NULL,NULL,NULL,NULL,4,NULL,NULL),(4720,'L',NULL,'Citus Plants ',NULL,NULL,83,NULL,4,NULL,NULL),(4721,'L',NULL,'Colleges',NULL,NULL,84,NULL,4,NULL,NULL),(4722,'L',NULL,'Commercial Institutions',NULL,NULL,85,NULL,4,NULL,NULL),(4723,'L',NULL,'Convenience Stores',NULL,NULL,86,NULL,4,NULL,NULL),(4724,'L',NULL,'Pet Animal Quarters',NULL,NULL,NULL,NULL,4,NULL,NULL),(4725,'L',NULL,'Pet Shops',NULL,NULL,NULL,NULL,4,NULL,NULL),(4726,'L',NULL,'Day Care Centers',NULL,NULL,89,NULL,4,NULL,NULL),(4727,'L',NULL,'Dental Offices',NULL,NULL,90,NULL,4,NULL,NULL),(4728,'L',NULL,'Emergency Vehicles',NULL,NULL,91,NULL,4,NULL,NULL),(4729,'L',NULL,'Poultry Farms',NULL,NULL,NULL,NULL,4,NULL,NULL),(4730,'L',NULL,'Factories',NULL,NULL,93,NULL,4,NULL,NULL),(4731,'L',NULL,'Poultry Plants',NULL,NULL,NULL,NULL,4,NULL,NULL),(4732,'L',NULL,'Federally Inspected Meat and Poultry Plants',NULL,NULL,95,NULL,4,NULL,NULL),(4733,'C','Fungi','Aspergillus niger',NULL,NULL,NULL,NULL,4,NULL,NULL),(4734,'L',NULL,'Food Processing Plants',NULL,NULL,97,NULL,4,NULL,NULL),(4735,'L',NULL,'Public Rest Rooms',NULL,NULL,NULL,NULL,4,NULL,NULL),(4736,'C','Fungi','Candida albicans',NULL,NULL,NULL,NULL,4,NULL,NULL),(4737,'L',NULL,'Food Storage Areas',NULL,NULL,100,NULL,4,NULL,NULL),(4738,'C','Fungi','Trichophyton mentagrophytes [Athlete\'s Foot Fungus]',NULL,NULL,NULL,NULL,4,NULL,NULL),(4739,'L',NULL,'Funeral Homes',NULL,NULL,102,NULL,4,NULL,NULL),(4740,'C','Fungi','[a cause of Ringworm] [a cause of Ringworm of the foot]',NULL,NULL,NULL,NULL,4,NULL,NULL),(4741,'C','Bacteria','(2)  antibiotic-resistant strain only',NULL,NULL,NULL,NULL,4,NULL,NULL),(4742,'L',NULL,'Homes (Households)',NULL,NULL,105,NULL,4,NULL,NULL),(4743,'C','Bacteria','Acinetobacter calcoaceticus',NULL,NULL,NULL,NULL,4,NULL,NULL),(4744,'C','Bacteria','Bordetella bronchiseptica',NULL,NULL,NULL,NULL,4,NULL,NULL),(4745,'L',NULL,'Hotels',NULL,NULL,108,NULL,4,NULL,NULL),(4746,'L',NULL,'Tack Shops',NULL,NULL,NULL,NULL,4,NULL,NULL),(4747,'C','Bacteria','Chlamydia psittaci',NULL,NULL,NULL,NULL,4,NULL,NULL),(4748,'L',NULL,'Industrial Institutions',NULL,NULL,111,NULL,4,NULL,NULL),(4749,'C','Bacteria','Enterobacter aerogenes',NULL,NULL,NULL,NULL,4,NULL,NULL),(4750,'L',NULL,'Institutional Facilities',NULL,NULL,113,NULL,4,NULL,NULL),(4751,'C','Bacteria','Enterobacter cloacae',NULL,NULL,NULL,NULL,4,NULL,NULL),(4752,'L',NULL,'Institutional Kitchens',NULL,NULL,115,NULL,4,NULL,NULL),(4753,'C','Bacteria','Enterococcus faecalis- Vancomycin Resistant (VRE)',NULL,NULL,NULL,NULL,4,NULL,NULL),(4754,'L',NULL,'Institutions',NULL,NULL,117,NULL,4,NULL,NULL),(4755,'C','Bacteria','Escherichia coli<sub> (1)</sub>',NULL,NULL,NULL,NULL,4,NULL,NULL),(4756,'L',NULL,'Turkey Farms',NULL,NULL,NULL,NULL,4,NULL,NULL),(4757,'C','Bacteria','Fusobacterium necrophorum',NULL,NULL,NULL,NULL,4,NULL,NULL),(4758,'C','Bacteria','Kiebsiella pneumoniae<sub> (1)</sub>',NULL,NULL,NULL,NULL,4,NULL,NULL),(4759,'L',NULL,'Laundry Industry',NULL,NULL,122,NULL,4,NULL,NULL),(4760,'L',NULL,'Verterinary Clinics',NULL,NULL,NULL,NULL,4,NULL,NULL),(4761,'C','Bacteria','Legionella pneumophilia',NULL,NULL,NULL,NULL,4,NULL,NULL),(4762,'L',NULL,'Locker Rooms',NULL,NULL,125,NULL,4,NULL,NULL),(4763,'L',NULL,'Veterinary Practice',NULL,NULL,NULL,NULL,4,NULL,NULL),(4764,'C','Bacteria','Listeria monocytogenes',NULL,NULL,NULL,NULL,4,NULL,NULL),(4765,'L',NULL,'Medical Clinics',NULL,NULL,128,NULL,4,NULL,NULL),(4766,'C','Bacteria','Pasteurella multocida ',NULL,NULL,NULL,NULL,4,NULL,NULL),(4767,'L',NULL,'Medical Offices',NULL,NULL,130,NULL,4,NULL,NULL),(4768,'C','Bacteria','Proteus mirabilis',NULL,NULL,NULL,NULL,4,NULL,NULL),(4769,'L',NULL,'Mobile Homes',NULL,NULL,132,NULL,4,NULL,NULL),(4770,'C','Bacteria','Proteus vulgaris',NULL,NULL,NULL,NULL,4,NULL,NULL),(4771,'L',NULL,'Morgues',NULL,NULL,134,NULL,4,NULL,NULL),(4772,'C','Bacteria','Pseudomonas aeruginosa<sub> (1)</sub>',NULL,NULL,NULL,NULL,4,NULL,NULL),(4773,'C','Bacteria','Salmonella choleraesuis',NULL,NULL,NULL,NULL,4,NULL,NULL),(4774,'L',NULL,'Motels',NULL,NULL,137,NULL,4,NULL,NULL),(4775,'C','Bacteria','Salmonella enteritidis',NULL,NULL,NULL,NULL,4,NULL,NULL),(4776,'L',NULL,'Mushroom Farms',NULL,NULL,139,NULL,4,NULL,NULL),(4777,'C','Bacteria','Salmonella typhi',NULL,NULL,NULL,NULL,4,NULL,NULL),(4778,'L',NULL,'Nurseries',NULL,NULL,141,NULL,4,NULL,NULL),(4779,'C','Bacteria','Salmonella typhimurium',NULL,NULL,NULL,NULL,4,NULL,NULL),(4780,'L',NULL,'Nursing Homes',NULL,NULL,143,NULL,4,NULL,NULL),(4781,'C','Bacteria','Serratia marcescens',NULL,NULL,NULL,NULL,4,NULL,NULL),(4782,'L',NULL,'Office Buildings',NULL,NULL,145,NULL,4,NULL,NULL),(4783,'C','Bacteria','Shigella fiexneri',NULL,NULL,NULL,NULL,4,NULL,NULL),(4784,'C','Bacteria','Shigella sonnei',NULL,NULL,NULL,NULL,4,NULL,NULL),(4785,'C','Bacteria','Staphylococcus aureus- Methicillin resistant (MRSA)',NULL,NULL,NULL,NULL,4,NULL,NULL),(4786,'L',NULL,'Playground Equipment',NULL,NULL,149,NULL,4,NULL,NULL),(4787,'C','Bacteria','Staphylococcus aureus- Vancomycin Intermediate Resistant (VISA)',NULL,NULL,NULL,NULL,4,NULL,NULL),(4788,'C','Bacteria','Staphylococcus aureus<sub> (1)</sub>',NULL,NULL,NULL,NULL,4,NULL,NULL),(4789,'C','Bacteria','Staphylococcus epidermidis<sub> (2)</sub>',NULL,NULL,NULL,NULL,4,NULL,NULL),(4790,'L',NULL,'Prisons',NULL,NULL,153,NULL,4,NULL,NULL),(4791,'C','Bacteria','Streptococcus faecalis<sub> (1)</sub>',NULL,NULL,NULL,NULL,4,NULL,NULL),(4792,'L',NULL,'Protective Safety Gear',NULL,NULL,155,NULL,4,NULL,NULL),(4793,'L',NULL,'Whirlpool and Foot Spa Use',NULL,NULL,156,NULL,4,NULL,NULL),(4794,'L',NULL,'Public Facilities',NULL,NULL,157,NULL,4,NULL,NULL),(4795,'L',NULL,'Recreational Vehicle Use',NULL,NULL,158,NULL,4,NULL,NULL),(4796,'L',NULL,'Restaurants',NULL,NULL,159,NULL,4,NULL,NULL),(4797,'L',NULL,'Salons (Beauty)',NULL,NULL,160,NULL,4,NULL,NULL),(4798,'L',NULL,'Schools',NULL,NULL,161,NULL,4,NULL,NULL),(4799,'L',NULL,'Ships',NULL,NULL,162,NULL,4,NULL,NULL),(4800,'L',NULL,'Shower and Bath Areas',NULL,NULL,163,NULL,4,NULL,NULL),(4801,'L',NULL,'Tanning Salons',NULL,NULL,164,NULL,4,NULL,NULL),(4802,'L',NULL,'Taxis',NULL,NULL,165,NULL,4,NULL,NULL),(4803,'L',NULL,'Trailers',NULL,NULL,166,NULL,4,NULL,NULL),(4804,'L',NULL,'Trains',NULL,NULL,167,NULL,4,NULL,NULL),(4805,'L',NULL,'Transportation Terminals',NULL,NULL,168,NULL,4,NULL,NULL),(4806,'L',NULL,'USDA Inspected Food Processing Facilities',NULL,NULL,169,NULL,4,NULL,NULL),(56403,'C','Bacteria','Pseudomonas aeruginosa',NULL,NULL,1,NULL,6,1207,NULL),(56404,'C','Bacteria','Escherichia coli',NULL,NULL,2,NULL,6,1208,NULL),(56405,'C','Bacteria','Kiebsiella pneumoniae',NULL,NULL,3,NULL,6,1209,NULL),(56406,'C','Bacteria','Streptococcus faecalis',NULL,NULL,4,NULL,6,1210,NULL),(56407,'C','Bacteria','Staphylococcus aureus',NULL,NULL,5,NULL,6,1211,NULL),(56408,'C','Bacteria','Staphylococcus epidermidis',NULL,NULL,6,NULL,6,1212,NULL),(56409,'C','Viruses','*Adenovirus Type 4',NULL,NULL,7,NULL,6,1213,NULL),(56410,'C','Viruses','*Hepatitis B Virus (HBV)',NULL,NULL,8,NULL,6,1214,NULL),(56411,'C','Viruses','*Hepatitis C Virus (HCV)',NULL,NULL,9,NULL,6,1215,NULL),(56412,'C','Viruses','*Herpes Simplex Type 1',NULL,NULL,10,NULL,6,1216,NULL),(56413,'C','Viruses','*Herpes Simplex Type 2',NULL,NULL,11,NULL,6,1217,NULL),(56414,'C','Viruses','*Human coronavirus ',NULL,NULL,12,NULL,6,1218,NULL),(56415,'C','Viruses','*HIV-1 (AIDS virus)',NULL,NULL,13,NULL,6,1219,NULL),(56416,'C','Viruses','*Influenza A/ Hong Kong',NULL,NULL,14,NULL,6,1220,NULL),(56417,'C','Viruses','*Respiratory Syncytial Virus (RSV)',NULL,NULL,15,NULL,6,1221,NULL),(56418,'C','Viruses','*Rubella (German Measles)',NULL,NULL,16,NULL,6,1222,NULL),(56419,'C','Viruses','*Vaccinia [Pox virus]',NULL,NULL,17,NULL,6,1223,NULL),(56420,'C','Viruses','*Avian polyomavirus',NULL,NULL,18,NULL,6,1224,NULL),(56421,'C','Viruses','*Canine distemper',NULL,NULL,19,NULL,6,1225,NULL),(56422,'C','Viruses','*Canine parvovirus- at 2 oz. per gallon',NULL,NULL,20,NULL,6,1226,NULL),(56423,'C','Viruses','*Feline leukemia',NULL,NULL,21,NULL,6,1227,NULL),(56424,'C','Viruses','*Feline picomavirus',NULL,NULL,22,NULL,6,1228,NULL),(56425,'C','Viruses','*Infectious bovine rhinotracheitis',NULL,NULL,23,NULL,6,1229,NULL),(56426,'C','Viruses','*Infectious bronchitis (Avian IBV)',NULL,NULL,24,NULL,6,1230,NULL),(56427,'C','Viruses','*Pseudorabies (PRV)',NULL,NULL,25,NULL,6,1231,NULL),(56428,'C','Viruses','*Rabies',NULL,NULL,26,NULL,6,1232,NULL),(56429,'C','Fungi','Aspergillus niger',NULL,NULL,27,NULL,6,1233,NULL),(56430,'C','Fungi','Candida albicans',NULL,NULL,28,NULL,6,1234,NULL),(56431,'C','Fungi','Trichophyton mentagrophytes [Athlete\'s Foot Fungus]',NULL,NULL,29,NULL,6,1235,NULL),(56432,'C','Bacteria','Acinetobacter calcoaceticus',NULL,NULL,30,NULL,6,1236,NULL),(56433,'C','Bacteria','Bordetella bronchiseptica',NULL,NULL,31,NULL,6,1237,NULL),(56434,'C','Bacteria','Chlamydia psittaci',NULL,NULL,32,NULL,6,1238,NULL),(56435,'C','Bacteria','Enterobacter aerogenes',NULL,NULL,33,NULL,6,1239,NULL),(56436,'C','Bacteria','Enterobacter cloacae',NULL,NULL,34,NULL,6,1240,NULL),(56437,'C','Bacteria','Enterococcus faecalis- Vancomycin Resistant (VRE)',NULL,NULL,35,NULL,6,1241,NULL),(56438,'C','Bacteria','Fusobacterium necrophorum',NULL,NULL,36,NULL,6,1242,NULL),(56439,'C','Bacteria','Legionella pneumophilia',NULL,NULL,37,NULL,6,1243,NULL),(56440,'C','Bacteria','Listeria monocytogenes',NULL,NULL,38,NULL,6,1244,NULL),(56441,'C','Bacteria','Pasteurella multocida ',NULL,NULL,39,NULL,6,1245,NULL),(56442,'C','Bacteria','Proteus mirabilis',NULL,NULL,40,NULL,6,1246,NULL),(56443,'C','Bacteria','Proteus vulgaris',NULL,NULL,41,NULL,6,1247,NULL),(56444,'C','Bacteria','Staphylococcus aureus- Methicillin resistant (MRSA)',NULL,NULL,42,NULL,6,1248,NULL),(56445,'C','Bacteria','Staphylococcus aureus- Vancomycin Intermediate Resistant (VISA)',NULL,NULL,43,NULL,6,1249,NULL),(56446,'C','Bacteria','Steptococcus pyogenes [cause of Scarlet fever]',NULL,NULL,44,NULL,6,1250,NULL),(56447,'C','Bacteria','Salmonella choleraesuis ',NULL,NULL,45,NULL,6,1251,NULL),(56448,'C','Bacteria','Salmonella enteritidis',NULL,NULL,46,NULL,6,1252,NULL),(56449,'C','Bacteria','Salmonella typhi',NULL,NULL,47,NULL,6,1253,NULL),(56450,'C','Bacteria','Salmonella typhimurium',NULL,NULL,48,NULL,6,1254,NULL),(56451,'C','Bacteria','Serratia marcescens',NULL,NULL,49,NULL,6,1255,NULL),(56452,'C','Bacteria','Shigella fiexneri',NULL,NULL,50,NULL,6,1256,NULL),(56453,'C','Bacteria','Shigella sonnei',NULL,NULL,51,NULL,6,1257,NULL),(56454,'S',NULL,'Use Formulatin HWS-256 on washable hard',NULL,NULL,52,NULL,6,1258,NULL),(56455,'S',NULL,'Appliances',NULL,NULL,53,NULL,6,1259,NULL),(56456,'S',NULL,'Bathroom fixtures',NULL,NULL,54,NULL,6,1260,NULL),(56457,'S',NULL,'Bathtubs (Fiberglass)',NULL,NULL,55,NULL,6,1261,NULL),(56458,'S',NULL,'Cabinets',NULL,NULL,56,NULL,6,1262,NULL),(56459,'S',NULL,'Cages',NULL,NULL,57,NULL,6,1263,NULL),(56460,'S',NULL,'Chairs',NULL,NULL,58,NULL,6,1264,NULL),(56461,'S',NULL,'Coils and drain pans of air conditioning and refrigeration equipment and heat pumps',NULL,NULL,59,NULL,6,1265,NULL),(56462,'S',NULL,'Conductive flooring',NULL,NULL,60,NULL,6,1266,NULL),(56463,'S',NULL,'Counters (countertops)',NULL,NULL,61,NULL,6,1267,NULL),(56464,'S',NULL,'Countertop laminates',NULL,NULL,62,NULL,6,1268,NULL),(56465,'S',NULL,'Desks',NULL,NULL,63,NULL,6,1269,NULL),(56466,'S',NULL,'Doorknobs',NULL,NULL,64,NULL,6,1270,NULL),(56467,'S',NULL,'Floors',NULL,NULL,65,NULL,6,1271,NULL),(56468,'S',NULL,'Garbage cans',NULL,NULL,66,NULL,6,1272,NULL),(56469,'S',NULL,'Highchairs',NULL,NULL,67,NULL,6,1273,NULL),(56470,'S',NULL,'Kennel runs',NULL,NULL,68,NULL,6,1274,NULL),(56471,'S',NULL,'Microwave ovens',NULL,NULL,69,NULL,6,1275,NULL),(56472,'S',NULL,'Outdoor furniture',NULL,NULL,70,NULL,6,1276,NULL),(56473,'S',NULL,'Refrigerators',NULL,NULL,71,NULL,6,1277,NULL),(56474,'S',NULL,'Refrigerated storage and display equipment',NULL,NULL,72,NULL,6,1278,NULL),(56475,'S',NULL,'Tanning Beds',NULL,NULL,73,NULL,6,1279,NULL),(56476,'S',NULL,'Tanning Equipment',NULL,NULL,74,NULL,6,1280,NULL),(56477,'S',NULL,'Telephones',NULL,NULL,75,NULL,6,1281,NULL),(56478,'S',NULL,'Other hard nonporous surfaces made of:',NULL,NULL,76,NULL,6,1282,NULL),(56479,'S',NULL,'Glazed ceramic',NULL,NULL,77,NULL,6,1283,NULL),(56480,'S',NULL,'Glazed enameled surfaces',NULL,NULL,78,NULL,6,1284,NULL),(56481,'S',NULL,'Laminated surfaces',NULL,NULL,79,NULL,6,1285,NULL),(56482,'S',NULL,'Metal',NULL,NULL,80,NULL,6,1286,NULL),(56483,'S',NULL,'Plastic (such as polystyrene or polypropylene)',NULL,NULL,81,NULL,6,1287,NULL),(56484,'S',NULL,'Sealed granite',NULL,NULL,82,NULL,6,1288,NULL),(56485,'S',NULL,'Sealed limestone',NULL,NULL,83,NULL,6,1289,NULL),(56486,'S',NULL,'Sealed marble',NULL,NULL,84,NULL,6,1290,NULL),(56487,'S',NULL,'Sealed slate',NULL,NULL,85,NULL,6,1291,NULL),(56488,'S',NULL,'Sealed stone',NULL,NULL,86,NULL,6,1292,NULL),(56489,'S',NULL,'Sealed terra cotta',NULL,NULL,87,NULL,6,1293,NULL),(56490,'S',NULL,'Sealed terrazzo',NULL,NULL,88,NULL,6,1294,NULL),(56491,'S',NULL,'Stainless steel',NULL,NULL,89,NULL,6,1295,NULL),(56492,'S',NULL,'Upholstery',NULL,NULL,90,NULL,6,1296,NULL),(56493,'S',NULL,'Woodwork',NULL,NULL,91,NULL,6,1297,NULL),(56494,'L',NULL,'Bathrooms',NULL,NULL,92,NULL,6,1298,NULL),(56495,'L',NULL,'Homes (Households)',NULL,NULL,93,NULL,6,1299,NULL),(56496,'L',NULL,'Kitchens',NULL,NULL,94,NULL,6,1300,NULL),(56497,'L',NULL,'Dental Offices',NULL,NULL,95,NULL,6,1301,NULL),(56498,'L',NULL,'Health Care Facilities',NULL,NULL,96,NULL,6,1302,NULL),(56499,'L',NULL,'Hospitals',NULL,NULL,97,NULL,6,1303,NULL),(56500,'L',NULL,'Medical Clinics',NULL,NULL,98,NULL,6,1304,NULL),(56501,'L',NULL,'Medical Offices',NULL,NULL,99,NULL,6,1305,NULL),(56502,'L',NULL,'Nursing Homes',NULL,NULL,100,NULL,6,1306,NULL),(56503,'L',NULL,'Day Care Centers',NULL,NULL,101,NULL,6,1307,NULL),(56504,'L',NULL,'Nurseries',NULL,NULL,102,NULL,6,1308,NULL),(56505,'L',NULL,'Schools',NULL,NULL,103,NULL,6,1309,NULL),(56506,'L',NULL,'Bars',NULL,NULL,104,NULL,6,1310,NULL),(56507,'L',NULL,'Cafeterias',NULL,NULL,105,NULL,6,1311,NULL),(56508,'L',NULL,'Convenience Stores',NULL,NULL,106,NULL,6,1312,NULL),(56509,'L',NULL,'Food Processing Plants',NULL,NULL,107,NULL,6,1313,NULL),(56510,'L',NULL,'Food Storage Areas',NULL,NULL,108,NULL,6,1314,NULL),(56511,'L',NULL,'Institutional Kitchens',NULL,NULL,109,NULL,6,1315,NULL),(56512,'L',NULL,'Restaurants',NULL,NULL,110,NULL,6,1316,NULL),(56513,'L',NULL,'USDA Inspected Food Processing Facilities',NULL,NULL,111,NULL,6,1317,NULL),(56514,'L',NULL,'Athletic Facilities',NULL,NULL,112,NULL,6,1318,NULL),(56515,'L',NULL,'Barber Shops',NULL,NULL,113,NULL,6,1319,NULL),(56516,'L',NULL,'Business and Office Buildings',NULL,NULL,114,NULL,6,1320,NULL),(56517,'L',NULL,'Colleges',NULL,NULL,115,NULL,6,1321,NULL),(56518,'L',NULL,'Commercial Institutions',NULL,NULL,116,NULL,6,1322,NULL),(56519,'L',NULL,'Correctional Facilities',NULL,NULL,117,NULL,6,1323,NULL),(56520,'L',NULL,'Factories',NULL,NULL,118,NULL,6,1324,NULL),(56521,'L',NULL,'Hotels',NULL,NULL,119,NULL,6,1325,NULL),(56522,'L',NULL,'Industrial Institutions',NULL,NULL,120,NULL,6,1326,NULL),(56523,'L',NULL,'Institutional Facilities',NULL,NULL,121,NULL,6,1327,NULL),(56524,'L',NULL,'Institutions',NULL,NULL,122,NULL,6,1328,NULL),(56525,'L',NULL,'Laundry Industry',NULL,NULL,123,NULL,6,1329,NULL),(56526,'L',NULL,'Locker Rooms',NULL,NULL,124,NULL,6,1330,NULL),(56527,'L',NULL,'Morgues',NULL,NULL,125,NULL,6,1331,NULL),(56528,'L',NULL,'Mortuaries',NULL,NULL,126,NULL,6,1332,NULL),(56529,'L',NULL,'Motels',NULL,NULL,127,NULL,6,1333,NULL),(56530,'L',NULL,'Office Buildings',NULL,NULL,128,NULL,6,1334,NULL),(56531,'L',NULL,'Prisons',NULL,NULL,129,NULL,6,1335,NULL),(56532,'L',NULL,'Public Facilities',NULL,NULL,130,NULL,6,1336,NULL),(56533,'L',NULL,'Public Rest Rooms',NULL,NULL,131,NULL,6,1337,NULL),(56534,'L',NULL,'Schools',NULL,NULL,132,NULL,6,1338,NULL),(56535,'L',NULL,'Shower and Bath Areas',NULL,NULL,133,NULL,6,1339,NULL),(56536,'L',NULL,'Salons (Beauty)',NULL,NULL,134,NULL,6,1340,NULL),(56537,'L',NULL,'Tanning Salons',NULL,NULL,135,NULL,6,1341,NULL),(56538,'L',NULL,'Whirlpool and Foot Spa Use',NULL,NULL,136,NULL,6,1342,NULL),(56539,'L',NULL,'Camp Grounds',NULL,NULL,137,NULL,6,1343,NULL),(56540,'L',NULL,'Playground Equipment',NULL,NULL,138,NULL,6,1344,NULL),(56541,'L',NULL,'Protective Safety Gear',NULL,NULL,139,NULL,6,1345,NULL),(56542,'L',NULL,'Animal Laboratories',NULL,NULL,140,NULL,6,1346,NULL),(56543,'L',NULL,'Animal Life Science Laboratories',NULL,NULL,141,NULL,6,1347,NULL),(56544,'L',NULL,'Dairy Farms',NULL,NULL,142,NULL,6,1348,NULL),(56545,'L',NULL,'Equine Farms',NULL,NULL,143,NULL,6,1349,NULL),(56546,'L',NULL,'Farms',NULL,NULL,144,NULL,6,1350,NULL),(56547,'L',NULL,'Federally Inspected Meat and Poultry Plants',NULL,NULL,145,NULL,6,1351,NULL),(56548,'L',NULL,'Funeral Homes',NULL,NULL,146,NULL,6,1352,NULL),(56549,'L',NULL,'Hog Farms',NULL,NULL,147,NULL,6,1353,NULL),(56550,'L',NULL,'Kennels',NULL,NULL,148,NULL,6,1354,NULL),(56551,'L',NULL,'Mushroom Farms',NULL,NULL,149,NULL,6,1355,NULL),(56552,'L',NULL,'Poultry Farms',NULL,NULL,150,NULL,6,1356,NULL),(56553,'L',NULL,'Pet Animal Quarters',NULL,NULL,151,NULL,6,1357,NULL),(56554,'L',NULL,'Pet Shops',NULL,NULL,152,NULL,6,1358,NULL),(56555,'L',NULL,'Tack Shops',NULL,NULL,153,NULL,6,1359,NULL),(56556,'L',NULL,'Turkey Farms',NULL,NULL,154,NULL,6,1360,NULL),(56557,'L',NULL,'Verterinary Clinics',NULL,NULL,155,NULL,6,1361,NULL),(56558,'L',NULL,'Zoos',NULL,NULL,156,NULL,6,1362,NULL),(56559,'L',NULL,'Beverage Plants',NULL,NULL,157,NULL,6,1363,NULL),(56560,'L',NULL,'Breeding and Grooming Establishments',NULL,NULL,158,NULL,6,1364,NULL),(56561,'L',NULL,'Breweries',NULL,NULL,159,NULL,6,1365,NULL),(56562,'L',NULL,'Carpeting',NULL,NULL,160,NULL,6,1366,NULL),(56563,'L',NULL,'Citus Plants ',NULL,NULL,161,NULL,6,1367,NULL),(56564,'L',NULL,'Airplanes',NULL,NULL,162,NULL,6,1368,NULL),(56565,'L',NULL,'Airports',NULL,NULL,163,NULL,6,1369,NULL),(56566,'L',NULL,'Automotive Industy',NULL,NULL,164,NULL,6,1370,NULL),(56567,'L',NULL,'Boats',NULL,NULL,165,NULL,6,1371,NULL),(56568,'L',NULL,'Buses',NULL,NULL,166,NULL,6,1372,NULL),(56569,'L',NULL,'Campers',NULL,NULL,167,NULL,6,1373,NULL),(56570,'L',NULL,'Cars',NULL,NULL,168,NULL,6,1374,NULL),(56571,'L',NULL,'Emergency Vehicles',NULL,NULL,169,NULL,6,1375,NULL),(56572,'L',NULL,'Mobile Homes',NULL,NULL,170,NULL,6,1376,NULL),(56573,'L',NULL,'Recreational Vehicle Use',NULL,NULL,171,NULL,6,1377,NULL),(56574,'L',NULL,'Ships',NULL,NULL,172,NULL,6,1378,NULL),(56575,'L',NULL,'Taxis',NULL,NULL,173,NULL,6,1379,NULL),(56576,'L',NULL,'Trailers',NULL,NULL,174,NULL,6,1380,NULL),(56577,'L',NULL,'Trains',NULL,NULL,175,NULL,6,1381,NULL),(56578,'L',NULL,'Transportation Terminals',NULL,NULL,176,NULL,6,1382,NULL),(56579,'T',NULL,'Disinfectant',NULL,NULL,177,NULL,6,1383,NULL),(56580,'T',NULL,'Sanitizer',NULL,NULL,178,NULL,6,1384,NULL),(56581,'T',NULL,'Viruscide',NULL,NULL,179,NULL,6,1385,NULL),(56582,'T',NULL,'Fungicide',NULL,NULL,180,NULL,6,1386,NULL),(56583,'T',NULL,'Algaecide',NULL,NULL,181,NULL,6,1387,NULL),(56584,'T',NULL,'General Purpose Anti-microbial',NULL,NULL,182,NULL,6,1388,NULL),(56585,'T',NULL,'Tuberculocide',NULL,NULL,183,NULL,6,1389,NULL),(62346,'C','Bacteria','Acinetobacter calcoaceticus',NULL,NULL,NULL,NULL,5,1204,NULL),(62347,'C','Bacteria','Bordetella bronchiseptica',NULL,NULL,NULL,NULL,5,1205,NULL),(62348,'C','Bacteria','Chlamydia psittaci',NULL,NULL,NULL,NULL,5,1206,NULL),(62349,'C','Bacteria','Acinetobacter calcoaceticus',NULL,NULL,4,NULL,5,1419,NULL),(62350,'C','Bacteria','Bordetella bronchiseptica',NULL,NULL,5,NULL,5,1420,NULL),(62351,'C','Bacteria','Chlamydia psittaci',NULL,NULL,6,NULL,5,1421,NULL),(62352,'C','Bacteria','Enterobacter aerogenes',NULL,NULL,7,NULL,5,1422,NULL),(62353,'C','Bacteria','Enterobacter cloacae',NULL,NULL,NULL,NULL,5,1423,NULL),(62354,'C','Bacteria','Enterococcus faecalis- Vancomycin Resistant (VRE)',NULL,NULL,NULL,NULL,5,1424,NULL),(62355,'C','Bacteria','Escherichi',NULL,NULL,10,NULL,5,1425,NULL),(62356,'C','Bacteria','Fusobacterium necrophorum',NULL,NULL,NULL,NULL,5,1426,NULL),(62357,'C','Bacteria','Kiebsiella pneumoniae',NULL,NULL,NULL,NULL,5,1427,NULL),(62358,'C','Bacteria','Legionella pneumophilia',NULL,NULL,NULL,NULL,5,1428,NULL),(62359,'C','Bacteria','Listeria monocytogenes',NULL,NULL,NULL,NULL,5,1429,NULL),(62360,'C','Bacteria','Pasteurella multocida ',NULL,NULL,NULL,NULL,5,1430,NULL),(62361,'C','Bacteria','Proteus mirabilis',NULL,NULL,NULL,NULL,5,1431,NULL),(62362,'C','Bacteria','Proteus vulgaris',NULL,NULL,NULL,NULL,5,1432,NULL),(62363,'C','Bacteria','Pseudomonas aeruginosa',NULL,NULL,NULL,NULL,5,1433,NULL),(62364,'C','Bacteria','Salmonella choleraesuis',NULL,NULL,NULL,NULL,5,1434,NULL),(62365,'C','Bacteria','Salmonella enteritidis',NULL,NULL,NULL,NULL,5,1435,NULL),(62366,'C','Bacteria','Salmonella typhi',NULL,NULL,NULL,NULL,5,1436,NULL),(62367,'C','Bacteria','Salmonella typhimurium',NULL,NULL,22,NULL,5,1437,NULL),(62368,'C','Bacteria','Serratia marcescens',NULL,NULL,23,NULL,5,1438,NULL),(62369,'C','Bacteria','Shigella fiexneri',NULL,NULL,24,NULL,5,1439,NULL),(62370,'C','Bacteria','Shigella sonnei',NULL,NULL,25,NULL,5,1440,NULL),(62371,'C','Bacteria','Staphylococcus aureus- Methicillin resistant (MRSA)',NULL,NULL,26,NULL,5,1441,NULL),(62372,'C','Bacteria','Staphylococcus aureus- Vancomycin Intermediate Resistant (VISA)',NULL,NULL,27,NULL,5,1442,NULL),(62373,'C','Bacteria','Staphylococcus aureus',NULL,NULL,28,NULL,5,1443,NULL),(62374,'C','Bacteria','Staphylococcus epidermidis<sub> (2)</sub>',NULL,NULL,NULL,NULL,5,1444,NULL),(62375,'C','Bacteria','Streptococcus faecalis',NULL,NULL,30,NULL,5,1445,NULL),(62376,'C','Fungi','Aspergillus niger',NULL,NULL,31,NULL,5,1446,NULL),(62377,'C','Fungi','Candida albicans',NULL,NULL,32,NULL,5,1447,NULL),(62378,'C','Fungi','Trichophyton mentagrophytes [Athlete\'s Foot Fungus]',NULL,NULL,33,NULL,5,1448,NULL),(62379,'C','Fungi','[a cause of Ringworm] [a cause of Ringworm of the foot]',NULL,NULL,34,NULL,5,1449,NULL),(62380,'C','Viruses','*Adenovirus Type 4',NULL,NULL,35,NULL,5,1450,NULL),(62381,'C','Viruses','*Avian polyomavirus',NULL,NULL,36,NULL,5,1451,NULL),(62382,'C','Viruses','*Canine distemper',NULL,NULL,37,NULL,5,1452,NULL),(62383,'C','Viruses','*Canine parvovirus- at 2 oz. per gallon',NULL,NULL,38,NULL,5,1453,NULL),(62384,'C','Viruses','*Feline leukemia',NULL,NULL,39,NULL,5,1454,NULL),(62385,'C','Viruses','*Feline picomavirus',NULL,NULL,40,NULL,5,1455,NULL),(62386,'C','Viruses','*HIV-1 (AIDS virus)',NULL,NULL,41,NULL,5,1456,NULL),(62387,'C','Viruses','*Hepatitis B Virus (HBV)',NULL,NULL,42,NULL,5,1457,NULL),(62388,'C','Viruses','*Hepatitis C Virus (HCV)',NULL,NULL,43,NULL,5,1458,NULL),(62389,'C','Viruses','*Herpes Simplex Type 1',NULL,NULL,44,NULL,5,1459,NULL),(62390,'C','Viruses','*Herpes Simplex Type 2',NULL,NULL,45,NULL,5,1460,NULL),(62391,'C','Viruses','*Human coronavirus ',NULL,NULL,46,NULL,5,1461,NULL),(62392,'C','Viruses','*Infectious bovine rhinotracheitis',NULL,NULL,47,NULL,5,1462,NULL),(62393,'C','Viruses','*Infectious bronchitis (Avian IBV)',NULL,NULL,48,NULL,5,1463,NULL),(62394,'C','Viruses','*Influenza A/ Hong Kong',NULL,NULL,49,NULL,5,1464,NULL),(62395,'C','Viruses','*Pseudorabies (PRV)',NULL,NULL,50,NULL,5,1465,NULL),(62396,'C','Viruses','*Rabies',NULL,NULL,51,NULL,5,1466,NULL),(62397,'C','Viruses','*Respiratory Syncytial Virus (RSV)',NULL,NULL,52,NULL,5,1467,NULL),(62398,'C','Viruses','*Rubella (German Measles)',NULL,NULL,53,NULL,5,1468,NULL),(62399,'C','Viruses','*Transmissible gastroenteritis virus (TGE)\Z',NULL,NULL,54,NULL,5,1469,NULL),(62400,'C','Viruses','*Vaccinia [Pox virus]',NULL,NULL,55,NULL,5,1470,NULL),(62401,'S',NULL,'Appliances',NULL,NULL,NULL,NULL,5,1390,NULL),(62402,'S',NULL,'Bathroom fixtures',NULL,NULL,NULL,NULL,5,1391,NULL),(62403,'S',NULL,'Bathtubs (Fiberglass)',NULL,NULL,NULL,NULL,5,1392,NULL),(62404,'S',NULL,'Cabinets',NULL,NULL,NULL,NULL,5,1393,NULL),(62405,'S',NULL,'Cages',NULL,NULL,NULL,NULL,5,1394,NULL),(62406,'S',NULL,'Chairs',NULL,NULL,NULL,NULL,5,1395,NULL),(62407,'S',NULL,'Coils and drain pans of air conditioning and refrigeration equipment and heat pumps',NULL,NULL,NULL,NULL,5,1396,NULL),(62408,'S',NULL,'Conductive flooring',NULL,NULL,NULL,NULL,5,1397,NULL),(62409,'S',NULL,'Counters (countertops)',NULL,NULL,NULL,NULL,5,1398,NULL),(62410,'S',NULL,'Countertop laminates',NULL,NULL,NULL,NULL,5,1399,NULL),(62411,'L',NULL,'Airports',NULL,NULL,NULL,NULL,5,1401,NULL),(62412,'L',NULL,'Animal Care',NULL,NULL,NULL,NULL,5,1402,NULL),(62413,'L',NULL,'Animal Laboratories',NULL,NULL,NULL,NULL,5,1403,NULL),(62414,'L',NULL,'Animal Life Science Laboratories',NULL,NULL,NULL,NULL,5,1404,NULL),(62415,'L',NULL,'Athletic Facilities',NULL,NULL,NULL,NULL,5,1405,NULL),(62416,'L',NULL,'Automotive Industy',NULL,NULL,NULL,NULL,5,1406,NULL),(62417,'L',NULL,'Barber Shops',NULL,NULL,NULL,NULL,5,1407,NULL),(62418,'L',NULL,'Bars',NULL,NULL,NULL,NULL,5,1408,NULL),(62419,'L',NULL,'Bathrooms',NULL,NULL,NULL,NULL,5,1409,NULL),(62420,'L',NULL,'Beverage Plants',NULL,NULL,NULL,NULL,5,1410,NULL),(62421,'L',NULL,'Airplanes',NULL,NULL,76,NULL,5,1471,NULL),(62422,'L',NULL,'Cafeterias',NULL,NULL,77,NULL,5,1472,NULL),(62423,'T',NULL,'Algaecide',NULL,NULL,78,NULL,5,1412,NULL),(62424,'T',NULL,'Disinfectant',NULL,NULL,79,NULL,5,1413,NULL),(62425,'T',NULL,'Fungicide',NULL,NULL,80,NULL,5,1414,NULL),(62426,'T',NULL,'General Purpose Anti-microbial',NULL,NULL,81,NULL,5,1415,NULL),(62427,'T',NULL,'Sanitizer',NULL,NULL,82,NULL,5,1416,NULL),(62428,'T',NULL,'Tuberculocide',NULL,NULL,83,NULL,5,1417,NULL),(62429,'T',NULL,'Viruscide',NULL,NULL,84,NULL,5,1418,NULL),(86344,'C','Bacteria','Pseudomonas aeruginosa',NULL,NULL,NULL,NULL,NULL,1207,383),(86345,'C','Bacteria','Escherichia coli',NULL,NULL,NULL,NULL,NULL,1208,383),(86346,'C','Bacteria','Kiebsiella pneumoniae',NULL,NULL,NULL,NULL,NULL,1209,383),(86347,'C','Bacteria','Streptococcus faecalis',NULL,NULL,NULL,NULL,NULL,1210,383),(86348,'C','Bacteria','Staphylococcus aureus',NULL,NULL,NULL,NULL,NULL,1211,383),(86349,'C','Bacteria','Staphylococcus epidermidis',NULL,NULL,NULL,NULL,NULL,1212,383),(86350,'C','Viruses','*Adenovirus Type 4',NULL,NULL,NULL,NULL,NULL,1213,383),(86351,'C','Viruses','*Hepatitis B Virus (HBV)',NULL,NULL,NULL,NULL,NULL,1214,383),(86352,'C','Viruses','*Hepatitis C Virus (HCV)',NULL,NULL,NULL,NULL,NULL,1215,383),(86353,'C','Viruses','*Herpes Simplex Type 1',NULL,NULL,NULL,NULL,NULL,1216,383),(86354,'C','Viruses','*Herpes Simplex Type 2',NULL,NULL,NULL,NULL,NULL,1217,383),(86355,'C','Viruses','*Human coronavirus ',NULL,NULL,NULL,NULL,NULL,1218,383),(86356,'C','Viruses','*HIV-1 (AIDS virus)',NULL,NULL,NULL,NULL,NULL,1219,383),(86357,'C','Viruses','*Influenza A/ Hong Kong',NULL,NULL,NULL,NULL,NULL,1220,383),(86358,'C','Viruses','*Respiratory Syncytial Virus (RSV)',NULL,NULL,NULL,NULL,NULL,1221,383),(86359,'C','Viruses','*Rubella (German Measles)',NULL,NULL,NULL,NULL,NULL,1222,383),(86360,'C','Viruses','*Vaccinia [Pox virus]',NULL,NULL,NULL,NULL,NULL,1223,383),(86361,'C','Viruses','*Avian polyomavirus',NULL,NULL,NULL,NULL,NULL,1224,383),(86362,'C','Viruses','*Canine distemper',NULL,NULL,NULL,NULL,NULL,1225,383),(86363,'C','Viruses','*Canine parvovirus- at 2 oz. per gallon',NULL,NULL,NULL,NULL,NULL,1226,383),(86364,'C','Viruses','*Feline leukemia',NULL,NULL,NULL,NULL,NULL,1227,383),(86365,'C','Viruses','*Feline picomavirus',NULL,NULL,NULL,NULL,NULL,1228,383),(86366,'C','Viruses','*Infectious bovine rhinotracheitis',NULL,NULL,NULL,NULL,NULL,1229,383),(86367,'C','Viruses','*Infectious bronchitis (Avian IBV)',NULL,NULL,NULL,NULL,NULL,1230,383),(86368,'C','Viruses','*Pseudorabies (PRV)',NULL,NULL,NULL,NULL,NULL,1231,383),(86369,'C','Viruses','*Rabies',NULL,NULL,NULL,NULL,NULL,1232,383),(86370,'C','Fungi','Aspergillus niger',NULL,NULL,NULL,NULL,NULL,1233,383),(86371,'C','Fungi','Candida albicans',NULL,NULL,NULL,NULL,NULL,1234,383),(86372,'C','Fungi','Trichophyton mentagrophytes [Athlete\'s Foot Fungus]',NULL,NULL,NULL,NULL,NULL,1235,383),(86373,'C','Bacteria','Acinetobacter calcoaceticus',NULL,NULL,NULL,NULL,NULL,1236,383),(86374,'C','Bacteria','Bordetella bronchiseptica',NULL,NULL,NULL,NULL,NULL,1237,383),(86375,'C','Bacteria','Chlamydia psittaci',NULL,NULL,NULL,NULL,NULL,1238,383),(86376,'C','Bacteria','Enterobacter aerogenes',NULL,NULL,NULL,NULL,NULL,1239,383),(86377,'C','Bacteria','Enterobacter cloacae',NULL,NULL,NULL,NULL,NULL,1240,383),(86378,'C','Bacteria','Enterococcus faecalis- Vancomycin Resistant (VRE)',NULL,NULL,NULL,NULL,NULL,1241,383),(86379,'C','Bacteria','Fusobacterium necrophorum',NULL,NULL,NULL,NULL,NULL,1242,383),(86380,'C','Bacteria','Legionella pneumophilia',NULL,NULL,NULL,NULL,NULL,1243,383),(86381,'C','Bacteria','Listeria monocytogenes',NULL,NULL,NULL,NULL,NULL,1244,383),(86382,'C','Bacteria','Pasteurella multocida ',NULL,NULL,NULL,NULL,NULL,1245,383),(86383,'C','Bacteria','Proteus mirabilis',NULL,NULL,NULL,NULL,NULL,1246,383),(86384,'C','Bacteria','Proteus vulgaris',NULL,NULL,NULL,NULL,NULL,1247,383),(86385,'C','Bacteria','Staphylococcus aureus- Methicillin resistant (MRSA)',NULL,NULL,NULL,NULL,NULL,1248,383),(86386,'C','Bacteria','Staphylococcus aureus- Vancomycin Intermediate Resistant (VISA)',NULL,NULL,NULL,NULL,NULL,1249,383),(86387,'C','Bacteria','Steptococcus pyogenes [cause of Scarlet fever]',NULL,NULL,NULL,NULL,NULL,1250,383),(86388,'C','Bacteria','Salmonella choleraesuis ',NULL,NULL,NULL,NULL,NULL,1251,383),(86389,'C','Bacteria','Salmonella enteritidis',NULL,NULL,NULL,NULL,NULL,1252,383),(86390,'C','Bacteria','Salmonella typhi',NULL,NULL,NULL,NULL,NULL,1253,383),(86391,'C','Bacteria','Salmonella typhimurium',NULL,NULL,NULL,NULL,NULL,1254,383),(86392,'C','Bacteria','Serratia marcescens',NULL,NULL,NULL,NULL,NULL,1255,383),(86393,'C','Bacteria','Shigella fiexneri',NULL,NULL,NULL,NULL,NULL,1256,383),(86394,'C','Bacteria','Shigella sonnei',NULL,NULL,NULL,NULL,NULL,1257,383),(86395,'S',NULL,'Use Formulatin HWS-256 on washable hard',NULL,NULL,NULL,NULL,NULL,1258,383),(86396,'S',NULL,'Appliances',NULL,NULL,NULL,NULL,NULL,1259,383),(86397,'S',NULL,'Bathroom fixtures',NULL,NULL,NULL,NULL,NULL,1260,383),(86398,'S',NULL,'Bathtubs (Fiberglass)',NULL,NULL,NULL,NULL,NULL,1261,383),(86399,'S',NULL,'Cabinets',NULL,NULL,NULL,NULL,NULL,1262,383),(86400,'S',NULL,'Cages',NULL,NULL,NULL,NULL,NULL,1263,383),(86401,'S',NULL,'Chairs',NULL,NULL,NULL,NULL,NULL,1264,383),(86402,'S',NULL,'Coils and drain pans of air conditioning and refrigeration equipment and heat pumps',NULL,NULL,NULL,NULL,NULL,1265,383),(86403,'S',NULL,'Conductive flooring',NULL,NULL,NULL,NULL,NULL,1266,383),(86404,'S',NULL,'Counters (countertops)',NULL,NULL,NULL,NULL,NULL,1267,383),(86405,'S',NULL,'Countertop laminates',NULL,NULL,NULL,NULL,NULL,1268,383),(86406,'S',NULL,'Desks',NULL,NULL,NULL,NULL,NULL,1269,383),(86407,'S',NULL,'Doorknobs',NULL,NULL,NULL,NULL,NULL,1270,383),(86408,'S',NULL,'Floors',NULL,NULL,NULL,NULL,NULL,1271,383),(86409,'S',NULL,'Garbage cans',NULL,NULL,NULL,NULL,NULL,1272,383),(86410,'S',NULL,'Highchairs',NULL,NULL,NULL,NULL,NULL,1273,383),(86411,'S',NULL,'Kennel runs',NULL,NULL,NULL,NULL,NULL,1274,383),(86412,'S',NULL,'Microwave ovens',NULL,NULL,NULL,NULL,NULL,1275,383),(86413,'S',NULL,'Outdoor furniture',NULL,NULL,NULL,NULL,NULL,1276,383),(86414,'S',NULL,'Refrigerators',NULL,NULL,NULL,NULL,NULL,1277,383),(86415,'S',NULL,'Refrigerated storage and display equipment',NULL,NULL,NULL,NULL,NULL,1278,383),(86416,'S',NULL,'Tanning Beds',NULL,NULL,NULL,NULL,NULL,1279,383),(86417,'S',NULL,'Tanning Equipment',NULL,NULL,NULL,NULL,NULL,1280,383),(86418,'S',NULL,'Telephones',NULL,NULL,NULL,NULL,NULL,1281,383),(86419,'S',NULL,'Other hard nonporous surfaces made of:',NULL,NULL,NULL,NULL,NULL,1282,383),(86420,'S',NULL,'Glazed ceramic',NULL,NULL,NULL,NULL,NULL,1283,383),(86421,'S',NULL,'Glazed enameled surfaces',NULL,NULL,NULL,NULL,NULL,1284,383),(86422,'S',NULL,'Laminated surfaces',NULL,NULL,NULL,NULL,NULL,1285,383),(86423,'S',NULL,'Metal',NULL,NULL,NULL,NULL,NULL,1286,383),(86424,'S',NULL,'Plastic (such as polystyrene or polypropylene)',NULL,NULL,NULL,NULL,NULL,1287,383),(86425,'S',NULL,'Sealed granite',NULL,NULL,NULL,NULL,NULL,1288,383),(86426,'S',NULL,'Sealed limestone',NULL,NULL,NULL,NULL,NULL,1289,383),(86427,'S',NULL,'Sealed marble',NULL,NULL,NULL,NULL,NULL,1290,383),(86428,'S',NULL,'Sealed slate',NULL,NULL,NULL,NULL,NULL,1291,383),(86429,'S',NULL,'Sealed stone',NULL,NULL,NULL,NULL,NULL,1292,383),(86430,'S',NULL,'Sealed terra cotta',NULL,NULL,NULL,NULL,NULL,1293,383),(86431,'S',NULL,'Sealed terrazzo',NULL,NULL,NULL,NULL,NULL,1294,383),(86432,'S',NULL,'Stainless steel',NULL,NULL,NULL,NULL,NULL,1295,383),(86433,'S',NULL,'Upholstery',NULL,NULL,NULL,NULL,NULL,1296,383),(86434,'S',NULL,'Woodwork',NULL,NULL,NULL,NULL,NULL,1297,383),(86435,'L',NULL,'Bathrooms',NULL,NULL,NULL,NULL,NULL,1298,383),(86436,'L',NULL,'Homes (Households)',NULL,NULL,NULL,NULL,NULL,1299,383),(86437,'L',NULL,'Kitchens',NULL,NULL,NULL,NULL,NULL,1300,383),(86438,'L',NULL,'Dental Offices',NULL,NULL,NULL,NULL,NULL,1301,383),(86439,'L',NULL,'Health Care Facilities',NULL,NULL,NULL,NULL,NULL,1302,383),(86440,'L',NULL,'Hospitals',NULL,NULL,NULL,NULL,NULL,1303,383),(86441,'L',NULL,'Medical Clinics',NULL,NULL,NULL,NULL,NULL,1304,383),(86442,'L',NULL,'Medical Offices',NULL,NULL,NULL,NULL,NULL,1305,383),(86443,'L',NULL,'Nursing Homes',NULL,NULL,NULL,NULL,NULL,1306,383),(86444,'L',NULL,'Day Care Centers',NULL,NULL,NULL,NULL,NULL,1307,383),(86445,'L',NULL,'Nurseries',NULL,NULL,NULL,NULL,NULL,1308,383),(86446,'L',NULL,'Schools',NULL,NULL,NULL,NULL,NULL,1309,383),(86447,'L',NULL,'Bars',NULL,NULL,NULL,NULL,NULL,1310,383),(86448,'L',NULL,'Cafeterias',NULL,NULL,NULL,NULL,NULL,1311,383),(86449,'L',NULL,'Convenience Stores',NULL,NULL,NULL,NULL,NULL,1312,383),(86450,'L',NULL,'Food Processing Plants',NULL,NULL,NULL,NULL,NULL,1313,383),(86451,'L',NULL,'Food Storage Areas',NULL,NULL,NULL,NULL,NULL,1314,383),(86452,'L',NULL,'Institutional Kitchens',NULL,NULL,NULL,NULL,NULL,1315,383),(86453,'L',NULL,'Restaurants',NULL,NULL,NULL,NULL,NULL,1316,383),(86454,'L',NULL,'USDA Inspected Food Processing Facilities',NULL,NULL,NULL,NULL,NULL,1317,383),(86455,'L',NULL,'Athletic Facilities',NULL,NULL,NULL,NULL,NULL,1318,383),(86456,'L',NULL,'Barber Shops',NULL,NULL,NULL,NULL,NULL,1319,383),(86457,'L',NULL,'Business and Office Buildings',NULL,NULL,NULL,NULL,NULL,1320,383),(86458,'L',NULL,'Colleges',NULL,NULL,NULL,NULL,NULL,1321,383),(86459,'L',NULL,'Commercial Institutions',NULL,NULL,NULL,NULL,NULL,1322,383),(86460,'L',NULL,'Correctional Facilities',NULL,NULL,NULL,NULL,NULL,1323,383),(86461,'L',NULL,'Factories',NULL,NULL,NULL,NULL,NULL,1324,383),(86462,'L',NULL,'Hotels',NULL,NULL,NULL,NULL,NULL,1325,383),(86463,'L',NULL,'Industrial Institutions',NULL,NULL,NULL,NULL,NULL,1326,383),(86464,'L',NULL,'Institutional Facilities',NULL,NULL,NULL,NULL,NULL,1327,383),(86465,'L',NULL,'Institutions',NULL,NULL,NULL,NULL,NULL,1328,383),(86466,'L',NULL,'Laundry Industry',NULL,NULL,NULL,NULL,NULL,1329,383),(86467,'L',NULL,'Locker Rooms',NULL,NULL,NULL,NULL,NULL,1330,383),(86468,'L',NULL,'Morgues',NULL,NULL,NULL,NULL,NULL,1331,383),(86469,'L',NULL,'Mortuaries',NULL,NULL,NULL,NULL,NULL,1332,383),(86470,'L',NULL,'Motels',NULL,NULL,NULL,NULL,NULL,1333,383),(86471,'L',NULL,'Office Buildings',NULL,NULL,NULL,NULL,NULL,1334,383),(86472,'L',NULL,'Prisons',NULL,NULL,NULL,NULL,NULL,1335,383),(86473,'L',NULL,'Public Facilities',NULL,NULL,NULL,NULL,NULL,1336,383),(86474,'L',NULL,'Public Rest Rooms',NULL,NULL,NULL,NULL,NULL,1337,383),(86475,'L',NULL,'Schools',NULL,NULL,NULL,NULL,NULL,1338,383),(86476,'L',NULL,'Shower and Bath Areas',NULL,NULL,NULL,NULL,NULL,1339,383),(86477,'L',NULL,'Salons (Beauty)',NULL,NULL,NULL,NULL,NULL,1340,383),(86478,'L',NULL,'Tanning Salons',NULL,NULL,NULL,NULL,NULL,1341,383),(86479,'L',NULL,'Whirlpool and Foot Spa Use',NULL,NULL,NULL,NULL,NULL,1342,383),(86480,'L',NULL,'Camp Grounds',NULL,NULL,NULL,NULL,NULL,1343,383),(86481,'L',NULL,'Playground Equipment',NULL,NULL,NULL,NULL,NULL,1344,383),(86482,'L',NULL,'Protective Safety Gear',NULL,NULL,NULL,NULL,NULL,1345,383),(86483,'L',NULL,'Animal Laboratories',NULL,NULL,NULL,NULL,NULL,1346,383),(86484,'L',NULL,'Animal Life Science Laboratories',NULL,NULL,NULL,NULL,NULL,1347,383),(86485,'L',NULL,'Dairy Farms',NULL,NULL,NULL,NULL,NULL,1348,383),(86486,'L',NULL,'Equine Farms',NULL,NULL,NULL,NULL,NULL,1349,383),(86487,'L',NULL,'Farms',NULL,NULL,NULL,NULL,NULL,1350,383),(86488,'L',NULL,'Federally Inspected Meat and Poultry Plants',NULL,NULL,NULL,NULL,NULL,1351,383),(86489,'L',NULL,'Funeral Homes',NULL,NULL,NULL,NULL,NULL,1352,383),(86490,'L',NULL,'Hog Farms',NULL,NULL,NULL,NULL,NULL,1353,383),(86491,'L',NULL,'Kennels',NULL,NULL,NULL,NULL,NULL,1354,383),(86492,'L',NULL,'Mushroom Farms',NULL,NULL,NULL,NULL,NULL,1355,383),(86493,'L',NULL,'Poultry Farms',NULL,NULL,NULL,NULL,NULL,1356,383),(86494,'L',NULL,'Pet Animal Quarters',NULL,NULL,NULL,NULL,NULL,1357,383),(86495,'L',NULL,'Pet Shops',NULL,NULL,NULL,NULL,NULL,1358,383),(86496,'L',NULL,'Tack Shops',NULL,NULL,NULL,NULL,NULL,1359,383),(86497,'L',NULL,'Turkey Farms',NULL,NULL,NULL,NULL,NULL,1360,383),(86498,'L',NULL,'Verterinary Clinics',NULL,NULL,NULL,NULL,NULL,1361,383),(86499,'L',NULL,'Zoos',NULL,NULL,NULL,NULL,NULL,1362,383),(86500,'L',NULL,'Beverage Plants',NULL,NULL,NULL,NULL,NULL,1363,383),(86501,'L',NULL,'Breeding and Grooming Establishments',NULL,NULL,NULL,NULL,NULL,1364,383),(86502,'L',NULL,'Breweries',NULL,NULL,NULL,NULL,NULL,1365,383),(86503,'L',NULL,'Carpeting',NULL,NULL,NULL,NULL,NULL,1366,383),(86504,'L',NULL,'Citus Plants ',NULL,NULL,NULL,NULL,NULL,1367,383),(86505,'L',NULL,'Airplanes',NULL,NULL,NULL,NULL,NULL,1368,383),(86506,'L',NULL,'Airports',NULL,NULL,NULL,NULL,NULL,1369,383),(86507,'L',NULL,'Automotive Industy',NULL,NULL,NULL,NULL,NULL,1370,383),(86508,'L',NULL,'Boats',NULL,NULL,NULL,NULL,NULL,1371,383),(86509,'L',NULL,'Buses',NULL,NULL,NULL,NULL,NULL,1372,383),(86510,'L',NULL,'Campers',NULL,NULL,NULL,NULL,NULL,1373,383),(86511,'L',NULL,'Cars',NULL,NULL,NULL,NULL,NULL,1374,383),(86512,'L',NULL,'Emergency Vehicles',NULL,NULL,NULL,NULL,NULL,1375,383),(86513,'L',NULL,'Mobile Homes',NULL,NULL,NULL,NULL,NULL,1376,383),(86514,'L',NULL,'Recreational Vehicle Use',NULL,NULL,NULL,NULL,NULL,1377,383),(86515,'L',NULL,'Ships',NULL,NULL,NULL,NULL,NULL,1378,383),(86516,'L',NULL,'Taxis',NULL,NULL,NULL,NULL,NULL,1379,383),(86517,'L',NULL,'Trailers',NULL,NULL,NULL,NULL,NULL,1380,383),(86518,'L',NULL,'Trains',NULL,NULL,NULL,NULL,NULL,1381,383),(86519,'L',NULL,'Transportation Terminals',NULL,NULL,NULL,NULL,NULL,1382,383),(86520,'T',NULL,'Disinfectant',NULL,NULL,NULL,NULL,NULL,1383,383),(86521,'T',NULL,'Sanitizer',NULL,NULL,NULL,NULL,NULL,1384,383),(86522,'T',NULL,'Viruscide',NULL,NULL,NULL,NULL,NULL,1385,383),(86523,'T',NULL,'Fungicide',NULL,NULL,NULL,NULL,NULL,1386,383),(86524,'T',NULL,'Algaecide',NULL,NULL,NULL,NULL,NULL,1387,383),(86525,'T',NULL,'General Purpose Anti-microbial',NULL,NULL,NULL,NULL,NULL,1388,383),(86526,'T',NULL,'Tuberculocide',NULL,NULL,NULL,NULL,NULL,1389,383),(101486,'C','Bacteria','Acinetobacter calcoaceticus',NULL,NULL,NULL,NULL,NULL,1204,564),(101487,'C','Bacteria','Bordetella bronchiseptica',NULL,NULL,NULL,NULL,NULL,1205,564),(101488,'C','Bacteria','Chlamydia psittaci',NULL,NULL,NULL,NULL,NULL,1206,564),(101489,'C','Bacteria','Acinetobacter calcoaceticus',NULL,NULL,NULL,NULL,NULL,1419,564),(101490,'C','Bacteria','Bordetella bronchiseptica',NULL,NULL,NULL,NULL,NULL,1420,564),(101491,'C','Bacteria','Chlamydia psittaci',NULL,NULL,NULL,NULL,NULL,1421,564),(101492,'C','Bacteria','Enterobacter aerogenes',NULL,NULL,NULL,NULL,NULL,1422,564),(101493,'C','Bacteria','Enterobacter cloacae',NULL,NULL,NULL,NULL,NULL,1423,564),(101494,'C','Bacteria','Enterococcus faecalis- Vancomycin Resistant (VRE)',NULL,NULL,NULL,NULL,NULL,1424,564),(101495,'C','Bacteria','Escherichi',NULL,NULL,NULL,NULL,NULL,1425,564),(101496,'C','Bacteria','Fusobacterium necrophorum',NULL,NULL,NULL,NULL,NULL,1426,564),(101497,'C','Bacteria','Kiebsiella pneumoniae',NULL,NULL,NULL,NULL,NULL,1427,564),(101498,'C','Bacteria','Legionella pneumophilia',NULL,NULL,NULL,NULL,NULL,1428,564),(101499,'C','Bacteria','Listeria monocytogenes',NULL,NULL,NULL,NULL,NULL,1429,564),(101500,'C','Bacteria','Pasteurella multocida ',NULL,NULL,NULL,NULL,NULL,1430,564),(101501,'C','Bacteria','Proteus mirabilis',NULL,NULL,NULL,NULL,NULL,1431,564),(101502,'C','Bacteria','Proteus vulgaris',NULL,NULL,NULL,NULL,NULL,1432,564),(101503,'C','Bacteria','Pseudomonas aeruginosa',NULL,NULL,NULL,NULL,NULL,1433,564),(101504,'C','Bacteria','Salmonella choleraesuis',NULL,NULL,NULL,NULL,NULL,1434,564),(101505,'C','Bacteria','Salmonella enteritidis',NULL,NULL,NULL,NULL,NULL,1435,564),(101506,'C','Bacteria','Salmonella typhi',NULL,NULL,NULL,NULL,NULL,1436,564),(101507,'C','Bacteria','Salmonella typhimurium',NULL,NULL,NULL,NULL,NULL,1437,564),(101508,'C','Bacteria','Serratia marcescens',NULL,NULL,NULL,NULL,NULL,1438,564),(101509,'C','Bacteria','Shigella fiexneri',NULL,NULL,NULL,NULL,NULL,1439,564),(101510,'C','Bacteria','Shigella sonnei',NULL,NULL,NULL,NULL,NULL,1440,564),(101511,'C','Bacteria','Staphylococcus aureus- Methicillin resistant (MRSA)',NULL,NULL,NULL,NULL,NULL,1441,564),(101512,'C','Bacteria','Staphylococcus aureus- Vancomycin Intermediate Resistant (VISA)',NULL,NULL,NULL,NULL,NULL,1442,564),(101513,'C','Bacteria','Staphylococcus aureus',NULL,NULL,NULL,NULL,NULL,1443,564),(101514,'C','Bacteria','Staphylococcus epidermidis<sub> (2)</sub>',NULL,NULL,NULL,NULL,NULL,1444,564),(101515,'C','Bacteria','Streptococcus faecalis',NULL,NULL,NULL,NULL,NULL,1445,564),(101516,'C','Fungi','Aspergillus niger',NULL,NULL,NULL,NULL,NULL,1446,564),(101517,'C','Fungi','Candida albicans',NULL,NULL,NULL,NULL,NULL,1447,564),(101518,'C','Fungi','Trichophyton mentagrophytes [Athlete\'s Foot Fungus]',NULL,NULL,NULL,NULL,NULL,1448,564),(101519,'C','Fungi','[a cause of Ringworm] [a cause of Ringworm of the foot]',NULL,NULL,NULL,NULL,NULL,1449,564),(101520,'C','Viruses','*Adenovirus Type 4',NULL,NULL,NULL,NULL,NULL,1450,564),(101521,'C','Viruses','*Avian polyomavirus',NULL,NULL,NULL,NULL,NULL,1451,564),(101522,'C','Viruses','*Canine distemper',NULL,NULL,NULL,NULL,NULL,1452,564),(101523,'C','Viruses','*Canine parvovirus- at 2 oz. per gallon',NULL,NULL,NULL,NULL,NULL,1453,564),(101524,'C','Viruses','*Feline leukemia',NULL,NULL,NULL,NULL,NULL,1454,564),(101525,'C','Viruses','*Feline picomavirus',NULL,NULL,NULL,NULL,NULL,1455,564),(101526,'C','Viruses','*HIV-1 (AIDS virus)',NULL,NULL,NULL,NULL,NULL,1456,564),(101527,'C','Viruses','*Hepatitis B Virus (HBV)',NULL,NULL,NULL,NULL,NULL,1457,564),(101528,'C','Viruses','*Hepatitis C Virus (HCV)',NULL,NULL,NULL,NULL,NULL,1458,564),(101529,'C','Viruses','*Herpes Simplex Type 1',NULL,NULL,NULL,NULL,NULL,1459,564),(101530,'C','Viruses','*Herpes Simplex Type 2',NULL,NULL,NULL,NULL,NULL,1460,564),(101531,'C','Viruses','*Human coronavirus ',NULL,NULL,NULL,NULL,NULL,1461,564),(101532,'C','Viruses','*Infectious bovine rhinotracheitis',NULL,NULL,NULL,NULL,NULL,1462,564),(101533,'C','Viruses','*Infectious bronchitis (Avian IBV)',NULL,NULL,NULL,NULL,NULL,1463,564),(101534,'C','Viruses','*Influenza A/ Hong Kong',NULL,NULL,NULL,NULL,NULL,1464,564),(101535,'C','Viruses','*Pseudorabies (PRV)',NULL,NULL,NULL,NULL,NULL,1465,564),(101536,'C','Viruses','*Rabies',NULL,NULL,NULL,NULL,NULL,1466,564),(101537,'C','Viruses','*Respiratory Syncytial Virus (RSV)',NULL,NULL,NULL,NULL,NULL,1467,564),(101538,'C','Viruses','*Rubella (German Measles)',NULL,NULL,NULL,NULL,NULL,1468,564),(101539,'C','Viruses','*Transmissible gastroenteritis virus (TGE)\Z',NULL,NULL,NULL,NULL,NULL,1469,564),(101540,'C','Viruses','*Vaccinia [Pox virus]',NULL,NULL,NULL,NULL,NULL,1470,564),(101541,'S',NULL,'Appliances',NULL,NULL,NULL,NULL,NULL,1390,564),(101542,'S',NULL,'Bathroom fixtures',NULL,NULL,NULL,NULL,NULL,1391,564),(101543,'S',NULL,'Bathtubs (Fiberglass)',NULL,NULL,NULL,NULL,NULL,1392,564),(101544,'S',NULL,'Cabinets',NULL,NULL,NULL,NULL,NULL,1393,564),(101545,'S',NULL,'Cages',NULL,NULL,NULL,NULL,NULL,1394,564),(101546,'S',NULL,'Chairs',NULL,NULL,NULL,NULL,NULL,1395,564),(101547,'S',NULL,'Coils and drain pans of air conditioning and refrigeration equipment and heat pumps',NULL,NULL,NULL,NULL,NULL,1396,564),(101548,'S',NULL,'Conductive flooring',NULL,NULL,NULL,NULL,NULL,1397,564),(101549,'S',NULL,'Counters (countertops)',NULL,NULL,NULL,NULL,NULL,1398,564),(101550,'S',NULL,'Countertop laminates',NULL,NULL,NULL,NULL,NULL,1399,564),(101551,'L',NULL,'Airports',NULL,NULL,NULL,NULL,NULL,1401,564),(101552,'L',NULL,'Animal Care',NULL,NULL,NULL,NULL,NULL,1402,564),(101553,'L',NULL,'Animal Laboratories',NULL,NULL,NULL,NULL,NULL,1403,564),(101554,'L',NULL,'Animal Life Science Laboratories',NULL,NULL,NULL,NULL,NULL,1404,564),(101555,'L',NULL,'Athletic Facilities',NULL,NULL,NULL,NULL,NULL,1405,564),(101556,'L',NULL,'Automotive Industy',NULL,NULL,NULL,NULL,NULL,1406,564),(101557,'L',NULL,'Barber Shops',NULL,NULL,NULL,NULL,NULL,1407,564),(101558,'L',NULL,'Bars',NULL,NULL,NULL,NULL,NULL,1408,564),(101559,'L',NULL,'Bathrooms',NULL,NULL,NULL,NULL,NULL,1409,564),(101560,'L',NULL,'Beverage Plants',NULL,NULL,NULL,NULL,NULL,1410,564),(101561,'L',NULL,'Airplanes',NULL,NULL,NULL,NULL,NULL,1471,564),(101562,'L',NULL,'Cafeterias',NULL,NULL,NULL,NULL,NULL,1472,564),(101563,'T',NULL,'Algaecide',NULL,NULL,NULL,NULL,NULL,1412,564),(101564,'T',NULL,'Disinfectant',NULL,NULL,NULL,NULL,NULL,1413,564),(101565,'T',NULL,'Fungicide',NULL,NULL,NULL,NULL,NULL,1414,564),(101566,'T',NULL,'General Purpose Anti-microbial',NULL,NULL,NULL,NULL,NULL,1415,564),(101567,'T',NULL,'Sanitizer',NULL,NULL,NULL,NULL,NULL,1416,564),(101568,'T',NULL,'Tuberculocide',NULL,NULL,NULL,NULL,NULL,1417,564),(101569,'T',NULL,'Viruscide',NULL,NULL,NULL,NULL,NULL,1418,564),(105508,'C','Bacteria','Acinetobacter calcoaceticus',NULL,NULL,NULL,NULL,NULL,1204,612),(105509,'C','Bacteria','Bordetella bronchiseptica',NULL,NULL,NULL,NULL,NULL,1205,612),(105510,'C','Bacteria','Chlamydia psittaci',NULL,NULL,NULL,NULL,NULL,1206,612),(105511,'C','Bacteria','Acinetobacter calcoaceticus',NULL,NULL,NULL,NULL,NULL,1419,612),(105512,'C','Bacteria','Bordetella bronchiseptica',NULL,NULL,NULL,NULL,NULL,1420,612),(105513,'C','Bacteria','Chlamydia psittaci',NULL,NULL,NULL,NULL,NULL,1421,612),(105514,'C','Bacteria','Enterobacter aerogenes',NULL,NULL,NULL,NULL,NULL,1422,612),(105515,'C','Bacteria','Enterobacter cloacae',NULL,NULL,NULL,NULL,NULL,1423,612),(105516,'C','Bacteria','Enterococcus faecalis- Vancomycin Resistant (VRE)',NULL,NULL,NULL,NULL,NULL,1424,612),(105517,'C','Bacteria','Escherichi',NULL,NULL,NULL,NULL,NULL,1425,612),(105518,'C','Bacteria','Fusobacterium necrophorum',NULL,NULL,NULL,NULL,NULL,1426,612),(105519,'C','Bacteria','Kiebsiella pneumoniae',NULL,NULL,NULL,NULL,NULL,1427,612),(105520,'C','Bacteria','Legionella pneumophilia',NULL,NULL,NULL,NULL,NULL,1428,612),(105521,'C','Bacteria','Listeria monocytogenes',NULL,NULL,NULL,NULL,NULL,1429,612),(105522,'C','Bacteria','Pasteurella multocida ',NULL,NULL,NULL,NULL,NULL,1430,612),(105523,'C','Bacteria','Proteus mirabilis',NULL,NULL,NULL,NULL,NULL,1431,612),(105524,'C','Bacteria','Proteus vulgaris',NULL,NULL,NULL,NULL,NULL,1432,612),(105525,'C','Bacteria','Pseudomonas aeruginosa',NULL,NULL,NULL,NULL,NULL,1433,612),(105526,'C','Bacteria','Salmonella choleraesuis',NULL,NULL,NULL,NULL,NULL,1434,612),(105527,'C','Bacteria','Salmonella enteritidis',NULL,NULL,NULL,NULL,NULL,1435,612),(105528,'C','Bacteria','Salmonella typhi',NULL,NULL,NULL,NULL,NULL,1436,612),(105529,'C','Bacteria','Salmonella typhimurium',NULL,NULL,NULL,NULL,NULL,1437,612),(105530,'C','Bacteria','Serratia marcescens',NULL,NULL,NULL,NULL,NULL,1438,612),(105531,'C','Bacteria','Shigella fiexneri',NULL,NULL,NULL,NULL,NULL,1439,612),(105532,'C','Bacteria','Shigella sonnei',NULL,NULL,NULL,NULL,NULL,1440,612),(105533,'C','Bacteria','Staphylococcus aureus- Methicillin resistant (MRSA)',NULL,NULL,NULL,NULL,NULL,1441,612),(105534,'C','Bacteria','Staphylococcus aureus- Vancomycin Intermediate Resistant (VISA)',NULL,NULL,NULL,NULL,NULL,1442,612),(105535,'C','Bacteria','Staphylococcus aureus',NULL,NULL,NULL,NULL,NULL,1443,612),(105536,'C','Bacteria','Staphylococcus epidermidis<sub> (2)</sub>',NULL,NULL,NULL,NULL,NULL,1444,612),(105537,'C','Bacteria','Streptococcus faecalis',NULL,NULL,NULL,NULL,NULL,1445,612),(105538,'C','Fungi','Aspergillus niger',NULL,NULL,NULL,NULL,NULL,1446,612),(105539,'C','Fungi','Candida albicans',NULL,NULL,NULL,NULL,NULL,1447,612),(105540,'C','Fungi','Trichophyton mentagrophytes [Athlete\'s Foot Fungus]',NULL,NULL,NULL,NULL,NULL,1448,612),(105541,'C','Fungi','[a cause of Ringworm] [a cause of Ringworm of the foot]',NULL,NULL,NULL,NULL,NULL,1449,612),(105542,'C','Viruses','*Adenovirus Type 4',NULL,NULL,NULL,NULL,NULL,1450,612),(105543,'C','Viruses','*Avian polyomavirus',NULL,NULL,NULL,NULL,NULL,1451,612),(105544,'C','Viruses','*Canine distemper',NULL,NULL,NULL,NULL,NULL,1452,612),(105545,'C','Viruses','*Canine parvovirus- at 2 oz. per gallon',NULL,NULL,NULL,NULL,NULL,1453,612),(105546,'C','Viruses','*Feline leukemia',NULL,NULL,NULL,NULL,NULL,1454,612),(105547,'C','Viruses','*Feline picomavirus',NULL,NULL,NULL,NULL,NULL,1455,612),(105548,'C','Viruses','*HIV-1 (AIDS virus)',NULL,NULL,NULL,NULL,NULL,1456,612),(105549,'C','Viruses','*Hepatitis B Virus (HBV)',NULL,NULL,NULL,NULL,NULL,1457,612),(105550,'C','Viruses','*Hepatitis C Virus (HCV)',NULL,NULL,NULL,NULL,NULL,1458,612),(105551,'C','Viruses','*Herpes Simplex Type 1',NULL,NULL,NULL,NULL,NULL,1459,612),(105552,'C','Viruses','*Herpes Simplex Type 2',NULL,NULL,NULL,NULL,NULL,1460,612),(105553,'C','Viruses','*Human coronavirus ',NULL,NULL,NULL,NULL,NULL,1461,612),(105554,'C','Viruses','*Infectious bovine rhinotracheitis',NULL,NULL,NULL,NULL,NULL,1462,612),(105555,'C','Viruses','*Infectious bronchitis (Avian IBV)',NULL,NULL,NULL,NULL,NULL,1463,612),(105556,'C','Viruses','*Influenza A/ Hong Kong',NULL,NULL,NULL,NULL,NULL,1464,612),(105557,'C','Viruses','*Pseudorabies (PRV)',NULL,NULL,NULL,NULL,NULL,1465,612),(105558,'C','Viruses','*Rabies',NULL,NULL,NULL,NULL,NULL,1466,612),(105559,'C','Viruses','*Respiratory Syncytial Virus (RSV)',NULL,NULL,NULL,NULL,NULL,1467,612),(105560,'C','Viruses','*Rubella (German Measles)',NULL,NULL,NULL,NULL,NULL,1468,612),(105561,'C','Viruses','*Transmissible gastroenteritis virus (TGE)\Z',NULL,NULL,NULL,NULL,NULL,1469,612),(105562,'C','Viruses','*Vaccinia [Pox virus]',NULL,NULL,NULL,NULL,NULL,1470,612),(105563,'S',NULL,'Appliances',NULL,NULL,NULL,NULL,NULL,1390,612),(105564,'S',NULL,'Bathroom fixtures',NULL,NULL,NULL,NULL,NULL,1391,612),(105565,'S',NULL,'Bathtubs (Fiberglass)',NULL,NULL,NULL,NULL,NULL,1392,612),(105566,'S',NULL,'Cabinets',NULL,NULL,NULL,NULL,NULL,1393,612),(105567,'S',NULL,'Cages',NULL,NULL,NULL,NULL,NULL,1394,612),(105568,'S',NULL,'Chairs',NULL,NULL,NULL,NULL,NULL,1395,612),(105569,'S',NULL,'Coils and drain pans of air conditioning and refrigeration equipment and heat pumps',NULL,NULL,NULL,NULL,NULL,1396,612),(105570,'S',NULL,'Conductive flooring',NULL,NULL,NULL,NULL,NULL,1397,612),(105571,'S',NULL,'Counters (countertops)',NULL,NULL,NULL,NULL,NULL,1398,612),(105572,'S',NULL,'Countertop laminates',NULL,NULL,NULL,NULL,NULL,1399,612),(105573,'L',NULL,'Airports',NULL,NULL,NULL,NULL,NULL,1401,612),(105574,'L',NULL,'Animal Care',NULL,NULL,NULL,NULL,NULL,1402,612),(105575,'L',NULL,'Animal Laboratories',NULL,NULL,NULL,NULL,NULL,1403,612),(105576,'L',NULL,'Animal Life Science Laboratories',NULL,NULL,NULL,NULL,NULL,1404,612),(105577,'L',NULL,'Athletic Facilities',NULL,NULL,NULL,NULL,NULL,1405,612),(105578,'L',NULL,'Automotive Industy',NULL,NULL,NULL,NULL,NULL,1406,612),(105579,'L',NULL,'Barber Shops',NULL,NULL,NULL,NULL,NULL,1407,612),(105580,'L',NULL,'Bars',NULL,NULL,NULL,NULL,NULL,1408,612),(105581,'L',NULL,'Bathrooms',NULL,NULL,NULL,NULL,NULL,1409,612),(105582,'L',NULL,'Beverage Plants',NULL,NULL,NULL,NULL,NULL,1410,612),(105583,'L',NULL,'Airplanes',NULL,NULL,NULL,NULL,NULL,1471,612),(105584,'L',NULL,'Cafeterias',NULL,NULL,NULL,NULL,NULL,1472,612),(105585,'T',NULL,'Algaecide',NULL,NULL,NULL,NULL,NULL,1412,612),(105586,'T',NULL,'Disinfectant',NULL,NULL,NULL,NULL,NULL,1413,612),(105587,'T',NULL,'Fungicide',NULL,NULL,NULL,NULL,NULL,1414,612),(105588,'T',NULL,'General Purpose Anti-microbial',NULL,NULL,NULL,NULL,NULL,1415,612),(105589,'T',NULL,'Sanitizer',NULL,NULL,NULL,NULL,NULL,1416,612),(105590,'T',NULL,'Tuberculocide',NULL,NULL,NULL,NULL,NULL,1417,612),(105591,'T',NULL,'Viruscide',NULL,NULL,NULL,NULL,NULL,1418,612),(105758,'C','Bacteria','Acinetobacter calcoaceticus',NULL,NULL,NULL,NULL,NULL,3421,615),(105759,'C','Bacteria','Bordetella bronchiseptica',NULL,NULL,NULL,NULL,NULL,3422,615),(105760,'C','Bacteria','Chlamydia psittaci',NULL,NULL,NULL,NULL,NULL,3423,615),(105761,'C','Bacteria','Acinetobacter calcoaceticus',NULL,NULL,NULL,NULL,NULL,3424,615),(105762,'C','Bacteria','Bordetella bronchiseptica',NULL,NULL,NULL,NULL,NULL,3425,615),(105763,'C','Bacteria','Chlamydia psittaci',NULL,NULL,NULL,NULL,NULL,3426,615),(105764,'C','Bacteria','Enterobacter aerogenes',NULL,NULL,NULL,NULL,NULL,3427,615),(105765,'C','Bacteria','Enterobacter cloacae',NULL,NULL,NULL,NULL,NULL,3428,615),(105766,'C','Bacteria','Enterococcus faecalis- Vancomycin Resistant (VRE)',NULL,NULL,NULL,NULL,NULL,3429,615),(105767,'C','Bacteria','Escherichi',NULL,NULL,NULL,NULL,NULL,3430,615),(105768,'C','Bacteria','Fusobacterium necrophorum',NULL,NULL,NULL,NULL,NULL,3431,615),(105769,'C','Bacteria','Kiebsiella pneumoniae',NULL,NULL,NULL,NULL,NULL,3432,615),(105770,'C','Bacteria','Legionella pneumophilia',NULL,NULL,NULL,NULL,NULL,3433,615),(105771,'C','Bacteria','Listeria monocytogenes',NULL,NULL,NULL,NULL,NULL,3434,615),(105772,'C','Bacteria','Pasteurella multocida ',NULL,NULL,NULL,NULL,NULL,3435,615),(105773,'C','Bacteria','Proteus mirabilis',NULL,NULL,NULL,NULL,NULL,3436,615),(105774,'C','Bacteria','Proteus vulgaris',NULL,NULL,NULL,NULL,NULL,3437,615),(105775,'C','Bacteria','Pseudomonas aeruginosa',NULL,NULL,NULL,NULL,NULL,3438,615),(105776,'C','Bacteria','Salmonella choleraesuis',NULL,NULL,NULL,NULL,NULL,3439,615),(105777,'C','Bacteria','Salmonella enteritidis',NULL,NULL,NULL,NULL,NULL,3440,615),(105778,'C','Bacteria','Salmonella typhi',NULL,NULL,NULL,NULL,NULL,3441,615),(105779,'C','Bacteria','Salmonella typhimurium',NULL,NULL,NULL,NULL,NULL,3442,615),(105780,'C','Bacteria','Serratia marcescens',NULL,NULL,NULL,NULL,NULL,3443,615),(105781,'C','Bacteria','Shigella fiexneri',NULL,NULL,NULL,NULL,NULL,3444,615),(105782,'C','Bacteria','Shigella sonnei',NULL,NULL,NULL,NULL,NULL,3445,615),(105783,'C','Bacteria','Staphylococcus aureus- Methicillin resistant (MRSA)',NULL,NULL,NULL,NULL,NULL,3446,615),(105784,'C','Bacteria','Staphylococcus aureus- Vancomycin Intermediate Resistant (VISA)',NULL,NULL,NULL,NULL,NULL,3447,615),(105785,'C','Bacteria','Staphylococcus aureus',NULL,NULL,NULL,NULL,NULL,3448,615),(105786,'C','Bacteria','Staphylococcus epidermidis',NULL,NULL,NULL,NULL,NULL,3449,615),(105787,'C','Bacteria','Streptococcus faecalis',NULL,NULL,NULL,NULL,NULL,3450,615),(105788,'C','Fungi','Aspergillus niger',NULL,NULL,NULL,NULL,NULL,3451,615),(105789,'C','Fungi','Candida albicans',NULL,NULL,NULL,NULL,NULL,3452,615),(105790,'C','Fungi','Trichophyton mentagrophytes [Athlete\'s Foot Fungus]',NULL,NULL,NULL,NULL,NULL,3453,615),(105791,'C','Fungi','[a cause of Ringworm] [a cause of Ringworm of the foot]',NULL,NULL,NULL,NULL,NULL,3454,615),(105792,'C','Viruses','*Adenovirus Type 4',NULL,NULL,NULL,NULL,NULL,3455,615),(105793,'C','Viruses','*Avian polyomavirus',NULL,NULL,NULL,NULL,NULL,3456,615),(105794,'C','Viruses','*Canine distemper',NULL,NULL,NULL,NULL,NULL,3457,615),(105795,'C','Viruses','*Canine parvovirus- at 2 oz. per gallon',NULL,NULL,NULL,NULL,NULL,3458,615),(105796,'C','Viruses','*Feline leukemia',NULL,NULL,NULL,NULL,NULL,3459,615),(105797,'C','Viruses','*Feline picomavirus',NULL,NULL,NULL,NULL,NULL,3460,615),(105798,'C','Viruses','*HIV-1 (AIDS virus)',NULL,NULL,NULL,NULL,NULL,3461,615),(105799,'C','Viruses','*Hepatitis B Virus (HBV)',NULL,NULL,NULL,NULL,NULL,3462,615),(105800,'C','Viruses','*Hepatitis C Virus (HCV)',NULL,NULL,NULL,NULL,NULL,3463,615),(105801,'C','Viruses','*Herpes Simplex Type 1',NULL,NULL,NULL,NULL,NULL,3464,615),(105802,'C','Viruses','*Herpes Simplex Type 2',NULL,NULL,NULL,NULL,NULL,3465,615),(105803,'C','Viruses','*Human coronavirus ',NULL,NULL,NULL,NULL,NULL,3466,615),(105804,'C','Viruses','*Infectious bovine rhinotracheitis',NULL,NULL,NULL,NULL,NULL,3467,615),(105805,'C','Viruses','*Infectious bronchitis (Avian IBV)',NULL,NULL,NULL,NULL,NULL,3468,615),(105806,'C','Viruses','*Influenza A/ Hong Kong',NULL,NULL,NULL,NULL,NULL,3469,615),(105807,'C','Viruses','*Pseudorabies (PRV)',NULL,NULL,NULL,NULL,NULL,3470,615),(105808,'C','Viruses','*Rabies',NULL,NULL,NULL,NULL,NULL,3471,615),(105809,'C','Viruses','*Respiratory Syncytial Virus (RSV)',NULL,NULL,NULL,NULL,NULL,3472,615),(105810,'C','Viruses','*Rubella (German Measles)',NULL,NULL,NULL,NULL,NULL,3473,615),(105811,'C','Viruses','*Transmissible gastroenteritis virus (TGE)\Z',NULL,NULL,NULL,NULL,NULL,3474,615),(105812,'C','Viruses','*Vaccinia [Pox virus]',NULL,NULL,NULL,NULL,NULL,3475,615),(105813,'S',NULL,'Appliances',NULL,NULL,NULL,NULL,NULL,3476,615),(105814,'S',NULL,'Bathroom fixtures',NULL,NULL,NULL,NULL,NULL,3477,615),(105815,'S',NULL,'Bathtubs (Fiberglass)',NULL,NULL,NULL,NULL,NULL,3478,615),(105816,'S',NULL,'Cabinets',NULL,NULL,NULL,NULL,NULL,3479,615),(105817,'S',NULL,'Cages',NULL,NULL,NULL,NULL,NULL,3480,615),(105818,'S',NULL,'Chairs',NULL,NULL,NULL,NULL,NULL,3481,615),(105819,'S',NULL,'Coils and drain pans',NULL,NULL,NULL,NULL,NULL,3482,615),(105820,'S',NULL,'Conductive flooring',NULL,NULL,NULL,NULL,NULL,3483,615),(105821,'S',NULL,'Counters (countertops)',NULL,NULL,NULL,NULL,NULL,3484,615),(105822,'S',NULL,'Countertop laminates',NULL,NULL,NULL,NULL,NULL,3485,615),(105823,'L',NULL,'Airports',NULL,NULL,NULL,NULL,NULL,3486,615),(105824,'L',NULL,'Animal Care',NULL,NULL,NULL,NULL,NULL,3487,615),(105825,'L',NULL,'Animal Laboratories',NULL,NULL,NULL,NULL,NULL,3488,615),(105826,'L',NULL,'Athletic Facilities',NULL,NULL,NULL,NULL,NULL,3489,615),(105827,'L',NULL,'Automotive Industy',NULL,NULL,NULL,NULL,NULL,3490,615),(105828,'L',NULL,'Barber Shops',NULL,NULL,NULL,NULL,NULL,3491,615),(105829,'L',NULL,'Bars',NULL,NULL,NULL,NULL,NULL,3492,615),(105830,'L',NULL,'Bathrooms',NULL,NULL,NULL,NULL,NULL,3493,615),(105831,'L',NULL,'Beverage Plants',NULL,NULL,NULL,NULL,NULL,3494,615),(105832,'L',NULL,'Airplanes',NULL,NULL,NULL,NULL,NULL,3495,615),(105833,'L',NULL,'Cafeterias',NULL,NULL,NULL,NULL,NULL,3496,615),(105834,'T',NULL,'Algaecide',NULL,NULL,NULL,NULL,NULL,3497,615),(105835,'T',NULL,'Disinfectant',NULL,NULL,NULL,NULL,NULL,3498,615),(105836,'T',NULL,'Fungicide',NULL,NULL,NULL,NULL,NULL,3499,615),(105837,'T',NULL,'General Purpose Anti-microbial',NULL,NULL,NULL,NULL,NULL,3500,615),(105838,'T',NULL,'Sanitizer',NULL,NULL,NULL,NULL,NULL,3501,615),(105839,'T',NULL,'Tuberculocide',NULL,NULL,NULL,NULL,NULL,3502,615),(105840,'T',NULL,'Viruscide',NULL,NULL,NULL,NULL,NULL,3503,615),(105841,'C','Bacteria','Acinetobacter calcoaceticus',NULL,NULL,NULL,NULL,NULL,1204,616),(105842,'C','Bacteria','Bordetella bronchiseptica',NULL,NULL,NULL,NULL,NULL,1205,616),(105843,'C','Bacteria','Chlamydia psittaci',NULL,NULL,NULL,NULL,NULL,1206,616),(105844,'C','Bacteria','Acinetobacter calcoaceticus',NULL,NULL,NULL,NULL,NULL,1419,616),(105845,'C','Bacteria','Bordetella bronchiseptica',NULL,NULL,NULL,NULL,NULL,1420,616),(105846,'C','Bacteria','Chlamydia psittaci',NULL,NULL,NULL,NULL,NULL,1421,616),(105847,'C','Bacteria','Enterobacter aerogenes',NULL,NULL,NULL,NULL,NULL,1422,616),(105848,'C','Bacteria','Enterobacter cloacae',NULL,NULL,NULL,NULL,NULL,1423,616),(105849,'C','Bacteria','Enterococcus faecalis- Vancomycin Resistant (VRE)',NULL,NULL,NULL,NULL,NULL,1424,616),(105850,'C','Bacteria','Escherichi',NULL,NULL,NULL,NULL,NULL,1425,616),(105851,'C','Bacteria','Fusobacterium necrophorum',NULL,NULL,NULL,NULL,NULL,1426,616),(105852,'C','Bacteria','Kiebsiella pneumoniae',NULL,NULL,NULL,NULL,NULL,1427,616),(105853,'C','Bacteria','Legionella pneumophilia',NULL,NULL,NULL,NULL,NULL,1428,616),(105854,'C','Bacteria','Listeria monocytogenes',NULL,NULL,NULL,NULL,NULL,1429,616),(105855,'C','Bacteria','Pasteurella multocida ',NULL,NULL,NULL,NULL,NULL,1430,616),(105856,'C','Bacteria','Proteus mirabilis',NULL,NULL,NULL,NULL,NULL,1431,616),(105857,'C','Bacteria','Proteus vulgaris',NULL,NULL,NULL,NULL,NULL,1432,616),(105858,'C','Bacteria','Pseudomonas aeruginosa',NULL,NULL,NULL,NULL,NULL,1433,616),(105859,'C','Bacteria','Salmonella choleraesuis',NULL,NULL,NULL,NULL,NULL,1434,616),(105860,'C','Bacteria','Salmonella enteritidis',NULL,NULL,NULL,NULL,NULL,1435,616),(105861,'C','Bacteria','Salmonella typhi',NULL,NULL,NULL,NULL,NULL,1436,616),(105862,'C','Bacteria','Salmonella typhimurium',NULL,NULL,NULL,NULL,NULL,1437,616),(105863,'C','Bacteria','Serratia marcescens',NULL,NULL,NULL,NULL,NULL,1438,616),(105864,'C','Bacteria','Shigella fiexneri',NULL,NULL,NULL,NULL,NULL,1439,616),(105865,'C','Bacteria','Shigella sonnei',NULL,NULL,NULL,NULL,NULL,1440,616),(105866,'C','Bacteria','Staphylococcus aureus- Methicillin resistant (MRSA)',NULL,NULL,NULL,NULL,NULL,1441,616),(105867,'C','Bacteria','Staphylococcus aureus- Vancomycin Intermediate Resistant (VISA)',NULL,NULL,NULL,NULL,NULL,1442,616),(105868,'C','Bacteria','Staphylococcus aureus',NULL,NULL,NULL,NULL,NULL,1443,616),(105869,'C','Bacteria','Staphylococcus epidermidis<sub> (2)</sub>',NULL,NULL,NULL,NULL,NULL,1444,616),(105870,'C','Bacteria','Streptococcus faecalis',NULL,NULL,NULL,NULL,NULL,1445,616),(105871,'C','Fungi','Aspergillus niger',NULL,NULL,NULL,NULL,NULL,1446,616),(105872,'C','Fungi','Candida albicans',NULL,NULL,NULL,NULL,NULL,1447,616),(105873,'C','Fungi','Trichophyton mentagrophytes [Athlete\'s Foot Fungus]',NULL,NULL,NULL,NULL,NULL,1448,616),(105874,'C','Fungi','[a cause of Ringworm] [a cause of Ringworm of the foot]',NULL,NULL,NULL,NULL,NULL,1449,616),(105875,'C','Viruses','*Adenovirus Type 4',NULL,NULL,NULL,NULL,NULL,1450,616),(105876,'C','Viruses','*Avian polyomavirus',NULL,NULL,NULL,NULL,NULL,1451,616),(105877,'C','Viruses','*Canine distemper',NULL,NULL,NULL,NULL,NULL,1452,616),(105878,'C','Viruses','*Canine parvovirus- at 2 oz. per gallon',NULL,NULL,NULL,NULL,NULL,1453,616),(105879,'C','Viruses','*Feline leukemia',NULL,NULL,NULL,NULL,NULL,1454,616),(105880,'C','Viruses','*Feline picomavirus',NULL,NULL,NULL,NULL,NULL,1455,616),(105881,'C','Viruses','*HIV-1 (AIDS virus)',NULL,NULL,NULL,NULL,NULL,1456,616),(105882,'C','Viruses','*Hepatitis B Virus (HBV)',NULL,NULL,NULL,NULL,NULL,1457,616),(105883,'C','Viruses','*Hepatitis C Virus (HCV)',NULL,NULL,NULL,NULL,NULL,1458,616),(105884,'C','Viruses','*Herpes Simplex Type 1',NULL,NULL,NULL,NULL,NULL,1459,616),(105885,'C','Viruses','*Herpes Simplex Type 2',NULL,NULL,NULL,NULL,NULL,1460,616),(105886,'C','Viruses','*Human coronavirus ',NULL,NULL,NULL,NULL,NULL,1461,616),(105887,'C','Viruses','*Infectious bovine rhinotracheitis',NULL,NULL,NULL,NULL,NULL,1462,616),(105888,'C','Viruses','*Infectious bronchitis (Avian IBV)',NULL,NULL,NULL,NULL,NULL,1463,616),(105889,'C','Viruses','*Influenza A/ Hong Kong',NULL,NULL,NULL,NULL,NULL,1464,616),(105890,'C','Viruses','*Pseudorabies (PRV)',NULL,NULL,NULL,NULL,NULL,1465,616),(105891,'C','Viruses','*Rabies',NULL,NULL,NULL,NULL,NULL,1466,616),(105892,'C','Viruses','*Respiratory Syncytial Virus (RSV)',NULL,NULL,NULL,NULL,NULL,1467,616),(105893,'C','Viruses','*Rubella (German Measles)',NULL,NULL,NULL,NULL,NULL,1468,616),(105894,'C','Viruses','*Transmissible gastroenteritis virus (TGE)\Z',NULL,NULL,NULL,NULL,NULL,1469,616),(105895,'C','Viruses','*Vaccinia [Pox virus]',NULL,NULL,NULL,NULL,NULL,1470,616),(105896,'S',NULL,'Appliances',NULL,NULL,NULL,NULL,NULL,1390,616),(105897,'S',NULL,'Bathroom fixtures',NULL,NULL,NULL,NULL,NULL,1391,616),(105898,'S',NULL,'Bathtubs (Fiberglass)',NULL,NULL,NULL,NULL,NULL,1392,616),(105899,'S',NULL,'Cabinets',NULL,NULL,NULL,NULL,NULL,1393,616),(105900,'S',NULL,'Cages',NULL,NULL,NULL,NULL,NULL,1394,616),(105901,'S',NULL,'Chairs',NULL,NULL,NULL,NULL,NULL,1395,616),(105902,'S',NULL,'Coils and drain pans of air conditioning and refrigeration equipment and heat pumps',NULL,NULL,NULL,NULL,NULL,1396,616),(105903,'S',NULL,'Conductive flooring',NULL,NULL,NULL,NULL,NULL,1397,616),(105904,'S',NULL,'Counters (countertops)',NULL,NULL,NULL,NULL,NULL,1398,616),(105905,'S',NULL,'Countertop laminates',NULL,NULL,NULL,NULL,NULL,1399,616),(105906,'L',NULL,'Airports',NULL,NULL,NULL,NULL,NULL,1401,616),(105907,'L',NULL,'Animal Care',NULL,NULL,NULL,NULL,NULL,1402,616),(105908,'L',NULL,'Animal Laboratories',NULL,NULL,NULL,NULL,NULL,1403,616),(105909,'L',NULL,'Animal Life Science Laboratories',NULL,NULL,NULL,NULL,NULL,1404,616),(105910,'L',NULL,'Athletic Facilities',NULL,NULL,NULL,NULL,NULL,1405,616),(105911,'L',NULL,'Automotive Industy',NULL,NULL,NULL,NULL,NULL,1406,616),(105912,'L',NULL,'Barber Shops',NULL,NULL,NULL,NULL,NULL,1407,616),(105913,'L',NULL,'Bars',NULL,NULL,NULL,NULL,NULL,1408,616),(105914,'L',NULL,'Bathrooms',NULL,NULL,NULL,NULL,NULL,1409,616),(105915,'L',NULL,'Beverage Plants',NULL,NULL,NULL,NULL,NULL,1410,616),(105916,'L',NULL,'Airplanes',NULL,NULL,NULL,NULL,NULL,1471,616),(105917,'L',NULL,'Cafeterias',NULL,NULL,NULL,NULL,NULL,1472,616),(105918,'T',NULL,'Algaecide',NULL,NULL,NULL,NULL,NULL,1412,616),(105919,'T',NULL,'Disinfectant',NULL,NULL,NULL,NULL,NULL,1413,616),(105920,'T',NULL,'Fungicide',NULL,NULL,NULL,NULL,NULL,1414,616),(105921,'T',NULL,'General Purpose Anti-microbial',NULL,NULL,NULL,NULL,NULL,1415,616),(105922,'T',NULL,'Sanitizer',NULL,NULL,NULL,NULL,NULL,1416,616),(105923,'T',NULL,'Tuberculocide',NULL,NULL,NULL,NULL,NULL,1417,616),(105924,'T',NULL,'Viruscide',NULL,NULL,NULL,NULL,NULL,1418,616);
/*!40000 ALTER TABLE `spld_usage` ENABLE KEYS */;
UNLOCK TABLES;

--
-- Table structure for table `spld_usageordering`
--

DROP TABLE IF EXISTS `spld_usageordering`;
/*!40101 SET @saved_cs_client     = @@character_set_client */;
/*!40101 SET character_set_client = utf8 */;
CREATE TABLE `spld_usageordering` (
  `ID` int(11) NOT NULL,
  `AUTOSEQ` int(11) DEFAULT NULL,
  `AUTOSEQ02` int(11) DEFAULT NULL,
  `FK_ID_SPLD_USAGE` int(11) NOT NULL,
  `FK_ID_SPLD_MARKETINGSTATEMENT` int(11) DEFAULT NULL,
  `FK_ID_SPLDDIRECTIONSFORUSESTATEM` int(11) DEFAULT NULL,
  PRIMARY KEY (`ID`),
  KEY `SPLDUSAGEORDERINGFKIDSPLD10305` (`FK_ID_SPLD_USAGE`),
  KEY `SPLDUSAGEORDERINGFKIDSPLD10306` (`FK_ID_SPLD_MARKETINGSTATEMENT`),
  KEY `SPLDUSAGEORDERINGFKIDSPLD10308` (`FK_ID_SPLDDIRECTIONSFORUSESTATEM`)
) ENGINE=InnoDB DEFAULT CHARSET=utf8;
/*!40101 SET character_set_client = @saved_cs_client */;

--
-- Dumping data for table `spld_usageordering`
--

LOCK TABLES `spld_usageordering` WRITE;
/*!40000 ALTER TABLE `spld_usageordering` DISABLE KEYS */;
INSERT INTO `spld_usageordering` VALUES (1932,1,NULL,375,8,NULL),(1933,2,NULL,376,8,NULL),(1934,3,NULL,377,8,NULL),(1935,4,NULL,378,8,NULL),(1936,5,NULL,379,8,NULL),(1937,6,NULL,380,8,NULL),(1938,7,NULL,381,8,NULL),(1939,8,NULL,382,8,NULL),(1940,9,NULL,383,8,NULL),(1941,10,NULL,384,8,NULL),(1942,11,NULL,385,8,NULL),(1943,12,NULL,386,8,NULL),(1944,13,NULL,387,8,NULL),(1945,14,NULL,388,8,NULL),(1946,15,NULL,389,8,NULL),(1947,16,NULL,390,8,NULL),(1948,17,NULL,391,8,NULL),(1949,18,NULL,392,8,NULL),(1950,19,NULL,393,8,NULL),(1951,20,NULL,394,8,NULL),(1952,21,NULL,395,8,NULL),(1953,22,NULL,396,8,NULL),(1954,23,NULL,397,8,NULL),(1955,24,NULL,398,8,NULL),(1956,25,NULL,399,8,NULL),(1957,26,NULL,400,8,NULL),(1958,27,NULL,401,8,NULL),(1959,28,NULL,402,8,NULL),(1960,29,NULL,403,8,NULL),(1961,1,NULL,375,10,NULL),(1962,2,NULL,376,10,NULL),(1963,3,NULL,377,10,NULL),(1964,4,NULL,378,10,NULL),(1965,5,NULL,379,10,NULL),(1966,6,NULL,380,10,NULL),(1967,7,NULL,381,10,NULL),(1968,8,NULL,382,10,NULL),(1969,9,NULL,383,10,NULL),(1970,10,NULL,384,10,NULL),(1971,11,NULL,385,10,NULL),(1972,12,NULL,386,10,NULL),(1973,13,NULL,387,10,NULL),(1974,14,NULL,388,10,NULL),(1975,15,NULL,389,10,NULL),(1976,16,NULL,390,10,NULL),(1977,17,NULL,391,10,NULL),(1978,18,NULL,392,10,NULL),(1979,19,NULL,393,10,NULL),(1980,20,NULL,394,10,NULL),(1981,21,NULL,395,10,NULL),(1982,22,NULL,396,10,NULL),(1983,23,NULL,397,10,NULL),(1984,24,NULL,398,10,NULL),(1985,25,NULL,399,10,NULL),(1986,26,NULL,400,10,NULL),(1987,27,NULL,401,10,NULL),(1988,28,NULL,402,10,NULL),(1989,29,NULL,403,10,NULL),(1990,NULL,1,375,NULL,NULL),(1991,NULL,2,376,NULL,NULL),(1992,NULL,3,377,NULL,NULL),(1993,NULL,4,378,NULL,NULL),(1994,NULL,5,379,NULL,NULL),(1995,NULL,6,380,NULL,NULL),(1996,NULL,7,381,NULL,NULL),(1997,NULL,8,382,NULL,NULL),(1998,NULL,9,383,NULL,NULL),(1999,NULL,10,384,NULL,NULL),(2000,NULL,11,385,NULL,NULL),(2001,NULL,12,386,NULL,NULL),(2002,NULL,13,387,NULL,NULL),(2003,NULL,14,388,NULL,NULL),(2004,NULL,15,389,NULL,NULL),(2005,NULL,16,390,NULL,NULL),(2006,NULL,17,391,NULL,NULL),(2007,NULL,18,392,NULL,NULL),(2008,NULL,19,393,NULL,NULL),(2009,NULL,20,394,NULL,NULL),(2010,NULL,21,395,NULL,NULL),(2011,NULL,22,396,NULL,NULL),(2012,NULL,23,397,NULL,NULL),(2013,NULL,24,398,NULL,NULL),(2014,NULL,25,399,NULL,NULL),(2015,NULL,26,400,NULL,NULL),(2016,NULL,27,401,NULL,NULL),(2017,NULL,28,402,NULL,NULL),(2018,NULL,29,403,NULL,NULL),(4710,1,NULL,4638,82,NULL),(4711,2,NULL,4640,82,NULL),(4712,3,NULL,4639,82,NULL),(4713,4,NULL,4641,82,NULL),(4714,5,NULL,4642,82,NULL),(4715,6,NULL,4643,82,NULL),(4716,7,NULL,4644,82,NULL),(4717,8,NULL,4645,82,NULL),(4718,9,NULL,4646,82,NULL),(4719,10,NULL,4647,82,NULL),(4720,11,NULL,4649,82,NULL),(4721,12,NULL,4651,82,NULL),(4722,13,NULL,4655,82,NULL),(4723,14,NULL,4662,82,NULL),(4724,15,NULL,4663,82,NULL),(4725,16,NULL,4666,82,NULL),(4726,17,NULL,4669,82,NULL),(4727,18,NULL,4680,82,NULL),(4728,19,NULL,4681,82,NULL),(4729,20,NULL,4685,82,NULL),(4730,21,NULL,4689,82,NULL),(4731,22,NULL,4699,82,NULL),(4732,23,NULL,4701,82,NULL),(4733,24,NULL,4704,82,NULL),(4734,25,NULL,4709,82,NULL),(4735,26,NULL,4712,82,NULL),(4736,27,NULL,4719,82,NULL),(4737,28,NULL,4724,82,NULL),(4738,29,NULL,4725,82,NULL),(4739,30,NULL,4729,82,NULL),(4740,31,NULL,4731,82,NULL),(4741,32,NULL,4735,82,NULL),(4742,33,NULL,4746,82,NULL),(4743,34,NULL,4756,82,NULL),(4744,35,NULL,4760,82,NULL),(4745,36,NULL,4763,82,NULL),(4746,37,NULL,4692,82,NULL),(4747,NULL,1,4638,NULL,NULL),(4748,NULL,2,4640,NULL,NULL),(4749,NULL,3,4639,NULL,NULL),(4750,NULL,4,4641,NULL,NULL),(4751,NULL,5,4642,NULL,NULL),(4752,NULL,6,4643,NULL,NULL),(4753,NULL,7,4644,NULL,NULL),(4754,NULL,8,4645,NULL,NULL),(4755,NULL,9,4646,NULL,NULL),(4756,NULL,10,4647,NULL,NULL),(4757,NULL,11,4649,NULL,NULL),(4758,NULL,12,4651,NULL,NULL),(4759,NULL,13,4655,NULL,NULL),(4760,NULL,14,4662,NULL,NULL),(4761,NULL,15,4663,NULL,NULL),(4762,NULL,16,4666,NULL,NULL),(4763,NULL,17,4669,NULL,NULL),(4764,NULL,18,4680,NULL,NULL),(4765,NULL,19,4681,NULL,NULL),(4766,NULL,20,4685,NULL,NULL),(4767,NULL,21,4689,NULL,NULL),(4768,NULL,22,4699,NULL,NULL),(4769,NULL,23,4701,NULL,NULL),(4770,NULL,24,4704,NULL,NULL),(4771,NULL,25,4709,NULL,NULL),(4772,NULL,26,4712,NULL,NULL),(4773,NULL,27,4719,NULL,NULL),(4774,NULL,28,4724,NULL,NULL),(4775,NULL,29,4725,NULL,NULL),(4776,NULL,30,4729,NULL,NULL),(4777,NULL,31,4731,NULL,NULL),(4778,NULL,32,4735,NULL,NULL),(4779,NULL,33,4746,NULL,NULL),(4780,NULL,34,4756,NULL,NULL),(4781,NULL,35,4760,NULL,NULL),(4782,NULL,36,4763,NULL,NULL),(4783,NULL,37,4692,NULL,NULL),(4784,1,NULL,4733,85,NULL),(4785,2,NULL,4736,85,NULL),(4786,3,NULL,4738,85,NULL),(4787,4,NULL,4740,85,NULL),(4788,5,NULL,4696,85,NULL),(4789,6,NULL,4741,85,NULL),(4790,7,NULL,4743,85,NULL),(4791,8,NULL,4744,85,NULL),(4792,9,NULL,4747,85,NULL),(4793,10,NULL,4749,85,NULL),(4794,11,NULL,4751,85,NULL),(4795,12,NULL,4753,85,NULL),(4796,13,NULL,4755,85,NULL),(4797,14,NULL,4757,85,NULL),(4798,15,NULL,4758,85,NULL),(4799,16,NULL,4761,85,NULL),(4800,17,NULL,4764,85,NULL),(4801,18,NULL,4766,85,NULL),(4802,19,NULL,4768,85,NULL),(4803,20,NULL,4770,85,NULL),(4804,21,NULL,4772,85,NULL),(4805,22,NULL,4773,85,NULL),(4806,23,NULL,4775,85,NULL),(4807,24,NULL,4777,85,NULL),(4808,25,NULL,4779,85,NULL),(4809,26,NULL,4781,85,NULL),(4810,27,NULL,4783,85,NULL),(4811,28,NULL,4784,85,NULL),(4812,29,NULL,4785,85,NULL),(4813,30,NULL,4787,85,NULL),(4814,31,NULL,4788,85,NULL),(4815,32,NULL,4789,85,NULL),(4816,33,NULL,4791,85,NULL),(4817,NULL,1,4733,NULL,NULL),(4818,NULL,2,4736,NULL,NULL),(4819,NULL,3,4738,NULL,NULL),(4820,NULL,4,4740,NULL,NULL),(4821,NULL,5,4696,NULL,NULL),(4822,NULL,6,4741,NULL,NULL),(4823,NULL,7,4743,NULL,NULL),(4824,NULL,8,4744,NULL,NULL),(4825,NULL,9,4747,NULL,NULL),(4826,NULL,10,4749,NULL,NULL),(4827,NULL,11,4751,NULL,NULL),(4828,NULL,12,4753,NULL,NULL),(4829,NULL,13,4755,NULL,NULL),(4830,NULL,14,4757,NULL,NULL),(4831,NULL,15,4758,NULL,NULL),(4832,NULL,16,4761,NULL,NULL),(4833,NULL,17,4764,NULL,NULL),(4834,NULL,18,4766,NULL,NULL),(4835,NULL,19,4768,NULL,NULL),(4836,NULL,20,4770,NULL,NULL),(4837,NULL,21,4772,NULL,NULL),(4838,NULL,22,4773,NULL,NULL),(4839,NULL,23,4775,NULL,NULL),(4840,NULL,24,4777,NULL,NULL),(4841,NULL,25,4779,NULL,NULL),(4842,NULL,26,4781,NULL,NULL),(4843,NULL,27,4783,NULL,NULL),(4844,NULL,28,4784,NULL,NULL),(4845,NULL,29,4785,NULL,NULL),(4846,NULL,30,4787,NULL,NULL),(4847,NULL,31,4788,NULL,NULL),(4848,NULL,32,4789,NULL,NULL),(4849,NULL,33,4791,NULL,NULL),(5470,1,NULL,5776,127,NULL),(5471,2,NULL,5777,127,NULL),(5472,3,NULL,5778,127,NULL),(5473,4,NULL,5779,127,NULL),(5474,5,NULL,5780,127,NULL),(5475,6,NULL,5781,127,NULL),(5476,7,NULL,5782,127,NULL),(5477,8,NULL,5783,127,NULL),(5478,9,NULL,5804,127,NULL),(5479,10,NULL,5805,127,NULL),(5480,11,NULL,5784,127,NULL),(5481,12,NULL,5807,127,NULL),(5482,13,NULL,5808,127,NULL),(5483,14,NULL,5810,127,NULL),(5484,15,NULL,5785,127,NULL),(5485,16,NULL,5813,127,NULL),(5486,17,NULL,5815,127,NULL),(5487,18,NULL,5786,127,NULL),(5488,19,NULL,5787,127,NULL),(5489,20,NULL,5788,127,NULL),(5490,21,NULL,5789,127,NULL),(5491,22,NULL,5821,127,NULL),(5492,23,NULL,5823,127,NULL),(5493,24,NULL,5825,127,NULL),(5494,25,NULL,5827,127,NULL),(5495,26,NULL,5829,127,NULL),(5496,27,NULL,5790,127,NULL),(5497,28,NULL,5791,127,NULL),(5498,NULL,1,5776,NULL,NULL),(5499,NULL,2,5777,NULL,NULL),(5500,NULL,3,5778,NULL,NULL),(5501,NULL,4,5779,NULL,NULL),(5502,NULL,5,5780,NULL,NULL),(5503,NULL,6,5781,NULL,NULL),(5504,NULL,7,5782,NULL,NULL),(5505,NULL,8,5783,NULL,NULL),(5506,NULL,9,5804,NULL,NULL),(5507,NULL,10,5805,NULL,NULL),(5508,NULL,11,5784,NULL,NULL),(5509,NULL,12,5807,NULL,NULL),(5510,NULL,13,5808,NULL,NULL),(5511,NULL,14,5810,NULL,NULL),(5512,NULL,15,5785,NULL,NULL),(5513,NULL,16,5813,NULL,NULL),(5514,NULL,17,5815,NULL,NULL),(5515,NULL,18,5786,NULL,NULL),(5516,NULL,19,5787,NULL,NULL),(5517,NULL,20,5788,NULL,NULL),(5518,NULL,21,5789,NULL,NULL),(5519,NULL,22,5821,NULL,NULL),(5520,NULL,23,5823,NULL,NULL),(5521,NULL,24,5825,NULL,NULL),(5522,NULL,25,5827,NULL,NULL),(5523,NULL,26,5829,NULL,NULL),(5524,NULL,27,5790,NULL,NULL),(5525,NULL,28,5791,NULL,NULL),(5526,1,NULL,5804,128,NULL),(5527,2,NULL,5805,128,NULL),(5528,3,NULL,5807,128,NULL),(5529,4,NULL,5808,128,NULL),(5530,5,NULL,5810,128,NULL),(5531,6,NULL,5813,128,NULL),(5532,7,NULL,5919,128,NULL),(5533,8,NULL,5815,128,NULL),(5534,9,NULL,5932,128,NULL),(5535,10,NULL,5821,128,NULL),(5536,11,NULL,5823,128,NULL),(5537,12,NULL,5825,128,NULL),(5538,13,NULL,5942,128,NULL),(5539,14,NULL,5827,128,NULL),(5540,15,NULL,5829,128,NULL),(5541,NULL,1,5804,NULL,NULL),(5542,NULL,2,5805,NULL,NULL),(5543,NULL,3,5807,NULL,NULL),(5544,NULL,4,5808,NULL,NULL),(5545,NULL,5,5810,NULL,NULL),(5546,NULL,6,5813,NULL,NULL),(5547,NULL,7,5919,NULL,NULL),(5548,NULL,8,5815,NULL,NULL),(5549,NULL,9,5932,NULL,NULL),(5550,NULL,10,5821,NULL,NULL),(5551,NULL,11,5823,NULL,NULL),(5552,NULL,12,5825,NULL,NULL),(5553,NULL,13,5942,NULL,NULL),(5554,NULL,14,5827,NULL,NULL),(5555,NULL,15,5829,NULL,NULL),(5556,1,NULL,5792,131,NULL),(5557,2,NULL,5793,131,NULL),(5558,3,NULL,5794,131,NULL),(5559,4,NULL,5795,131,NULL),(5560,5,NULL,5796,131,NULL),(5561,6,NULL,5797,131,NULL),(5562,7,NULL,5798,131,NULL),(5563,8,NULL,5799,131,NULL),(5564,9,NULL,5800,131,NULL),(5565,10,NULL,5757,131,NULL),(5566,11,NULL,5758,131,NULL),(5567,12,NULL,5759,131,NULL),(5568,13,NULL,5760,131,NULL),(5569,14,NULL,5761,131,NULL),(5570,15,NULL,5762,131,NULL),(5571,16,NULL,5763,131,NULL),(5572,17,NULL,5764,131,NULL),(5573,18,NULL,5765,131,NULL),(5574,19,NULL,5766,131,NULL),(5575,20,NULL,5767,131,NULL),(5576,21,NULL,5768,131,NULL),(5577,22,NULL,5769,131,NULL),(5578,23,NULL,5770,131,NULL),(5579,24,NULL,5771,131,NULL),(5580,25,NULL,5772,131,NULL),(5581,26,NULL,5773,131,NULL),(5582,NULL,1,5792,NULL,NULL),(5583,NULL,2,5793,NULL,NULL),(5584,NULL,3,5794,NULL,NULL),(5585,NULL,4,5795,NULL,NULL),(5586,NULL,5,5796,NULL,NULL),(5587,NULL,6,5797,NULL,NULL),(5588,NULL,7,5798,NULL,NULL),(5589,NULL,8,5799,NULL,NULL),(5590,NULL,9,5800,NULL,NULL),(5591,NULL,10,5757,NULL,NULL),(5592,NULL,11,5758,NULL,NULL),(5593,NULL,12,5759,NULL,NULL),(5594,NULL,13,5760,NULL,NULL),(5595,NULL,14,5761,NULL,NULL),(5596,NULL,15,5762,NULL,NULL),(5597,NULL,16,5763,NULL,NULL),(5598,NULL,17,5764,NULL,NULL),(5599,NULL,18,5765,NULL,NULL),(5600,NULL,19,5766,NULL,NULL),(5601,NULL,20,5767,NULL,NULL),(5602,NULL,21,5768,NULL,NULL),(5603,NULL,22,5769,NULL,NULL),(5604,NULL,23,5770,NULL,NULL),(5605,NULL,24,5771,NULL,NULL),(5606,NULL,25,5772,NULL,NULL),(5607,NULL,26,5773,NULL,NULL),(5608,1,NULL,5774,132,NULL),(5609,2,NULL,5775,132,NULL),(5610,NULL,1,5774,NULL,NULL),(5611,NULL,2,5775,NULL,NULL),(13014,1,NULL,51697,3268,NULL),(13015,2,NULL,51698,3268,NULL),(13016,3,NULL,51699,3268,NULL),(13017,4,NULL,51700,3268,NULL),(13018,5,NULL,51701,3268,NULL),(13019,6,NULL,51702,3268,NULL),(13020,7,NULL,51703,3268,NULL),(13021,8,NULL,51704,3268,NULL),(13022,9,NULL,51705,3268,NULL),(13023,10,NULL,51706,3268,NULL),(13024,11,NULL,51707,3268,NULL),(13025,12,NULL,51708,3268,NULL),(13026,13,NULL,51709,3268,NULL),(13027,14,NULL,51710,3268,NULL),(13028,15,NULL,51711,3268,NULL),(13029,16,NULL,51712,3268,NULL),(13030,17,NULL,51713,3268,NULL),(13031,18,NULL,51714,3268,NULL),(13032,19,NULL,51715,3268,NULL),(13033,20,NULL,51716,3268,NULL),(13034,21,NULL,51717,3268,NULL),(13035,22,NULL,51718,3268,NULL),(13036,1,NULL,51707,3269,NULL),(13037,2,NULL,51708,3269,NULL),(13038,3,NULL,51709,3269,NULL),(13039,4,NULL,51710,3269,NULL),(13040,5,NULL,51711,3269,NULL),(13041,6,NULL,51712,3269,NULL),(13042,7,NULL,51713,3269,NULL),(13043,8,NULL,51714,3269,NULL),(13044,9,NULL,51715,3269,NULL),(13045,10,NULL,51716,3269,NULL),(13046,11,NULL,51717,3269,NULL),(13047,12,NULL,51718,3269,NULL),(13048,1,NULL,51642,3272,NULL),(13049,2,NULL,51653,3272,NULL),(13050,3,NULL,51656,3272,NULL),(13051,4,NULL,51652,3272,NULL),(13052,5,NULL,51650,3272,NULL),(13053,6,NULL,51649,3272,NULL),(13054,7,NULL,51643,3272,NULL),(13055,8,NULL,51654,3272,NULL),(13056,9,NULL,51657,3272,NULL),(13057,10,NULL,51655,3272,NULL),(13058,11,NULL,51658,3272,NULL),(13059,12,NULL,51659,3272,NULL),(13060,13,NULL,51660,3272,NULL),(13061,14,NULL,51661,3272,NULL),(13062,15,NULL,51662,3272,NULL),(13063,16,NULL,51670,3272,NULL),(13064,1,NULL,51642,3273,NULL),(13065,2,NULL,51643,3273,NULL),(13066,3,NULL,51644,3273,NULL),(13067,1,NULL,51643,3274,NULL),(13068,2,NULL,51642,3274,NULL),(13069,3,NULL,51644,3274,NULL),(41241,1,NULL,101541,3495,NULL),(41242,2,NULL,101542,3495,NULL),(41243,3,NULL,101543,3495,NULL),(41244,4,NULL,101544,3495,NULL),(41245,5,NULL,101545,3495,NULL),(41246,6,NULL,101546,3495,NULL),(41247,7,NULL,101547,3495,NULL),(41248,8,NULL,101548,3495,NULL),(41249,9,NULL,101549,3495,NULL),(41250,10,NULL,101550,3495,NULL),(41251,11,NULL,101551,3495,NULL),(41252,12,NULL,101552,3495,NULL),(41253,13,NULL,101553,3495,NULL),(41254,14,NULL,101554,3495,NULL),(41255,15,NULL,101555,3495,NULL),(41256,16,NULL,101556,3495,NULL),(41257,1,NULL,101551,3496,NULL),(41258,2,NULL,101552,3496,NULL),(41259,3,NULL,101553,3496,NULL),(41260,4,NULL,101554,3496,NULL),(41261,5,NULL,101555,3496,NULL),(41262,6,NULL,101556,3496,NULL),(41263,7,NULL,101557,3496,NULL),(41264,8,NULL,101559,3496,NULL),(41265,1,NULL,101486,3499,NULL),(41266,2,NULL,101497,3499,NULL),(41267,3,NULL,101500,3499,NULL),(41268,4,NULL,101496,3499,NULL),(41269,5,NULL,101494,3499,NULL),(41270,6,NULL,101493,3499,NULL),(41271,7,NULL,101487,3499,NULL),(41272,8,NULL,101498,3499,NULL),(41273,9,NULL,101501,3499,NULL),(41274,10,NULL,101499,3499,NULL),(41275,11,NULL,101502,3499,NULL),(41276,12,NULL,101503,3499,NULL),(41277,13,NULL,101504,3499,NULL),(41278,14,NULL,101505,3499,NULL),(41279,15,NULL,101506,3499,NULL),(41280,16,NULL,101514,3499,NULL),(41281,1,NULL,101486,3500,NULL),(41282,2,NULL,101487,3500,NULL),(41283,3,NULL,101488,3500,NULL),(41284,1,NULL,101523,3501,NULL),(41285,2,NULL,101524,3501,NULL),(41286,3,NULL,101529,3501,NULL),(43409,1,NULL,105563,3631,NULL),(43410,2,NULL,105564,3631,NULL),(43411,3,NULL,105565,3631,NULL),(43412,4,NULL,105566,3631,NULL),(43413,5,NULL,105567,3631,NULL),(43414,6,NULL,105568,3631,NULL),(43415,7,NULL,105569,3631,NULL),(43416,8,NULL,105570,3631,NULL),(43417,9,NULL,105571,3631,NULL),(43418,10,NULL,105572,3631,NULL),(43419,11,NULL,105573,3631,NULL),(43420,12,NULL,105574,3631,NULL),(43421,13,NULL,105575,3631,NULL),(43422,14,NULL,105576,3631,NULL),(43423,15,NULL,105577,3631,NULL),(43424,16,NULL,105578,3631,NULL),(43425,1,NULL,105573,3632,NULL),(43426,2,NULL,105574,3632,NULL),(43427,3,NULL,105575,3632,NULL),(43428,4,NULL,105576,3632,NULL),(43429,5,NULL,105577,3632,NULL),(43430,6,NULL,105578,3632,NULL),(43431,7,NULL,105579,3632,NULL),(43432,8,NULL,105581,3632,NULL),(43433,1,NULL,105508,3635,NULL),(43434,2,NULL,105519,3635,NULL),(43435,3,NULL,105522,3635,NULL),(43436,4,NULL,105518,3635,NULL),(43437,5,NULL,105516,3635,NULL),(43438,6,NULL,105515,3635,NULL),(43439,7,NULL,105509,3635,NULL),(43440,8,NULL,105520,3635,NULL),(43441,9,NULL,105523,3635,NULL),(43442,10,NULL,105521,3635,NULL),(43443,11,NULL,105524,3635,NULL),(43444,12,NULL,105525,3635,NULL),(43445,13,NULL,105526,3635,NULL),(43446,14,NULL,105527,3635,NULL),(43447,15,NULL,105528,3635,NULL),(43448,16,NULL,105536,3635,NULL),(43449,1,NULL,105508,3636,NULL),(43450,2,NULL,105509,3636,NULL),(43451,3,NULL,105510,3636,NULL),(43452,1,NULL,105545,3637,NULL),(43453,2,NULL,105546,3637,NULL),(43454,3,NULL,105551,3637,NULL),(43539,1,NULL,105813,3639,NULL),(43540,2,NULL,105814,3639,NULL),(43541,3,NULL,105815,3639,NULL),(43542,4,NULL,105816,3639,NULL),(43543,5,NULL,105817,3639,NULL),(43544,6,NULL,105818,3639,NULL),(43545,7,NULL,105820,3639,NULL),(43546,8,NULL,105821,3639,NULL),(43547,9,NULL,105822,3639,NULL),(43548,10,NULL,105823,3639,NULL),(43549,11,NULL,105824,3639,NULL),(43550,12,NULL,105825,3639,NULL),(43551,13,NULL,105826,3639,NULL),(43552,14,NULL,105827,3639,NULL),(43553,1,NULL,105823,3640,NULL),(43554,2,NULL,105824,3640,NULL),(43555,3,NULL,105825,3640,NULL),(43556,4,NULL,105826,3640,NULL),(43557,5,NULL,105827,3640,NULL),(43558,6,NULL,105828,3640,NULL),(43559,7,NULL,105830,3640,NULL),(43560,1,NULL,105758,3643,NULL),(43561,2,NULL,105769,3643,NULL),(43562,3,NULL,105772,3643,NULL),(43563,4,NULL,105768,3643,NULL),(43564,5,NULL,105766,3643,NULL),(43565,6,NULL,105765,3643,NULL),(43566,7,NULL,105759,3643,NULL),(43567,8,NULL,105770,3643,NULL),(43568,9,NULL,105773,3643,NULL),(43569,10,NULL,105771,3643,NULL),(43570,11,NULL,105774,3643,NULL),(43571,12,NULL,105775,3643,NULL),(43572,13,NULL,105776,3643,NULL),(43573,14,NULL,105777,3643,NULL),(43574,15,NULL,105778,3643,NULL),(43575,1,NULL,105758,3644,NULL),(43576,2,NULL,105759,3644,NULL),(43577,3,NULL,105760,3644,NULL),(43578,1,NULL,105795,3645,NULL),(43579,2,NULL,105796,3645,NULL),(43580,3,NULL,105801,3645,NULL),(43581,1,NULL,105896,3292,NULL),(43582,2,NULL,105897,3292,NULL),(43583,3,NULL,105898,3292,NULL),(43584,4,NULL,105899,3292,NULL),(43585,5,NULL,105900,3292,NULL),(43586,6,NULL,105901,3292,NULL),(43587,7,NULL,105902,3292,NULL),(43588,8,NULL,105903,3292,NULL),(43589,9,NULL,105904,3292,NULL),(43590,10,NULL,105905,3292,NULL),(43591,11,NULL,105906,3292,NULL),(43592,12,NULL,105907,3292,NULL),(43593,13,NULL,105908,3292,NULL),(43594,14,NULL,105909,3292,NULL),(43595,15,NULL,105910,3292,NULL),(43596,16,NULL,105911,3292,NULL),(43597,1,NULL,105906,3293,NULL),(43598,2,NULL,105907,3293,NULL),(43599,3,NULL,105908,3293,NULL),(43600,4,NULL,105909,3293,NULL),(43601,5,NULL,105910,3293,NULL),(43602,6,NULL,105911,3293,NULL),(43603,7,NULL,105912,3293,NULL),(43604,8,NULL,105914,3293,NULL),(43605,1,NULL,105841,3296,NULL),(43606,2,NULL,105852,3296,NULL),(43607,3,NULL,105855,3296,NULL),(43608,4,NULL,105851,3296,NULL),(43609,5,NULL,105849,3296,NULL),(43610,6,NULL,105848,3296,NULL),(43611,7,NULL,105842,3296,NULL),(43612,8,NULL,105853,3296,NULL),(43613,9,NULL,105856,3296,NULL),(43614,10,NULL,105854,3296,NULL),(43615,11,NULL,105857,3296,NULL),(43616,12,NULL,105858,3296,NULL),(43617,13,NULL,105859,3296,NULL),(43618,14,NULL,105860,3296,NULL),(43619,15,NULL,105861,3296,NULL),(43620,16,NULL,105869,3296,NULL),(43621,1,NULL,105841,3297,NULL),(43622,2,NULL,105842,3297,NULL),(43623,3,NULL,105843,3297,NULL),(43624,1,NULL,105878,3298,NULL),(43625,2,NULL,105879,3298,NULL),(43626,3,NULL,105884,3298,NULL);
/*!40000 ALTER TABLE `spld_usageordering` ENABLE KEYS */;
UNLOCK TABLES;

--
-- Table structure for table `spld_usagetype`
--

DROP TABLE IF EXISTS `spld_usagetype`;
/*!40101 SET @saved_cs_client     = @@character_set_client */;
/*!40101 SET character_set_client = utf8 */;
CREATE TABLE `spld_usagetype` (
  `ID` int(11) NOT NULL,
  `USAGETYPE` varchar(1) NOT NULL,
  `FK_ID_SUBREGPHYSICALLABELDEF` int(11) NOT NULL,
  PRIMARY KEY (`ID`),
  KEY `SPLDUSAGETYPEFKIDSUBREGPHYS63305` (`FK_ID_SUBREGPHYSICALLABELDEF`)
) ENGINE=InnoDB DEFAULT CHARSET=utf8;
/*!40101 SET character_set_client = @saved_cs_client */;

--
-- Dumping data for table `spld_usagetype`
--

LOCK TABLES `spld_usagetype` WRITE;
/*!40000 ALTER TABLE `spld_usagetype` DISABLE KEYS */;
INSERT INTO `spld_usagetype` VALUES (383,'C',6),(564,'C',31),(612,'C',56),(615,'C',57),(616,'C',5);
/*!40000 ALTER TABLE `spld_usagetype` ENABLE KEYS */;
UNLOCK TABLES;

--
-- Table structure for table `subregistrant`
--

DROP TABLE IF EXISTS `subregistrant`;
/*!40101 SET @saved_cs_client     = @@character_set_client */;
/*!40101 SET character_set_client = utf8 */;
CREATE TABLE `subregistrant` (
  `ID` int(11) NOT NULL,
  `EPA_COMPANYNUMBER` varchar(6) DEFAULT NULL,
  `FK_ID_ORGANIZATION` int(11) NOT NULL,
  PRIMARY KEY (`ID`),
  KEY `SUBREGISTRANTFKIDORGANIZA10319` (`FK_ID_ORGANIZATION`)
) ENGINE=InnoDB DEFAULT CHARSET=utf8;
/*!40101 SET character_set_client = @saved_cs_client */;

--
-- Dumping data for table `subregistrant`
--

LOCK TABLES `subregistrant` WRITE;
/*!40000 ALTER TABLE `subregistrant` DISABLE KEYS */;
INSERT INTO `subregistrant` VALUES (1,NULL,9),(6,NULL,20),(7,NULL,22);
/*!40000 ALTER TABLE `subregistrant` ENABLE KEYS */;
UNLOCK TABLES;

--
-- Table structure for table `subreglabelcontent`
--

DROP TABLE IF EXISTS `subreglabelcontent`;
/*!40101 SET @saved_cs_client     = @@character_set_client */;
/*!40101 SET character_set_client = utf8 */;
CREATE TABLE `subreglabelcontent` (
  `ID` int(11) NOT NULL,
  `DESCRIPTION` longtext,
  `EPA_REGISTRATIONNUMBER` varchar(128) DEFAULT NULL,
  `EPA_ESTABLISHMENTNUMBER` varchar(128) DEFAULT NULL,
  `EPA_DRAFTLABEL` datetime DEFAULT NULL,
  `ESL_DATE` datetime DEFAULT NULL,
  `VERSION` varchar(254) DEFAULT NULL,
  `REVISIONDATE` datetime DEFAULT NULL,
  `CREATEDDATETIME` datetime DEFAULT NULL,
  `MODIFIEDDATETIME` datetime DEFAULT NULL,
  `NETCONTENTS` double DEFAULT NULL,
  `NETCONTENTSUNITS` varchar(254) DEFAULT NULL,
  `AUTOSEQ` int(11) DEFAULT NULL,
  `AUTOSEQ02` int(11) DEFAULT NULL,
  `FK_ID_SUBREGLABELCONTENT` int(11) DEFAULT NULL,
  `FK_ID_SUBREGPRODUCT` int(11) NOT NULL,
  `FK_ID_MASTERLABELCONTENT` int(11) DEFAULT NULL,
  PRIMARY KEY (`ID`),
  KEY `SUBREGLABELCONTENTFKIDSUB10348` (`FK_ID_SUBREGLABELCONTENT`),
  KEY `SUBREGLABELCONTENTFKIDSUB10462` (`FK_ID_SUBREGPRODUCT`),
  KEY `SUBREGLABELCONTENTFKIDMAS10464` (`FK_ID_MASTERLABELCONTENT`)
) ENGINE=InnoDB DEFAULT CHARSET=utf8;
/*!40101 SET character_set_client = @saved_cs_client */;

--
-- Dumping data for table `subreglabelcontent`
--

LOCK TABLES `subreglabelcontent` WRITE;
/*!40000 ALTER TABLE `subreglabelcontent` DISABLE KEYS */;
INSERT INTO `subreglabelcontent` VALUES (4,'KennelSol 1 Gallon',NULL,NULL,NULL,NULL,'Version A',NULL,NULL,'2014-04-25 00:00:00',NULL,NULL,NULL,NULL,NULL,3,8),(6,'KennelSol 5 Gallon',NULL,NULL,NULL,NULL,'Version 1',NULL,NULL,'2014-05-30 00:00:00',NULL,NULL,NULL,NULL,NULL,3,10),(7,'slc name',NULL,NULL,NULL,NULL,'slc version',NULL,NULL,NULL,NULL,NULL,NULL,NULL,NULL,8,11),(40,'Demo',NULL,NULL,NULL,NULL,NULL,NULL,NULL,NULL,NULL,NULL,NULL,NULL,NULL,3,10),(41,'Demo ',NULL,NULL,NULL,NULL,'Version 2','2016-01-27 00:00:00','2016-01-27 00:00:00','2016-01-27 00:00:00',NULL,NULL,NULL,NULL,6,3,34);
/*!40000 ALTER TABLE `subreglabelcontent` ENABLE KEYS */;
UNLOCK TABLES;

--
-- Table structure for table `subregphysicallabeldef`
--

DROP TABLE IF EXISTS `subregphysicallabeldef`;
/*!40101 SET @saved_cs_client     = @@character_set_client */;
/*!40101 SET character_set_client = utf8 */;
CREATE TABLE `subregphysicallabeldef` (
  `ID` int(11) NOT NULL,
  `NAME` varchar(254) DEFAULT NULL,
  `PRODUCTNAME` text,
  `CREATEDDATETIME` datetime DEFAULT NULL,
  `MODIFIEDDATETIME` datetime DEFAULT NULL,
  `FK_ID_SUBREGLABELCONTENT` int(11) DEFAULT NULL,
  PRIMARY KEY (`ID`),
  KEY `SUBREGPHYSICALLABELDEFFKI10347` (`FK_ID_SUBREGLABELCONTENT`)
) ENGINE=InnoDB DEFAULT CHARSET=utf8;
/*!40101 SET character_set_client = @saved_cs_client */;

--
-- Dumping data for table `subregphysicallabeldef`
--

LOCK TABLES `subregphysicallabeldef` WRITE;
/*!40000 ALTER TABLE `subregphysicallabeldef` DISABLE KEYS */;
INSERT INTO `subregphysicallabeldef` VALUES (4,'KennelSol 1 Gallon','KennelSol',NULL,NULL,NULL),(5,'KennelSol 5 Gallon L1','KennelSol',NULL,NULL,6),(6,'spld name','product name',NULL,NULL,7),(9,'Jack Test 1','Jack Test 1',NULL,NULL,NULL),(14,'KennelSol 1 Gallon Jack','KennelSol 1 Gallon Jack',NULL,NULL,NULL),(18,'KennelSol 1 Gallon 6-4-15 Test',NULL,NULL,NULL,NULL),(22,'v1 duplicate',NULL,'2016-01-19 00:00:00','2016-01-19 00:00:00',NULL),(27,'Duplicate Test',NULL,'2016-01-19 00:00:00','2016-01-19 00:00:00',NULL),(30,'Original SPLD Style',NULL,'2016-01-21 00:00:00','2016-01-21 00:00:00',NULL),(31,'Original SPLD Style','KennelSol',NULL,NULL,6),(32,'V2 5 gallon SPLD',NULL,'2016-01-22 00:00:00','2016-01-22 00:00:00',NULL),(37,'K L2',NULL,'2016-01-25 00:00:00','2016-01-25 00:00:00',NULL),(41,'Temp',NULL,'2016-01-25 00:00:00','2016-01-25 00:00:00',NULL),(43,'Demo v2',NULL,'2016-01-25 00:00:00','2016-01-25 00:00:00',NULL),(47,'xxxx',NULL,'2016-01-25 00:00:00','2016-01-25 00:00:00',NULL),(51,'xxxx',NULL,'2016-01-25 00:00:00','2016-01-25 00:00:00',NULL),(53,'xxxx',NULL,'2016-01-25 00:00:00','2016-01-25 00:00:00',NULL),(55,'Mason Demo',NULL,'2016-01-27 00:00:00','2016-01-27 00:00:00',NULL),(56,'Mason Demo','KennelSol',NULL,NULL,6),(57,'Version 2','KennelSol','2016-01-27 00:00:00','2016-01-27 00:00:00',41);
/*!40000 ALTER TABLE `subregphysicallabeldef` ENABLE KEYS */;
UNLOCK TABLES;

--
-- Table structure for table `subregproduct`
--

DROP TABLE IF EXISTS `subregproduct`;
/*!40101 SET @saved_cs_client     = @@character_set_client */;
/*!40101 SET character_set_client = utf8 */;
CREATE TABLE `subregproduct` (
  `ID` int(11) NOT NULL,
  `NAME` varchar(254) NOT NULL,
  `z_NUMBER` varchar(5) NOT NULL,
  `DESCRIPTION` longtext,
  `CHEMICALFAMILY` varchar(2) NOT NULL,
  `EPA_REGISTRATIONNUMBER` varchar(128) DEFAULT NULL,
  `EPA_ESTABLISHMENTNUMBER` varchar(128) DEFAULT NULL,
  `EPA_DRAFTLABEL` datetime DEFAULT NULL,
  `ESL_DATE` datetime DEFAULT NULL,
  `EPA_TOXICITYCATEGORY` int(11) DEFAULT NULL,
  `AUTOSEQ` int(11) DEFAULT NULL,
  `FK_ID_MASTERPRODUCT` int(11) NOT NULL,
  `FK_ID_SUBREGISTRANT` int(11) NOT NULL,
  PRIMARY KEY (`ID`),
  KEY `SUBREGPRODUCTFKIDMASTERPR10461` (`FK_ID_MASTERPRODUCT`),
  KEY `SUBREGPRODUCTFKIDSUBREGIS10463` (`FK_ID_SUBREGISTRANT`)
) ENGINE=InnoDB DEFAULT CHARSET=utf8;
/*!40101 SET character_set_client = @saved_cs_client */;

--
-- Dumping data for table `subregproduct`
--

LOCK TABLES `subregproduct` WRITE;
/*!40000 ALTER TABLE `subregproduct` DISABLE KEYS */;
INSERT INTO `subregproduct` VALUES (3,'KennelSol Demo','129','Germicidal Detergent & Deodorant','DQ','62472-1',NULL,'2012-06-11 00:00:00','2015-02-25 00:00:00',NULL,3,3,1),(8,'SAMPLE-256','00000','2 oz packet','DQ','10324',NULL,NULL,'2015-03-23 00:00:00',NULL,NULL,6,7);
/*!40000 ALTER TABLE `subregproduct` ENABLE KEYS */;
UNLOCK TABLES;

--
-- Table structure for table `toc`
--

DROP TABLE IF EXISTS `toc`;
/*!40101 SET @saved_cs_client     = @@character_set_client */;
/*!40101 SET character_set_client = utf8 */;
CREATE TABLE `toc` (
  `ID` int(11) NOT NULL,
  `TITLE` varchar(254) DEFAULT NULL,
  `z_TEXT` varchar(254) DEFAULT NULL,
  `PAGE` int(11) DEFAULT NULL,
  `FK_ID_MASTERLABELCONTENT` int(11) NOT NULL,
  PRIMARY KEY (`ID`),
  UNIQUE KEY `UTOC_ID_1977580` (`ID`),
  KEY `TOC_FK_ID_MASTERLABELCONTENT18298` (`FK_ID_MASTERLABELCONTENT`),
  KEY `TOC_FK_ID_MASTERLABELCONTENT19786` (`FK_ID_MASTERLABELCONTENT`)
) ENGINE=InnoDB DEFAULT CHARSET=utf8;
/*!40101 SET character_set_client = @saved_cs_client */;

--
-- Dumping data for table `toc`
--

LOCK TABLES `toc` WRITE;
/*!40000 ALTER TABLE `toc` DISABLE KEYS */;
INSERT INTO `toc` VALUES (1,'ORGANISM LIST',NULL,NULL,17),(3,'TABLE OF CONTENTS',NULL,NULL,17),(4,'MARKETING CLAIMS',NULL,NULL,17),(5,'HOSPITAL/HEALTH CARE/MEDICAL/NON-MEDICAL DISINFECTION',NULL,NULL,17),(6,'GENERAL DISINFECTION',NULL,NULL,17),(7,'SANITIZING',NULL,NULL,17),(8,'MOLD/MILDEW',NULL,NULL,17),(9,'ANIMAL PREMISES',NULL,NULL,17),(10,'FOGGING',NULL,NULL,17),(11,'BARBER/SALON',NULL,NULL,17),(13,'RESTROOM/BATHROOM',NULL,NULL,17),(14,'DEODORIZATION/CLEANING',NULL,NULL,17),(15,'WATER AND SMOKE DAMAGE RESTORATION',NULL,NULL,17),(16,'OTHER USES',NULL,NULL,17),(17,'RESIDENTIAL/HOUSEHOLD USE',NULL,NULL,17),(18,'LAUNDRY USE',NULL,NULL,17),(19,'WATER TREATMENT (Not for Use in CA.)',NULL,NULL,17),(21,'GAS PRODUCTION AND TRANSMISSION PIPELINE AND SYSTEMS',NULL,NULL,17),(22,'ALTERNATE CONTAINER/DELIVERY SYSTEMS',NULL,NULL,17),(23,'STORAGE AND DISPOSAL',NULL,NULL,17),(24,'PRECAUTIONARY STATEMENT',NULL,NULL,17),(25,'SUPPLEMENTAL LABEL',NULL,NULL,17);
/*!40000 ALTER TABLE `toc` ENABLE KEYS */;
UNLOCK TABLES;

--
-- Table structure for table `usergroup`
--

DROP TABLE IF EXISTS `usergroup`;
/*!40101 SET @saved_cs_client     = @@character_set_client */;
/*!40101 SET character_set_client = utf8 */;
CREATE TABLE `usergroup` (
  `ID` int(11) NOT NULL,
  `GROUPNAME` varchar(128) NOT NULL,
  `DESCRIPTION` longtext,
  `CREATEDDATETIME` datetime DEFAULT NULL,
  `MODIFIEDDATETIME` datetime DEFAULT NULL,
  `CREATEDBY` varchar(128) DEFAULT NULL,
  `LASTMODIFIEDBY` varchar(128) DEFAULT NULL,
  PRIMARY KEY (`ID`)
) ENGINE=InnoDB DEFAULT CHARSET=utf8;
/*!40101 SET character_set_client = @saved_cs_client */;

--
-- Dumping data for table `usergroup`
--

LOCK TABLES `usergroup` WRITE;
/*!40000 ALTER TABLE `usergroup` DISABLE KEYS */;
/*!40000 ALTER TABLE `usergroup` ENABLE KEYS */;
UNLOCK TABLES;

--
-- Table structure for table `z_domain`
--

DROP TABLE IF EXISTS `z_domain`;
/*!40101 SET @saved_cs_client     = @@character_set_client */;
/*!40101 SET character_set_client = utf8 */;
CREATE TABLE `z_domain` (
  `ID` int(11) NOT NULL,
  `NAME` varchar(128) NOT NULL,
  `z_DESC` varchar(254) DEFAULT NULL,
  `SYSTEMREQUIRED` varchar(1) DEFAULT NULL,
  PRIMARY KEY (`ID`)
) ENGINE=InnoDB DEFAULT CHARSET=utf8;
/*!40101 SET character_set_client = @saved_cs_client */;

--
-- Dumping data for table `z_domain`
--

LOCK TABLES `z_domain` WRITE;
/*!40000 ALTER TABLE `z_domain` DISABLE KEYS */;
/*!40000 ALTER TABLE `z_domain` ENABLE KEYS */;
UNLOCK TABLES;

--
-- Table structure for table `z_temp`
--

DROP TABLE IF EXISTS `z_temp`;
/*!40101 SET @saved_cs_client     = @@character_set_client */;
/*!40101 SET character_set_client = utf8 */;
CREATE TABLE `z_temp` (
  `MARGINTOP` double DEFAULT NULL,
  `MARGINBOTTOM` double DEFAULT NULL,
  `MARGINLEFT` double DEFAULT NULL,
  `MARGINRIGHT` double DEFAULT NULL
) ENGINE=InnoDB DEFAULT CHARSET=utf8;
/*!40101 SET character_set_client = @saved_cs_client */;

--
-- Dumping data for table `z_temp`
--

LOCK TABLES `z_temp` WRITE;
/*!40000 ALTER TABLE `z_temp` DISABLE KEYS */;
/*!40000 ALTER TABLE `z_temp` ENABLE KEYS */;
UNLOCK TABLES;

--
-- Table structure for table `z_user`
--

DROP TABLE IF EXISTS `z_user`;
/*!40101 SET @saved_cs_client     = @@character_set_client */;
/*!40101 SET character_set_client = utf8 */;
CREATE TABLE `z_user` (
  `ID` int(11) NOT NULL,
  `USERNAME` varchar(128) NOT NULL,
  `USERPASSWORD` varchar(128) DEFAULT NULL,
  `LASTLOGINDATETIME` datetime DEFAULT NULL,
  `PASSWORDEXPIRESDATETIME` datetime DEFAULT NULL,
  `EMAILADDRESS` varchar(254) DEFAULT NULL,
  `ACTIVE` varchar(1) DEFAULT NULL,
  `STATUS` varchar(1) DEFAULT NULL,
  `z_NOTE` longtext,
  `CREATEDDATETIME` datetime DEFAULT NULL,
  `MODIFIEDDATETIME` datetime DEFAULT NULL,
  `CREATEDBY` varchar(128) DEFAULT NULL,
  `LASTMODIFIEDBY` varchar(128) DEFAULT NULL,
  `FK_ID_PERSON` int(11) DEFAULT NULL,
  PRIMARY KEY (`ID`),
  KEY `z_USER_USERNAME_101920` (`USERNAME`),
  KEY `z_USER_FK_ID_PERSON_104590` (`FK_ID_PERSON`)
) ENGINE=InnoDB DEFAULT CHARSET=utf8;
/*!40101 SET character_set_client = @saved_cs_client */;

--
-- Dumping data for table `z_user`
--

LOCK TABLES `z_user` WRITE;
/*!40000 ALTER TABLE `z_user` DISABLE KEYS */;
INSERT INTO `z_user` VALUES (2,'Admin',NULL,NULL,NULL,NULL,NULL,NULL,NULL,NULL,NULL,NULL,NULL,17),(3,'Admin',NULL,NULL,NULL,NULL,NULL,NULL,NULL,NULL,NULL,NULL,NULL,18),(4,'Admin',NULL,NULL,NULL,NULL,NULL,NULL,NULL,NULL,NULL,NULL,NULL,19),(5,'Admin',NULL,NULL,NULL,NULL,NULL,NULL,NULL,NULL,NULL,NULL,NULL,20),(6,'Admin',NULL,NULL,NULL,NULL,NULL,NULL,NULL,NULL,NULL,NULL,NULL,21),(7,'Admin',NULL,NULL,NULL,NULL,NULL,NULL,NULL,NULL,NULL,NULL,NULL,22),(8,'Admin',NULL,NULL,NULL,NULL,NULL,NULL,NULL,NULL,NULL,NULL,NULL,23),(9,'Shawn','zPrefixBWPktp/qpuuO2+fY3jdyBmNtjO1ZZEQfAG3ociiS1GcEjn10nii5xw==',NULL,NULL,NULL,NULL,'B',NULL,NULL,NULL,NULL,NULL,24),(10,'Don','zPrefixuv9zxZTGUsL93uypxaIdCm6CdVjTb4JHhn7IZSSWbIN7owOAfUCi8Q==',NULL,NULL,NULL,NULL,'B',NULL,NULL,NULL,NULL,NULL,25),(11,'Jack','zPrefixzOnqDEWNQWlb/bKNyRcC6SI3hfFgZhU9YFYlqVdOci9JceoWAAigAA==',NULL,NULL,NULL,NULL,'B',NULL,NULL,NULL,NULL,NULL,26),(12,'Joe','zPrefixi+T5w+rWKPz6vG4S5jPPiYbqp2TeEXlFL3nxtYg4w3ifyfB4w/m9Jg==',NULL,NULL,NULL,NULL,'B',NULL,NULL,NULL,NULL,NULL,27);
/*!40000 ALTER TABLE `z_user` ENABLE KEYS */;
UNLOCK TABLES;

--
-- Table structure for table `zeidongenkeytable`
--

DROP TABLE IF EXISTS `zeidongenkeytable`;
/*!40101 SET @saved_cs_client     = @@character_set_client */;
/*!40101 SET character_set_client = utf8 */;
CREATE TABLE `zeidongenkeytable` (
  `CURRENTGENKEY` int(11) DEFAULT NULL,
  `TABLENAME` varchar(32) NOT NULL
) ENGINE=InnoDB DEFAULT CHARSET=utf8;
/*!40101 SET character_set_client = @saved_cs_client */;

--
-- Dumping data for table `zeidongenkeytable`
--

LOCK TABLES `zeidongenkeytable` WRITE;
/*!40000 ALTER TABLE `zeidongenkeytable` DISABLE KEYS */;
INSERT INTO `zeidongenkeytable` VALUES (20,'ADDRESS'),(4,'COLOR'),(7,'EPA_APPLICATIONTYPE'),(85,'EPA_AREAOFUSE'),(1,'EPA_CHEMICALFAMILY'),(257,'EPA_CLAIM'),(40,'EPA_SURFACE'),(11,'HELP'),(12,'LLD'),(2672,'LLD_BLOCK'),(391,'LLD_PAGE'),(213,'LLD_PANEL'),(1241,'LLD_SPECIALSECTIONATTRIBUTE'),(34,'MASTERLABELCONTENT'),(10,'MASTERPRODUCT'),(11,'M_DILUTIONCHARTENTRY'),(78,'M_DIRECTIONSFORUSESECTION'),(383,'M_DIRECTIONSFORUSESTATEMENT'),(111,'M_GENERALSECTION'),(220,'M_GENERALSTATEMENT'),(7,'M_GENERALSUBSECTION'),(31,'M_HUMANHAZARDSECTION'),(31,'M_INGREDIENTSSECTION'),(64,'M_INGREDIENTSSTATEMENT'),(433,'M_INSERTTEXT'),(331,'M_INSERTTEXTKEYWORD'),(188,'M_MARKETINGSECTION'),(475,'M_MARKETINGSTATEMENT'),(9,'M_REVIEWERNOTE'),(11,'M_STORAGEDISPOSALDRIVINGCONVOL'),(49,'M_STORAGEDISPOSALSECTION'),(153,'M_STORAGEDISPOSALSTATEMENT'),(7452,'M_USAGE'),(17,'M_USAGEFOOTNOTE'),(8,'M_USAGEGROUP'),(8435,'M_USAGEORDERING'),(92,'M_USAGETYPE'),(2,'NETCONTENTS'),(22,'ORGANIZATION'),(27,'PERSON'),(15,'PRIMARYREGISTRANT'),(7,'PRIMARYSUB'),(788,'RESUMEOBJECT'),(2,'RESUMEPATH'),(23,'REUSABLEBLOCKDEFINITION'),(491,'SPLD_DIRECTIONSFORUSESECTION'),(3355,'SPLD_DIRECTIONSFORUSESTATEMENT'),(310,'SPLD_GENERALSECTION'),(613,'SPLD_GENERALSTATEMENT'),(100,'SPLD_HUMANHAZARDSECTION'),(100,'SPLD_INGREDIENTSSECTION'),(200,'SPLD_INGREDIENTSSTATEMENT'),(83,'SPLD_LLD'),(3590,'SPLD_MARKETINGSECTION'),(3645,'SPLD_MARKETINGSTATEMENT'),(133,'SPLD_STORAGEDISPOSALSECTION'),(501,'SPLD_STORAGEDISPOSALSTATEMENT'),(105924,'SPLD_USAGE'),(43626,'SPLD_USAGEORDERING'),(616,'SPLD_USAGETYPE'),(7,'SUBREGISTRANT'),(41,'SUBREGLABELCONTENT'),(57,'SUBREGPHYSICALLABELDEF'),(11,'SUBREGPRODUCT'),(62,'S_DIRECTIONSFORUSESECTION'),(331,'S_DIRECTIONSFORUSESTATEMENT'),(170,'S_GENERALSECTION'),(323,'S_GENERALSTATEMENT'),(41,'S_HUMANHAZARDSECTION'),(50,'S_INGREDIENTSSECTION'),(100,'S_INGREDIENTSSTATEMENT'),(299,'S_MARKETINGSECTION'),(370,'S_MARKETINGSTATEMENT'),(63,'S_STORAGEDISPOSALSECTION'),(251,'S_STORAGEDISPOSALSTATEMENT'),(3503,'S_USAGE'),(4810,'S_USAGEORDERING'),(116,'S_USAGETYPE'),(140,'S_VERSIONCHANGEMESSAGE'),(12,'z_USER'),(3,'M_DILUTIONGROUP'),(30,'TOC'),(16,'M_DIRECTIONSFORUSECATEGORY');
/*!40000 ALTER TABLE `zeidongenkeytable` ENABLE KEYS */;
UNLOCK TABLES;

--
-- Table structure for table `zeidonlocking`
--

DROP TABLE IF EXISTS `zeidonlocking`;
/*!40101 SET @saved_cs_client     = @@character_set_client */;
/*!40101 SET character_set_client = utf8 */;
CREATE TABLE `zeidonlocking` (
  `LOD_NAME` varchar(35) NOT NULL,
  `KEYVALUE` varchar(200) NOT NULL,
  `USERNAME` varchar(32) NOT NULL,
  `ALLOWREAD` varchar(1) DEFAULT NULL,
  `z_TIMESTAMP` datetime NOT NULL,
  `ID` int(11) DEFAULT NULL
) ENGINE=InnoDB DEFAULT CHARSET=utf8;
/*!40101 SET character_set_client = @saved_cs_client */;

--
-- Dumping data for table `zeidonlocking`
--

LOCK TABLES `zeidonlocking` WRITE;
/*!40000 ALTER TABLE `zeidonlocking` DISABLE KEYS */;
/*!40000 ALTER TABLE `zeidonlocking` ENABLE KEYS */;
UNLOCK TABLES;
/*!40103 SET TIME_ZONE=@OLD_TIME_ZONE */;

/*!40101 SET SQL_MODE=@OLD_SQL_MODE */;
/*!40014 SET FOREIGN_KEY_CHECKS=@OLD_FOREIGN_KEY_CHECKS */;
/*!40014 SET UNIQUE_CHECKS=@OLD_UNIQUE_CHECKS */;
/*!40101 SET CHARACTER_SET_CLIENT=@OLD_CHARACTER_SET_CLIENT */;
/*!40101 SET CHARACTER_SET_RESULTS=@OLD_CHARACTER_SET_RESULTS */;
/*!40101 SET COLLATION_CONNECTION=@OLD_COLLATION_CONNECTION */;
/*!40111 SET SQL_NOTES=@OLD_SQL_NOTES */;

-- Dump completed on 2016-06-21 15:49:26
